Activating virtual environment: /home/eyal.amdur/K2D/.venv
Starting Context Experiment Pipeline...
Job ID: 68054088
Project Root: /home/eyal.amdur/K2D

=== Data Verification ===
Using existing trajectories: /home/eyal.amdur/K2D/results/data/ground_truth_10.h5

=== Decision Transformers Training ===
DT Model already exists at: /home/eyal.amdur/K2D/results/models/DT/context/dt_model_ctx10.d3

--- Training DT with context_size=30 ---
2026-01-31 17:42:09,134 - INFO - Starting DT Training...
[2m2026-01-31 17:42.10[0m [[32m[1minfo     [0m] [1mSignatures have been automatically determined.[0m [36maction_signature[0m=[35mSignature(dtype=[dtype('int64')], shape=[(1,)])[0m [36mobservation_signature[0m=[35mSignature(dtype=[dtype('int32')], shape=[(6,)])[0m [36mreward_signature[0m=[35mSignature(dtype=[dtype('float64')], shape=[(1,)])[0m
[2m2026-01-31 17:42.10[0m [[32m[1minfo     [0m] [1mAction-space has been automatically determined.[0m [36maction_space[0m=[35m<ActionSpace.DISCRETE: 2>[0m
[2m2026-01-31 17:42.10[0m [[32m[1minfo     [0m] [1mAction size has been automatically determined.[0m [36maction_size[0m=[35m5[0m
2026-01-31 17:42:10,399 - INFO - Loaded dataset from /home/eyal.amdur/K2D/results/data/ground_truth_10.h5
[2m2026-01-31 17:42.10[0m [[32m[1minfo     [0m] [1mdataset info                  [0m [36mdataset_info[0m=[35mDatasetInfo(observation_signature=Signature(dtype=[dtype('int32')], shape=[(6,)]), action_signature=Signature(dtype=[dtype('int64')], shape=[(1,)]), reward_signature=Signature(dtype=[dtype('float64')], shape=[(1,)]), action_space=<ActionSpace.DISCRETE: 2>, action_size=5)[0m
[2m2026-01-31 17:42.10[0m [[32m[1mdebug    [0m] [1mBuilding models...            [0m
[2m2026-01-31 17:42.10[0m [[32m[1mdebug    [0m] [1mModels have been built.       [0m
[2m2026-01-31 17:42.10[0m [[32m[1minfo     [0m] [1mDirectory is created at logs/context/dt_ctx30/DiscreteDecisionTransformer_20260131174210[0m
[2m2026-01-31 17:42.10[0m [[32m[1minfo     [0m] [1mParameters                    [0m [36mparams[0m=[35m{'observation_shape': [6], 'action_size': 5, 'config': {'type': 'discrete_decision_transformer', 'params': {'batch_size': 64, 'gamma': 0.99, 'observation_scaler': {'type': 'none', 'params': {}}, 'action_scaler': {'type': 'none', 'params': {}}, 'reward_scaler': {'type': 'none', 'params': {}}, 'compile_graph': False, 'context_size': 30, 'max_timestep': 1000, 'learning_rate': 0.0001, 'encoder_factory': {'type': 'default', 'params': {'activation': 'relu', 'use_batch_norm': False, 'dropout_rate': None}}, 'optim_factory': {'type': 'adam', 'params': {'clip_grad_norm': None, 'lr_scheduler_factory': {'type': 'none', 'params': {}}, 'betas': [0.9, 0.999], 'eps': 1e-08, 'weight_decay': 0, 'amsgrad': False}}, 'num_heads': 8, 'num_layers': 6, 'attn_dropout': 0.1, 'resid_dropout': 0.1, 'embed_dropout': 0.1, 'activation_type': 'gelu', 'embed_activation_type': 'tanh', 'position_encoding_type': <PositionEncodingType.GLOBAL: 'global'>, 'warmup_tokens': 10240, 'final_tokens': 30000000}}}[0m
[2m2026-01-31 17:47.25[0m [[32m[1minfo     [0m] [1mDiscreteDecisionTransformer_20260131174210: epoch=1 step=100[0m [36mepoch[0m=[35m1[0m [36mmetrics[0m=[35m{'time_sample_batch': 0.008934071063995361, 'time_algorithm_update': 3.1404822421073915, 'loss': 0.1825796215236187, 'learning_rate': 9.669160329295775e-05, 'time_step': 3.1495078587532044}[0m [36mstep[0m=[35m100[0m
[2m2026-01-31 17:47.26[0m [[32m[1minfo     [0m] [1mModel parameters are saved to logs/context/dt_ctx30/DiscreteDecisionTransformer_20260131174210/model_100.d3[0m
[2m2026-01-31 17:52.40[0m [[32m[1minfo     [0m] [1mDiscreteDecisionTransformer_20260131174210: epoch=2 step=200[0m [36mepoch[0m=[35m2[0m [36mmetrics[0m=[35m{'time_sample_batch': 0.00825489044189453, 'time_algorithm_update': 3.131113486289978, 'loss': 0.022321963836438953, 'learning_rate': 9.998845889964393e-05, 'time_step': 3.139451823234558}[0m [36mstep[0m=[35m200[0m
[2m2026-01-31 17:52.40[0m [[32m[1minfo     [0m] [1mModel parameters are saved to logs/context/dt_ctx30/DiscreteDecisionTransformer_20260131174210/model_200.d3[0m
[2m2026-01-31 17:57.54[0m [[32m[1minfo     [0m] [1mDiscreteDecisionTransformer_20260131174210: epoch=3 step=300[0m [36mepoch[0m=[35m3[0m [36mmetrics[0m=[35m{'time_sample_batch': 0.00993623971939087, 'time_algorithm_update': 3.1291131281852724, 'loss': 0.006156605309806764, 'learning_rate': 9.996765012357478e-05, 'time_step': 3.139135091304779}[0m [36mstep[0m=[35m300[0m
[2m2026-01-31 17:57.55[0m [[32m[1minfo     [0m] [1mModel parameters are saved to logs/context/dt_ctx30/DiscreteDecisionTransformer_20260131174210/model_300.d3[0m
[2m2026-01-31 18:03.09[0m [[32m[1minfo     [0m] [1mDiscreteDecisionTransformer_20260131174210: epoch=4 step=400[0m [36mepoch[0m=[35m4[0m [36mmetrics[0m=[35m{'time_sample_batch': 0.009837288856506348, 'time_algorithm_update': 3.130566532611847, 'loss': 0.003717416876461357, 'learning_rate': 9.99361896342615e-05, 'time_step': 3.1404922127723696}[0m [36mstep[0m=[35m400[0m
[2m2026-01-31 18:03.09[0m [[32m[1minfo     [0m] [1mModel parameters are saved to logs/context/dt_ctx30/DiscreteDecisionTransformer_20260131174210/model_400.d3[0m
[2m2026-01-31 18:08.23[0m [[32m[1minfo     [0m] [1mDiscreteDecisionTransformer_20260131174210: epoch=5 step=500[0m [36mepoch[0m=[35m5[0m [36mmetrics[0m=[35m{'time_sample_batch': 0.010647878646850586, 'time_algorithm_update': 3.1279233384132383, 'loss': 0.0022391610022168607, 'learning_rate': 9.989394976210474e-05, 'time_step': 3.138659875392914}[0m [36mstep[0m=[35m500[0m
[2m2026-01-31 18:08.24[0m [[32m[1minfo     [0m] [1mModel parameters are saved to logs/context/dt_ctx30/DiscreteDecisionTransformer_20260131174210/model_500.d3[0m
[2m2026-01-31 18:13.37[0m [[32m[1minfo     [0m] [1mDiscreteDecisionTransformer_20260131174210: epoch=6 step=600[0m [36mepoch[0m=[35m6[0m [36mmetrics[0m=[35m{'time_sample_batch': 0.007711875438690186, 'time_algorithm_update': 3.1296847915649413, 'loss': 0.002329779389547184, 'learning_rate': 9.984169799496511e-05, 'time_step': 3.1374836063385008}[0m [36mstep[0m=[35m600[0m
[2m2026-01-31 18:13.38[0m [[32m[1minfo     [0m] [1mModel parameters are saved to logs/context/dt_ctx30/DiscreteDecisionTransformer_20260131174210/model_600.d3[0m
[2m2026-01-31 18:18.52[0m [[32m[1minfo     [0m] [1mDiscreteDecisionTransformer_20260131174210: epoch=7 step=700[0m [36mepoch[0m=[35m7[0m [36mmetrics[0m=[35m{'time_sample_batch': 0.010238344669342042, 'time_algorithm_update': 3.131413803100586, 'loss': 0.0014679574861656873, 'learning_rate': 9.97786427981631e-05, 'time_step': 3.1417425966262815}[0m [36mstep[0m=[35m700[0m
[2m2026-01-31 18:18.53[0m [[32m[1minfo     [0m] [1mModel parameters are saved to logs/context/dt_ctx30/DiscreteDecisionTransformer_20260131174210/model_700.d3[0m
[2m2026-01-31 18:24.07[0m [[32m[1minfo     [0m] [1mDiscreteDecisionTransformer_20260131174210: epoch=8 step=800[0m [36mepoch[0m=[35m8[0m [36mmetrics[0m=[35m{'time_sample_batch': 0.009775705337524414, 'time_algorithm_update': 3.1302792763710023, 'loss': 0.0018013052310561762, 'learning_rate': 9.970514337185955e-05, 'time_step': 3.1401459884643557}[0m [36mstep[0m=[35m800[0m
[2m2026-01-31 18:24.07[0m [[32m[1minfo     [0m] [1mModel parameters are saved to logs/context/dt_ctx30/DiscreteDecisionTransformer_20260131174210/model_800.d3[0m
[2m2026-01-31 18:29.22[0m [[32m[1minfo     [0m] [1mDiscreteDecisionTransformer_20260131174210: epoch=9 step=900[0m [36mepoch[0m=[35m9[0m [36mmetrics[0m=[35m{'time_sample_batch': 0.008558542728424072, 'time_algorithm_update': 3.135615327358246, 'loss': 0.0007771199138369412, 'learning_rate': 9.962112874810719e-05, 'time_step': 3.1442585468292235}[0m [36mstep[0m=[35m900[0m
[2m2026-01-31 18:29.22[0m [[32m[1minfo     [0m] [1mModel parameters are saved to logs/context/dt_ctx30/DiscreteDecisionTransformer_20260131174210/model_900.d3[0m
[2m2026-01-31 18:34.37[0m [[32m[1minfo     [0m] [1mDiscreteDecisionTransformer_20260131174210: epoch=10 step=1000[0m [36mepoch[0m=[35m10[0m [36mmetrics[0m=[35m{'time_sample_batch': 0.009577226638793946, 'time_algorithm_update': 3.137304425239563, 'loss': 0.0005635494156740606, 'learning_rate': 9.952594550619643e-05, 'time_step': 3.146972303390503}[0m [36mstep[0m=[35m1000[0m
[2m2026-01-31 18:34.37[0m [[32m[1minfo     [0m] [1mModel parameters are saved to logs/context/dt_ctx30/DiscreteDecisionTransformer_20260131174210/model_1000.d3[0m
2026-01-31 18:34:37,933 - INFO - Saved DT model to /home/eyal.amdur/K2D/results/models/DT/context/dt_model_ctx30.d3
DT Model trained and saved to: /home/eyal.amdur/K2D/results/models/DT/context/dt_model_ctx30.d3

--- Training DT with context_size=60 ---
2026-01-31 18:34:37,937 - INFO - Starting DT Training...
[2m2026-01-31 18:34.38[0m [[32m[1minfo     [0m] [1mSignatures have been automatically determined.[0m [36maction_signature[0m=[35mSignature(dtype=[dtype('int64')], shape=[(1,)])[0m [36mobservation_signature[0m=[35mSignature(dtype=[dtype('int32')], shape=[(6,)])[0m [36mreward_signature[0m=[35mSignature(dtype=[dtype('float64')], shape=[(1,)])[0m
[2m2026-01-31 18:34.38[0m [[32m[1minfo     [0m] [1mAction-space has been automatically determined.[0m [36maction_space[0m=[35m<ActionSpace.DISCRETE: 2>[0m
[2m2026-01-31 18:34.38[0m [[32m[1minfo     [0m] [1mAction size has been automatically determined.[0m [36maction_size[0m=[35m5[0m
2026-01-31 18:34:38,982 - INFO - Loaded dataset from /home/eyal.amdur/K2D/results/data/ground_truth_10.h5
[2m2026-01-31 18:34.38[0m [[32m[1minfo     [0m] [1mdataset info                  [0m [36mdataset_info[0m=[35mDatasetInfo(observation_signature=Signature(dtype=[dtype('int32')], shape=[(6,)]), action_signature=Signature(dtype=[dtype('int64')], shape=[(1,)]), reward_signature=Signature(dtype=[dtype('float64')], shape=[(1,)]), action_space=<ActionSpace.DISCRETE: 2>, action_size=5)[0m
[2m2026-01-31 18:34.38[0m [[32m[1mdebug    [0m] [1mBuilding models...            [0m
[2m2026-01-31 18:34.39[0m [[32m[1mdebug    [0m] [1mModels have been built.       [0m
[2m2026-01-31 18:34.39[0m [[32m[1minfo     [0m] [1mDirectory is created at logs/context/dt_ctx60/DiscreteDecisionTransformer_20260131183439[0m
[2m2026-01-31 18:34.39[0m [[32m[1minfo     [0m] [1mParameters                    [0m [36mparams[0m=[35m{'observation_shape': [6], 'action_size': 5, 'config': {'type': 'discrete_decision_transformer', 'params': {'batch_size': 64, 'gamma': 0.99, 'observation_scaler': {'type': 'none', 'params': {}}, 'action_scaler': {'type': 'none', 'params': {}}, 'reward_scaler': {'type': 'none', 'params': {}}, 'compile_graph': False, 'context_size': 60, 'max_timestep': 1000, 'learning_rate': 0.0001, 'encoder_factory': {'type': 'default', 'params': {'activation': 'relu', 'use_batch_norm': False, 'dropout_rate': None}}, 'optim_factory': {'type': 'adam', 'params': {'clip_grad_norm': None, 'lr_scheduler_factory': {'type': 'none', 'params': {}}, 'betas': [0.9, 0.999], 'eps': 1e-08, 'weight_decay': 0, 'amsgrad': False}}, 'num_heads': 8, 'num_layers': 6, 'attn_dropout': 0.1, 'resid_dropout': 0.1, 'embed_dropout': 0.1, 'activation_type': 'gelu', 'embed_activation_type': 'tanh', 'position_encoding_type': <PositionEncodingType.GLOBAL: 'global'>, 'warmup_tokens': 10240, 'final_tokens': 30000000}}}[0m
[2m2026-01-31 18:48.54[0m [[32m[1minfo     [0m] [1mDiscreteDecisionTransformer_20260131183439: epoch=1 step=100[0m [36mepoch[0m=[35m1[0m [36mmetrics[0m=[35m{'time_sample_batch': 0.018483948707580567, 'time_algorithm_update': 8.532669923305512, 'loss': 0.1594786537438631, 'learning_rate': 9.749467906297969e-05, 'time_step': 8.55126894235611}[0m [36mstep[0m=[35m100[0m
[2m2026-01-31 18:48.55[0m [[32m[1minfo     [0m] [1mModel parameters are saved to logs/context/dt_ctx60/DiscreteDecisionTransformer_20260131183439/model_100.d3[0m
[2m2026-01-31 19:03.10[0m [[32m[1minfo     [0m] [1mDiscreteDecisionTransformer_20260131183439: epoch=2 step=200[0m [36mepoch[0m=[35m2[0m [36mmetrics[0m=[35m{'time_sample_batch': 0.015873064994812013, 'time_algorithm_update': 8.533162488937378, 'loss': 0.014577642166987061, 'learning_rate': 9.998231921501188e-05, 'time_step': 8.549151093959809}[0m [36mstep[0m=[35m200[0m
[2m2026-01-31 19:03.10[0m [[32m[1minfo     [0m] [1mModel parameters are saved to logs/context/dt_ctx60/DiscreteDecisionTransformer_20260131183439/model_200.d3[0m
[2m2026-01-31 19:17.09[0m [[32m[1minfo     [0m] [1mDiscreteDecisionTransformer_20260131183439: epoch=3 step=300[0m [36mepoch[0m=[35m3[0m [36mmetrics[0m=[35m{'time_sample_batch': 0.015959148406982423, 'time_algorithm_update': 8.370962526798248, 'loss': 0.004610913330689073, 'learning_rate': 9.995046662702873e-05, 'time_step': 8.387029156684875}[0m [36mstep[0m=[35m300[0m
[2m2026-01-31 19:17.09[0m [[32m[1minfo     [0m] [1mModel parameters are saved to logs/context/dt_ctx60/DiscreteDecisionTransformer_20260131183439/model_300.d3[0m
[2m2026-01-31 19:31.07[0m [[32m[1minfo     [0m] [1mDiscreteDecisionTransformer_20260131183439: epoch=4 step=400[0m [36mepoch[0m=[35m4[0m [36mmetrics[0m=[35m{'time_sample_batch': 0.01518695592880249, 'time_algorithm_update': 8.360379564762116, 'loss': 0.002622618288733065, 'learning_rate': 9.990201521026713e-05, 'time_step': 8.375676455497741}[0m [36mstep[0m=[35m400[0m
[2m2026-01-31 19:31.08[0m [[32m[1minfo     [0m] [1mModel parameters are saved to logs/context/dt_ctx60/DiscreteDecisionTransformer_20260131183439/model_400.d3[0m
[2m2026-01-31 19:45.06[0m [[32m[1minfo     [0m] [1mDiscreteDecisionTransformer_20260131183439: epoch=5 step=500[0m [36mepoch[0m=[35m5[0m [36mmetrics[0m=[35m{'time_sample_batch': 0.013915715217590332, 'time_algorithm_update': 8.36554535150528, 'loss': 0.0020281261089257897, 'learning_rate': 9.983741554816367e-05, 'time_step': 8.379575724601745}[0m [36mstep[0m=[35m500[0m
[2m2026-01-31 19:45.06[0m [[32m[1minfo     [0m] [1mModel parameters are saved to logs/context/dt_ctx60/DiscreteDecisionTransformer_20260131183439/model_500.d3[0m
[2m2026-01-31 19:59.03[0m [[32m[1minfo     [0m] [1mDiscreteDecisionTransformer_20260131183439: epoch=6 step=600[0m [36mepoch[0m=[35m6[0m [36mmetrics[0m=[35m{'time_sample_batch': 0.012269363403320313, 'time_algorithm_update': 8.356708996295929, 'loss': 0.001320757222129032, 'learning_rate': 9.9756850013842e-05, 'time_step': 8.3690816116333}[0m [36mstep[0m=[35m600[0m
[2m2026-01-31 19:59.04[0m [[32m[1minfo     [0m] [1mModel parameters are saved to logs/context/dt_ctx60/DiscreteDecisionTransformer_20260131183439/model_600.d3[0m
[2m2026-01-31 20:13.01[0m [[32m[1minfo     [0m] [1mDiscreteDecisionTransformer_20260131183439: epoch=7 step=700[0m [36mepoch[0m=[35m7[0m [36mmetrics[0m=[35m{'time_sample_batch': 0.012740933895111084, 'time_algorithm_update': 8.361371848583222, 'loss': 0.001242353826528415, 'learning_rate': 9.96593285662646e-05, 'time_step': 8.374224984645844}[0m [36mstep[0m=[35m700[0m
[2m2026-01-31 20:13.02[0m [[32m[1minfo     [0m] [1mModel parameters are saved to logs/context/dt_ctx60/DiscreteDecisionTransformer_20260131183439/model_700.d3[0m
[2m2026-01-31 20:27.00[0m [[32m[1minfo     [0m] [1mDiscreteDecisionTransformer_20260131183439: epoch=8 step=800[0m [36mepoch[0m=[35m8[0m [36mmetrics[0m=[35m{'time_sample_batch': 0.011351544857025147, 'time_algorithm_update': 8.376328310966493, 'loss': 0.0015323978912783786, 'learning_rate': 9.954520456667695e-05, 'time_step': 8.387792840003968}[0m [36mstep[0m=[35m800[0m
[2m2026-01-31 20:27.01[0m [[32m[1minfo     [0m] [1mModel parameters are saved to logs/context/dt_ctx60/DiscreteDecisionTransformer_20260131183439/model_800.d3[0m
[2m2026-01-31 20:41.01[0m [[32m[1minfo     [0m] [1mDiscreteDecisionTransformer_20260131183439: epoch=9 step=900[0m [36mepoch[0m=[35m9[0m [36mmetrics[0m=[35m{'time_sample_batch': 0.012978947162628174, 'time_algorithm_update': 8.38385933637619, 'loss': 0.0014945544209331275, 'learning_rate': 9.941536801422854e-05, 'time_step': 8.396951761245727}[0m [36mstep[0m=[35m900[0m
[2m2026-01-31 20:41.01[0m [[32m[1minfo     [0m] [1mModel parameters are saved to logs/context/dt_ctx60/DiscreteDecisionTransformer_20260131183439/model_900.d3[0m
[2m2026-01-31 20:54.57[0m [[32m[1minfo     [0m] [1mDiscreteDecisionTransformer_20260131183439: epoch=10 step=1000[0m [36mepoch[0m=[35m10[0m [36mmetrics[0m=[35m{'time_sample_batch': 0.012456262111663818, 'time_algorithm_update': 8.344607934951782, 'loss': 0.0005467154417419806, 'learning_rate': 9.927052435334021e-05, 'time_step': 8.357181684970856}[0m [36mstep[0m=[35m1000[0m
[2m2026-01-31 20:54.57[0m [[32m[1minfo     [0m] [1mModel parameters are saved to logs/context/dt_ctx60/DiscreteDecisionTransformer_20260131183439/model_1000.d3[0m
2026-01-31 20:54:58,057 - INFO - Saved DT model to /home/eyal.amdur/K2D/results/models/DT/context/dt_model_ctx60.d3
DT Model trained and saved to: /home/eyal.amdur/K2D/results/models/DT/context/dt_model_ctx60.d3

=== Evaluation ===

Evaluating dt_ctx10...
2026-01-31 20:54:58,225 - INFO - Loaded DT model from /home/eyal.amdur/K2D/results/models/DT/context/dt_model_ctx10.d3
Room 0 | has_key=0
+---+---+---+---+---+---+---+---+---+---+
| . | K | . | . | . | . | . | . | . | . |
+---+---+---+---+---+---+---+---+---+---+
| . | . | . | . | . | . | . | . | . | . |
+---+---+---+---+---+---+---+---+---+---+
| . | . | . | . | . | . | . | . | . | . |
+---+---+---+---+---+---+---+---+---+---+
| . | . | . | . | . | . | . | . | . | . |
+---+---+---+---+---+---+---+---+---+---+
| . | . | . | . | . | . | . | . | . | . |
+---+---+---+---+---+---+---+---+---+---+
| . | . | . | . | . | . | . | . | . | . |
+---+---+---+---+---+---+---+---+---+---+
| . | . | . | . | . | . | . | . | . | . |
+---+---+---+---+---+---+---+---+---+---+
| . | . | . | . | . | . | . | . | . | . |
+---+---+---+---+---+---+---+---+---+---+
| . | . | . | . | . | . | . | . | . | . |
+---+---+---+---+---+---+---+---+---+---+
| A | . | . | . | . | . | . | . | . | . |
+---+---+---+---+---+---+---+---+---+---+
agent's action is:  up
Room 0 | has_key=0
+---+---+---+---+---+---+---+---+---+---+
| . | K | . | . | . | . | . | . | . | . |
+---+---+---+---+---+---+---+---+---+---+
| . | . | . | . | . | . | . | . | . | . |
+---+---+---+---+---+---+---+---+---+---+
| . | . | . | . | . | . | . | . | . | . |
+---+---+---+---+---+---+---+---+---+---+
| . | . | . | . | . | . | . | . | . | . |
+---+---+---+---+---+---+---+---+---+---+
| . | . | . | . | . | . | . | . | . | . |
+---+---+---+---+---+---+---+---+---+---+
| . | . | . | . | . | . | . | . | . | . |
+---+---+---+---+---+---+---+---+---+---+
| . | . | . | . | . | . | . | . | . | . |
+---+---+---+---+---+---+---+---+---+---+
| . | . | . | . | . | . | . | . | . | . |
+---+---+---+---+---+---+---+---+---+---+
| A | . | . | . | . | . | . | . | . | . |
+---+---+---+---+---+---+---+---+---+---+
| . | . | . | . | . | . | . | . | . | . |
+---+---+---+---+---+---+---+---+---+---+
agent's action is:  up
Room 0 | has_key=0
+---+---+---+---+---+---+---+---+---+---+
| . | K | . | . | . | . | . | . | . | . |
+---+---+---+---+---+---+---+---+---+---+
| . | . | . | . | . | . | . | . | . | . |
+---+---+---+---+---+---+---+---+---+---+
| . | . | . | . | . | . | . | . | . | . |
+---+---+---+---+---+---+---+---+---+---+
| . | . | . | . | . | . | . | . | . | . |
+---+---+---+---+---+---+---+---+---+---+
| . | . | . | . | . | . | . | . | . | . |
+---+---+---+---+---+---+---+---+---+---+
| . | . | . | . | . | . | . | . | . | . |
+---+---+---+---+---+---+---+---+---+---+
| . | . | . | . | . | . | . | . | . | . |
+---+---+---+---+---+---+---+---+---+---+
| A | . | . | . | . | . | . | . | . | . |
+---+---+---+---+---+---+---+---+---+---+
| . | . | . | . | . | . | . | . | . | . |
+---+---+---+---+---+---+---+---+---+---+
| . | . | . | . | . | . | . | . | . | . |
+---+---+---+---+---+---+---+---+---+---+
agent's action is:  up
Room 0 | has_key=0
+---+---+---+---+---+---+---+---+---+---+
| . | K | . | . | . | . | . | . | . | . |
+---+---+---+---+---+---+---+---+---+---+
| . | . | . | . | . | . | . | . | . | . |
+---+---+---+---+---+---+---+---+---+---+
| . | . | . | . | . | . | . | . | . | . |
+---+---+---+---+---+---+---+---+---+---+
| . | . | . | . | . | . | . | . | . | . |
+---+---+---+---+---+---+---+---+---+---+
| . | . | . | . | . | . | . | . | . | . |
+---+---+---+---+---+---+---+---+---+---+
| . | . | . | . | . | . | . | . | . | . |
+---+---+---+---+---+---+---+---+---+---+
| A | . | . | . | . | . | . | . | . | . |
+---+---+---+---+---+---+---+---+---+---+
| . | . | . | . | . | . | . | . | . | . |
+---+---+---+---+---+---+---+---+---+---+
| . | . | . | . | . | . | . | . | . | . |
+---+---+---+---+---+---+---+---+---+---+
| . | . | . | . | . | . | . | . | . | . |
+---+---+---+---+---+---+---+---+---+---+
agent's action is:  up
Room 0 | has_key=0
+---+---+---+---+---+---+---+---+---+---+
| . | K | . | . | . | . | . | . | . | . |
+---+---+---+---+---+---+---+---+---+---+
| . | . | . | . | . | . | . | . | . | . |
+---+---+---+---+---+---+---+---+---+---+
| . | . | . | . | . | . | . | . | . | . |
+---+---+---+---+---+---+---+---+---+---+
| . | . | . | . | . | . | . | . | . | . |
+---+---+---+---+---+---+---+---+---+---+
| . | . | . | . | . | . | . | . | . | . |
+---+---+---+---+---+---+---+---+---+---+
| A | . | . | . | . | . | . | . | . | . |
+---+---+---+---+---+---+---+---+---+---+
| . | . | . | . | . | . | . | . | . | . |
+---+---+---+---+---+---+---+---+---+---+
| . | . | . | . | . | . | . | . | . | . |
+---+---+---+---+---+---+---+---+---+---+
| . | . | . | . | . | . | . | . | . | . |
+---+---+---+---+---+---+---+---+---+---+
| . | . | . | . | . | . | . | . | . | . |
+---+---+---+---+---+---+---+---+---+---+
agent's action is:  up
Room 0 | has_key=0
+---+---+---+---+---+---+---+---+---+---+
| . | K | . | . | . | . | . | . | . | . |
+---+---+---+---+---+---+---+---+---+---+
| . | . | . | . | . | . | . | . | . | . |
+---+---+---+---+---+---+---+---+---+---+
| . | . | . | . | . | . | . | . | . | . |
+---+---+---+---+---+---+---+---+---+---+
| . | . | . | . | . | . | . | . | . | . |
+---+---+---+---+---+---+---+---+---+---+
| A | . | . | . | . | . | . | . | . | . |
+---+---+---+---+---+---+---+---+---+---+
| . | . | . | . | . | . | . | . | . | . |
+---+---+---+---+---+---+---+---+---+---+
| . | . | . | . | . | . | . | . | . | . |
+---+---+---+---+---+---+---+---+---+---+
| . | . | . | . | . | . | . | . | . | . |
+---+---+---+---+---+---+---+---+---+---+
| . | . | . | . | . | . | . | . | . | . |
+---+---+---+---+---+---+---+---+---+---+
| . | . | . | . | . | . | . | . | . | . |
+---+---+---+---+---+---+---+---+---+---+
agent's action is:  up
Room 0 | has_key=0
+---+---+---+---+---+---+---+---+---+---+
| . | K | . | . | . | . | . | . | . | . |
+---+---+---+---+---+---+---+---+---+---+
| . | . | . | . | . | . | . | . | . | . |
+---+---+---+---+---+---+---+---+---+---+
| . | . | . | . | . | . | . | . | . | . |
+---+---+---+---+---+---+---+---+---+---+
| A | . | . | . | . | . | . | . | . | . |
+---+---+---+---+---+---+---+---+---+---+
| . | . | . | . | . | . | . | . | . | . |
+---+---+---+---+---+---+---+---+---+---+
| . | . | . | . | . | . | . | . | . | . |
+---+---+---+---+---+---+---+---+---+---+
| . | . | . | . | . | . | . | . | . | . |
+---+---+---+---+---+---+---+---+---+---+
| . | . | . | . | . | . | . | . | . | . |
+---+---+---+---+---+---+---+---+---+---+
| . | . | . | . | . | . | . | . | . | . |
+---+---+---+---+---+---+---+---+---+---+
| . | . | . | . | . | . | . | . | . | . |
+---+---+---+---+---+---+---+---+---+---+
agent's action is:  up
Room 0 | has_key=0
+---+---+---+---+---+---+---+---+---+---+
| . | K | . | . | . | . | . | . | . | . |
+---+---+---+---+---+---+---+---+---+---+
| . | . | . | . | . | . | . | . | . | . |
+---+---+---+---+---+---+---+---+---+---+
| A | . | . | . | . | . | . | . | . | . |
+---+---+---+---+---+---+---+---+---+---+
| . | . | . | . | . | . | . | . | . | . |
+---+---+---+---+---+---+---+---+---+---+
| . | . | . | . | . | . | . | . | . | . |
+---+---+---+---+---+---+---+---+---+---+
| . | . | . | . | . | . | . | . | . | . |
+---+---+---+---+---+---+---+---+---+---+
| . | . | . | . | . | . | . | . | . | . |
+---+---+---+---+---+---+---+---+---+---+
| . | . | . | . | . | . | . | . | . | . |
+---+---+---+---+---+---+---+---+---+---+
| . | . | . | . | . | . | . | . | . | . |
+---+---+---+---+---+---+---+---+---+---+
| . | . | . | . | . | . | . | . | . | . |
+---+---+---+---+---+---+---+---+---+---+
agent's action is:  up
Room 0 | has_key=0
+---+---+---+---+---+---+---+---+---+---+
| . | K | . | . | . | . | . | . | . | . |
+---+---+---+---+---+---+---+---+---+---+
| A | . | . | . | . | . | . | . | . | . |
+---+---+---+---+---+---+---+---+---+---+
| . | . | . | . | . | . | . | . | . | . |
+---+---+---+---+---+---+---+---+---+---+
| . | . | . | . | . | . | . | . | . | . |
+---+---+---+---+---+---+---+---+---+---+
| . | . | . | . | . | . | . | . | . | . |
+---+---+---+---+---+---+---+---+---+---+
| . | . | . | . | . | . | . | . | . | . |
+---+---+---+---+---+---+---+---+---+---+
| . | . | . | . | . | . | . | . | . | . |
+---+---+---+---+---+---+---+---+---+---+
| . | . | . | . | . | . | . | . | . | . |
+---+---+---+---+---+---+---+---+---+---+
| . | . | . | . | . | . | . | . | . | . |
+---+---+---+---+---+---+---+---+---+---+
| . | . | . | . | . | . | . | . | . | . |
+---+---+---+---+---+---+---+---+---+---+
agent's action is:  up
Room 0 | has_key=0
+---+---+---+---+---+---+---+---+---+---+
| A | K | . | . | . | . | . | . | . | . |
+---+---+---+---+---+---+---+---+---+---+
| . | . | . | . | . | . | . | . | . | . |
+---+---+---+---+---+---+---+---+---+---+
| . | . | . | . | . | . | . | . | . | . |
+---+---+---+---+---+---+---+---+---+---+
| . | . | . | . | . | . | . | . | . | . |
+---+---+---+---+---+---+---+---+---+---+
| . | . | . | . | . | . | . | . | . | . |
+---+---+---+---+---+---+---+---+---+---+
| . | . | . | . | . | . | . | . | . | . |
+---+---+---+---+---+---+---+---+---+---+
| . | . | . | . | . | . | . | . | . | . |
+---+---+---+---+---+---+---+---+---+---+
| . | . | . | . | . | . | . | . | . | . |
+---+---+---+---+---+---+---+---+---+---+
| . | . | . | . | . | . | . | . | . | . |
+---+---+---+---+---+---+---+---+---+---+
| . | . | . | . | . | . | . | . | . | . |
+---+---+---+---+---+---+---+---+---+---+
agent's action is:  right
Room 0 | has_key=0
+---+---+---+---+---+---+---+---+---+---+
| . | A | . | . | . | . | . | . | . | . |
+---+---+---+---+---+---+---+---+---+---+
| . | . | . | . | . | . | . | . | . | . |
+---+---+---+---+---+---+---+---+---+---+
| . | . | . | . | . | . | . | . | . | . |
+---+---+---+---+---+---+---+---+---+---+
| . | . | . | . | . | . | . | . | . | . |
+---+---+---+---+---+---+---+---+---+---+
| . | . | . | . | . | . | . | . | . | . |
+---+---+---+---+---+---+---+---+---+---+
| . | . | . | . | . | . | . | . | . | . |
+---+---+---+---+---+---+---+---+---+---+
| . | . | . | . | . | . | . | . | . | . |
+---+---+---+---+---+---+---+---+---+---+
| . | . | . | . | . | . | . | . | . | . |
+---+---+---+---+---+---+---+---+---+---+
| . | . | . | . | . | . | . | . | . | . |
+---+---+---+---+---+---+---+---+---+---+
| . | . | . | . | . | . | . | . | . | . |
+---+---+---+---+---+---+---+---+---+---+
agent's action is:  pick up key
Room 0 | has_key=1
+---+---+---+---+---+---+---+---+---+---+
| . | A | . | . | . | . | . | . | . | . |
+---+---+---+---+---+---+---+---+---+---+
| . | . | . | . | . | . | . | . | . | . |
+---+---+---+---+---+---+---+---+---+---+
| . | . | . | . | . | . | . | . | . | . |
+---+---+---+---+---+---+---+---+---+---+
| . | . | . | . | . | . | . | . | . | . |
+---+---+---+---+---+---+---+---+---+---+
| . | . | . | . | . | . | . | . | . | . |
+---+---+---+---+---+---+---+---+---+---+
| . | . | . | . | . | . | . | . | . | . |
+---+---+---+---+---+---+---+---+---+---+
| . | . | . | . | . | . | . | . | . | . |
+---+---+---+---+---+---+---+---+---+---+
| . | . | . | . | . | . | . | . | . | . |
+---+---+---+---+---+---+---+---+---+---+
| . | . | . | . | . | . | . | . | . | . |
+---+---+---+---+---+---+---+---+---+---+
| . | . | . | . | . | . | . | . | . | . |
+---+---+---+---+---+---+---+---+---+---+
agent's action is:  up
Room 0 | has_key=1
+---+---+---+---+---+---+---+---+---+---+
| . | A | . | . | . | . | . | . | . | . |
+---+---+---+---+---+---+---+---+---+---+
| . | . | . | . | . | . | . | . | . | . |
+---+---+---+---+---+---+---+---+---+---+
| . | . | . | . | . | . | . | . | . | . |
+---+---+---+---+---+---+---+---+---+---+
| . | . | . | . | . | . | . | . | . | . |
+---+---+---+---+---+---+---+---+---+---+
| . | . | . | . | . | . | . | . | . | . |
+---+---+---+---+---+---+---+---+---+---+
| . | . | . | . | . | . | . | . | . | . |
+---+---+---+---+---+---+---+---+---+---+
| . | . | . | . | . | . | . | . | . | . |
+---+---+---+---+---+---+---+---+---+---+
| . | . | . | . | . | . | . | . | . | . |
+---+---+---+---+---+---+---+---+---+---+
| . | . | . | . | . | . | . | . | . | . |
+---+---+---+---+---+---+---+---+---+---+
| . | . | . | . | . | . | . | . | . | . |
+---+---+---+---+---+---+---+---+---+---+
agent's action is:  up
Room 0 | has_key=1
+---+---+---+---+---+---+---+---+---+---+
| . | A | . | . | . | . | . | . | . | . |
+---+---+---+---+---+---+---+---+---+---+
| . | . | . | . | . | . | . | . | . | . |
+---+---+---+---+---+---+---+---+---+---+
| . | . | . | . | . | . | . | . | . | . |
+---+---+---+---+---+---+---+---+---+---+
| . | . | . | . | . | . | . | . | . | . |
+---+---+---+---+---+---+---+---+---+---+
| . | . | . | . | . | . | . | . | . | . |
+---+---+---+---+---+---+---+---+---+---+
| . | . | . | . | . | . | . | . | . | . |
+---+---+---+---+---+---+---+---+---+---+
| . | . | . | . | . | . | . | . | . | . |
+---+---+---+---+---+---+---+---+---+---+
| . | . | . | . | . | . | . | . | . | . |
+---+---+---+---+---+---+---+---+---+---+
| . | . | . | . | . | . | . | . | . | . |
+---+---+---+---+---+---+---+---+---+---+
| . | . | . | . | . | . | . | . | . | . |
+---+---+---+---+---+---+---+---+---+---+
agent's action is:  up
Room 0 | has_key=1
+---+---+---+---+---+---+---+---+---+---+
| . | A | . | . | . | . | . | . | . | . |
+---+---+---+---+---+---+---+---+---+---+
| . | . | . | . | . | . | . | . | . | . |
+---+---+---+---+---+---+---+---+---+---+
| . | . | . | . | . | . | . | . | . | . |
+---+---+---+---+---+---+---+---+---+---+
| . | . | . | . | . | . | . | . | . | . |
+---+---+---+---+---+---+---+---+---+---+
| . | . | . | . | . | . | . | . | . | . |
+---+---+---+---+---+---+---+---+---+---+
| . | . | . | . | . | . | . | . | . | . |
+---+---+---+---+---+---+---+---+---+---+
| . | . | . | . | . | . | . | . | . | . |
+---+---+---+---+---+---+---+---+---+---+
| . | . | . | . | . | . | . | . | . | . |
+---+---+---+---+---+---+---+---+---+---+
| . | . | . | . | . | . | . | . | . | . |
+---+---+---+---+---+---+---+---+---+---+
| . | . | . | . | . | . | . | . | . | . |
+---+---+---+---+---+---+---+---+---+---+
agent's action is:  up
Room 0 | has_key=1
+---+---+---+---+---+---+---+---+---+---+
| . | A | . | . | . | . | . | . | . | . |
+---+---+---+---+---+---+---+---+---+---+
| . | . | . | . | . | . | . | . | . | . |
+---+---+---+---+---+---+---+---+---+---+
| . | . | . | . | . | . | . | . | . | . |
+---+---+---+---+---+---+---+---+---+---+
| . | . | . | . | . | . | . | . | . | . |
+---+---+---+---+---+---+---+---+---+---+
| . | . | . | . | . | . | . | . | . | . |
+---+---+---+---+---+---+---+---+---+---+
| . | . | . | . | . | . | . | . | . | . |
+---+---+---+---+---+---+---+---+---+---+
| . | . | . | . | . | . | . | . | . | . |
+---+---+---+---+---+---+---+---+---+---+
| . | . | . | . | . | . | . | . | . | . |
+---+---+---+---+---+---+---+---+---+---+
| . | . | . | . | . | . | . | . | . | . |
+---+---+---+---+---+---+---+---+---+---+
| . | . | . | . | . | . | . | . | . | . |
+---+---+---+---+---+---+---+---+---+---+
agent's action is:  up
Room 0 | has_key=1
+---+---+---+---+---+---+---+---+---+---+
| . | A | . | . | . | . | . | . | . | . |
+---+---+---+---+---+---+---+---+---+---+
| . | . | . | . | . | . | . | . | . | . |
+---+---+---+---+---+---+---+---+---+---+
| . | . | . | . | . | . | . | . | . | . |
+---+---+---+---+---+---+---+---+---+---+
| . | . | . | . | . | . | . | . | . | . |
+---+---+---+---+---+---+---+---+---+---+
| . | . | . | . | . | . | . | . | . | . |
+---+---+---+---+---+---+---+---+---+---+
| . | . | . | . | . | . | . | . | . | . |
+---+---+---+---+---+---+---+---+---+---+
| . | . | . | . | . | . | . | . | . | . |
+---+---+---+---+---+---+---+---+---+---+
| . | . | . | . | . | . | . | . | . | . |
+---+---+---+---+---+---+---+---+---+---+
| . | . | . | . | . | . | . | . | . | . |
+---+---+---+---+---+---+---+---+---+---+
| . | . | . | . | . | . | . | . | . | . |
+---+---+---+---+---+---+---+---+---+---+
agent's action is:  up
Room 0 | has_key=1
+---+---+---+---+---+---+---+---+---+---+
| . | A | . | . | . | . | . | . | . | . |
+---+---+---+---+---+---+---+---+---+---+
| . | . | . | . | . | . | . | . | . | . |
+---+---+---+---+---+---+---+---+---+---+
| . | . | . | . | . | . | . | . | . | . |
+---+---+---+---+---+---+---+---+---+---+
| . | . | . | . | . | . | . | . | . | . |
+---+---+---+---+---+---+---+---+---+---+
| . | . | . | . | . | . | . | . | . | . |
+---+---+---+---+---+---+---+---+---+---+
| . | . | . | . | . | . | . | . | . | . |
+---+---+---+---+---+---+---+---+---+---+
| . | . | . | . | . | . | . | . | . | . |
+---+---+---+---+---+---+---+---+---+---+
| . | . | . | . | . | . | . | . | . | . |
+---+---+---+---+---+---+---+---+---+---+
| . | . | . | . | . | . | . | . | . | . |
+---+---+---+---+---+---+---+---+---+---+
| . | . | . | . | . | . | . | . | . | . |
+---+---+---+---+---+---+---+---+---+---+
agent's action is:  up
Room 0 | has_key=1
+---+---+---+---+---+---+---+---+---+---+
| . | A | . | . | . | . | . | . | . | . |
+---+---+---+---+---+---+---+---+---+---+
| . | . | . | . | . | . | . | . | . | . |
+---+---+---+---+---+---+---+---+---+---+
| . | . | . | . | . | . | . | . | . | . |
+---+---+---+---+---+---+---+---+---+---+
| . | . | . | . | . | . | . | . | . | . |
+---+---+---+---+---+---+---+---+---+---+
| . | . | . | . | . | . | . | . | . | . |
+---+---+---+---+---+---+---+---+---+---+
| . | . | . | . | . | . | . | . | . | . |
+---+---+---+---+---+---+---+---+---+---+
| . | . | . | . | . | . | . | . | . | . |
+---+---+---+---+---+---+---+---+---+---+
| . | . | . | . | . | . | . | . | . | . |
+---+---+---+---+---+---+---+---+---+---+
| . | . | . | . | . | . | . | . | . | . |
+---+---+---+---+---+---+---+---+---+---+
| . | . | . | . | . | . | . | . | . | . |
+---+---+---+---+---+---+---+---+---+---+
agent's action is:  up
Room 0 | has_key=1
+---+---+---+---+---+---+---+---+---+---+
| . | A | . | . | . | . | . | . | . | . |
+---+---+---+---+---+---+---+---+---+---+
| . | . | . | . | . | . | . | . | . | . |
+---+---+---+---+---+---+---+---+---+---+
| . | . | . | . | . | . | . | . | . | . |
+---+---+---+---+---+---+---+---+---+---+
| . | . | . | . | . | . | . | . | . | . |
+---+---+---+---+---+---+---+---+---+---+
| . | . | . | . | . | . | . | . | . | . |
+---+---+---+---+---+---+---+---+---+---+
| . | . | . | . | . | . | . | . | . | . |
+---+---+---+---+---+---+---+---+---+---+
| . | . | . | . | . | . | . | . | . | . |
+---+---+---+---+---+---+---+---+---+---+
| . | . | . | . | . | . | . | . | . | . |
+---+---+---+---+---+---+---+---+---+---+
| . | . | . | . | . | . | . | . | . | . |
+---+---+---+---+---+---+---+---+---+---+
| . | . | . | . | . | . | . | . | . | . |
+---+---+---+---+---+---+---+---+---+---+
agent's action is:  up
Room 1 | has_key=1
+---+---+---+---+---+---+---+---+---+---+
| . | . | . | . | . | . | . | . | . | . |
+---+---+---+---+---+---+---+---+---+---+
| . | . | . | . | . | . | . | . | . | . |
+---+---+---+---+---+---+---+---+---+---+
| . | . | . | . | . | . | . | . | . | . |
+---+---+---+---+---+---+---+---+---+---+
| . | . | . | . | . | . | . | . | . | . |
+---+---+---+---+---+---+---+---+---+---+
| . | . | . | . | . | . | . | . | . | . |
+---+---+---+---+---+---+---+---+---+---+
| . | . | . | . | . | . | . | . | . | . |
+---+---+---+---+---+---+---+---+---+---+
| . | . | . | . | . | . | . | . | . | . |
+---+---+---+---+---+---+---+---+---+---+
| . | . | . | . | . | . | . | . | . | . |
+---+---+---+---+---+---+---+---+---+---+
| . | . | . | . | . | . | . | . | . | . |
+---+---+---+---+---+---+---+---+---+---+
| A | . | . | . | . | . | . | . | . | . |
+---+---+---+---+---+---+---+---+---+---+
agent's action is:  up
Room 1 | has_key=1
+---+---+---+---+---+---+---+---+---+---+
| . | . | . | . | . | . | . | . | . | . |
+---+---+---+---+---+---+---+---+---+---+
| . | . | . | . | . | . | . | . | . | . |
+---+---+---+---+---+---+---+---+---+---+
| . | . | . | . | . | . | . | . | . | . |
+---+---+---+---+---+---+---+---+---+---+
| . | . | . | . | . | . | . | . | . | . |
+---+---+---+---+---+---+---+---+---+---+
| . | . | . | . | . | . | . | . | . | . |
+---+---+---+---+---+---+---+---+---+---+
| . | . | . | . | . | . | . | . | . | . |
+---+---+---+---+---+---+---+---+---+---+
| . | . | . | . | . | . | . | . | . | . |
+---+---+---+---+---+---+---+---+---+---+
| . | . | . | . | . | . | . | . | . | . |
+---+---+---+---+---+---+---+---+---+---+
| A | . | . | . | . | . | . | . | . | . |
+---+---+---+---+---+---+---+---+---+---+
| . | . | . | . | . | . | . | . | . | . |
+---+---+---+---+---+---+---+---+---+---+
agent's action is:  up
Room 1 | has_key=1
+---+---+---+---+---+---+---+---+---+---+
| . | . | . | . | . | . | . | . | . | . |
+---+---+---+---+---+---+---+---+---+---+
| . | . | . | . | . | . | . | . | . | . |
+---+---+---+---+---+---+---+---+---+---+
| . | . | . | . | . | . | . | . | . | . |
+---+---+---+---+---+---+---+---+---+---+
| . | . | . | . | . | . | . | . | . | . |
+---+---+---+---+---+---+---+---+---+---+
| . | . | . | . | . | . | . | . | . | . |
+---+---+---+---+---+---+---+---+---+---+
| . | . | . | . | . | . | . | . | . | . |
+---+---+---+---+---+---+---+---+---+---+
| . | . | . | . | . | . | . | . | . | . |
+---+---+---+---+---+---+---+---+---+---+
| A | . | . | . | . | . | . | . | . | . |
+---+---+---+---+---+---+---+---+---+---+
| . | . | . | . | . | . | . | . | . | . |
+---+---+---+---+---+---+---+---+---+---+
| . | . | . | . | . | . | . | . | . | . |
+---+---+---+---+---+---+---+---+---+---+
agent's action is:  up
Room 1 | has_key=1
+---+---+---+---+---+---+---+---+---+---+
| . | . | . | . | . | . | . | . | . | . |
+---+---+---+---+---+---+---+---+---+---+
| . | . | . | . | . | . | . | . | . | . |
+---+---+---+---+---+---+---+---+---+---+
| . | . | . | . | . | . | . | . | . | . |
+---+---+---+---+---+---+---+---+---+---+
| . | . | . | . | . | . | . | . | . | . |
+---+---+---+---+---+---+---+---+---+---+
| . | . | . | . | . | . | . | . | . | . |
+---+---+---+---+---+---+---+---+---+---+
| . | . | . | . | . | . | . | . | . | . |
+---+---+---+---+---+---+---+---+---+---+
| A | . | . | . | . | . | . | . | . | . |
+---+---+---+---+---+---+---+---+---+---+
| . | . | . | . | . | . | . | . | . | . |
+---+---+---+---+---+---+---+---+---+---+
| . | . | . | . | . | . | . | . | . | . |
+---+---+---+---+---+---+---+---+---+---+
| . | . | . | . | . | . | . | . | . | . |
+---+---+---+---+---+---+---+---+---+---+
agent's action is:  up
Room 1 | has_key=1
+---+---+---+---+---+---+---+---+---+---+
| . | . | . | . | . | . | . | . | . | . |
+---+---+---+---+---+---+---+---+---+---+
| . | . | . | . | . | . | . | . | . | . |
+---+---+---+---+---+---+---+---+---+---+
| . | . | . | . | . | . | . | . | . | . |
+---+---+---+---+---+---+---+---+---+---+
| . | . | . | . | . | . | . | . | . | . |
+---+---+---+---+---+---+---+---+---+---+
| . | . | . | . | . | . | . | . | . | . |
+---+---+---+---+---+---+---+---+---+---+
| A | . | . | . | . | . | . | . | . | . |
+---+---+---+---+---+---+---+---+---+---+
| . | . | . | . | . | . | . | . | . | . |
+---+---+---+---+---+---+---+---+---+---+
| . | . | . | . | . | . | . | . | . | . |
+---+---+---+---+---+---+---+---+---+---+
| . | . | . | . | . | . | . | . | . | . |
+---+---+---+---+---+---+---+---+---+---+
| . | . | . | . | . | . | . | . | . | . |
+---+---+---+---+---+---+---+---+---+---+
agent's action is:  up
Room 1 | has_key=1
+---+---+---+---+---+---+---+---+---+---+
| . | . | . | . | . | . | . | . | . | . |
+---+---+---+---+---+---+---+---+---+---+
| . | . | . | . | . | . | . | . | . | . |
+---+---+---+---+---+---+---+---+---+---+
| . | . | . | . | . | . | . | . | . | . |
+---+---+---+---+---+---+---+---+---+---+
| . | . | . | . | . | . | . | . | . | . |
+---+---+---+---+---+---+---+---+---+---+
| A | . | . | . | . | . | . | . | . | . |
+---+---+---+---+---+---+---+---+---+---+
| . | . | . | . | . | . | . | . | . | . |
+---+---+---+---+---+---+---+---+---+---+
| . | . | . | . | . | . | . | . | . | . |
+---+---+---+---+---+---+---+---+---+---+
| . | . | . | . | . | . | . | . | . | . |
+---+---+---+---+---+---+---+---+---+---+
| . | . | . | . | . | . | . | . | . | . |
+---+---+---+---+---+---+---+---+---+---+
| . | . | . | . | . | . | . | . | . | . |
+---+---+---+---+---+---+---+---+---+---+
agent's action is:  up
Room 1 | has_key=1
+---+---+---+---+---+---+---+---+---+---+
| . | . | . | . | . | . | . | . | . | . |
+---+---+---+---+---+---+---+---+---+---+
| . | . | . | . | . | . | . | . | . | . |
+---+---+---+---+---+---+---+---+---+---+
| . | . | . | . | . | . | . | . | . | . |
+---+---+---+---+---+---+---+---+---+---+
| A | . | . | . | . | . | . | . | . | . |
+---+---+---+---+---+---+---+---+---+---+
| . | . | . | . | . | . | . | . | . | . |
+---+---+---+---+---+---+---+---+---+---+
| . | . | . | . | . | . | . | . | . | . |
+---+---+---+---+---+---+---+---+---+---+
| . | . | . | . | . | . | . | . | . | . |
+---+---+---+---+---+---+---+---+---+---+
| . | . | . | . | . | . | . | . | . | . |
+---+---+---+---+---+---+---+---+---+---+
| . | . | . | . | . | . | . | . | . | . |
+---+---+---+---+---+---+---+---+---+---+
| . | . | . | . | . | . | . | . | . | . |
+---+---+---+---+---+---+---+---+---+---+
agent's action is:  up
Room 1 | has_key=1
+---+---+---+---+---+---+---+---+---+---+
| . | . | . | . | . | . | . | . | . | . |
+---+---+---+---+---+---+---+---+---+---+
| . | . | . | . | . | . | . | . | . | . |
+---+---+---+---+---+---+---+---+---+---+
| A | . | . | . | . | . | . | . | . | . |
+---+---+---+---+---+---+---+---+---+---+
| . | . | . | . | . | . | . | . | . | . |
+---+---+---+---+---+---+---+---+---+---+
| . | . | . | . | . | . | . | . | . | . |
+---+---+---+---+---+---+---+---+---+---+
| . | . | . | . | . | . | . | . | . | . |
+---+---+---+---+---+---+---+---+---+---+
| . | . | . | . | . | . | . | . | . | . |
+---+---+---+---+---+---+---+---+---+---+
| . | . | . | . | . | . | . | . | . | . |
+---+---+---+---+---+---+---+---+---+---+
| . | . | . | . | . | . | . | . | . | . |
+---+---+---+---+---+---+---+---+---+---+
| . | . | . | . | . | . | . | . | . | . |
+---+---+---+---+---+---+---+---+---+---+
agent's action is:  up
Room 1 | has_key=1
+---+---+---+---+---+---+---+---+---+---+
| . | . | . | . | . | . | . | . | . | . |
+---+---+---+---+---+---+---+---+---+---+
| A | . | . | . | . | . | . | . | . | . |
+---+---+---+---+---+---+---+---+---+---+
| . | . | . | . | . | . | . | . | . | . |
+---+---+---+---+---+---+---+---+---+---+
| . | . | . | . | . | . | . | . | . | . |
+---+---+---+---+---+---+---+---+---+---+
| . | . | . | . | . | . | . | . | . | . |
+---+---+---+---+---+---+---+---+---+---+
| . | . | . | . | . | . | . | . | . | . |
+---+---+---+---+---+---+---+---+---+---+
| . | . | . | . | . | . | . | . | . | . |
+---+---+---+---+---+---+---+---+---+---+
| . | . | . | . | . | . | . | . | . | . |
+---+---+---+---+---+---+---+---+---+---+
| . | . | . | . | . | . | . | . | . | . |
+---+---+---+---+---+---+---+---+---+---+
| . | . | . | . | . | . | . | . | . | . |
+---+---+---+---+---+---+---+---+---+---+
agent's action is:  up
Room 1 | has_key=1
+---+---+---+---+---+---+---+---+---+---+
| A | . | . | . | . | . | . | . | . | . |
+---+---+---+---+---+---+---+---+---+---+
| . | . | . | . | . | . | . | . | . | . |
+---+---+---+---+---+---+---+---+---+---+
| . | . | . | . | . | . | . | . | . | . |
+---+---+---+---+---+---+---+---+---+---+
| . | . | . | . | . | . | . | . | . | . |
+---+---+---+---+---+---+---+---+---+---+
| . | . | . | . | . | . | . | . | . | . |
+---+---+---+---+---+---+---+---+---+---+
| . | . | . | . | . | . | . | . | . | . |
+---+---+---+---+---+---+---+---+---+---+
| . | . | . | . | . | . | . | . | . | . |
+---+---+---+---+---+---+---+---+---+---+
| . | . | . | . | . | . | . | . | . | . |
+---+---+---+---+---+---+---+---+---+---+
| . | . | . | . | . | . | . | . | . | . |
+---+---+---+---+---+---+---+---+---+---+
| . | . | . | . | . | . | . | . | . | . |
+---+---+---+---+---+---+---+---+---+---+
agent's action is:  up
Room 1 | has_key=1
+---+---+---+---+---+---+---+---+---+---+
| A | . | . | . | . | . | . | . | . | . |
+---+---+---+---+---+---+---+---+---+---+
| . | . | . | . | . | . | . | . | . | . |
+---+---+---+---+---+---+---+---+---+---+
| . | . | . | . | . | . | . | . | . | . |
+---+---+---+---+---+---+---+---+---+---+
| . | . | . | . | . | . | . | . | . | . |
+---+---+---+---+---+---+---+---+---+---+
| . | . | . | . | . | . | . | . | . | . |
+---+---+---+---+---+---+---+---+---+---+
| . | . | . | . | . | . | . | . | . | . |
+---+---+---+---+---+---+---+---+---+---+
| . | . | . | . | . | . | . | . | . | . |
+---+---+---+---+---+---+---+---+---+---+
| . | . | . | . | . | . | . | . | . | . |
+---+---+---+---+---+---+---+---+---+---+
| . | . | . | . | . | . | . | . | . | . |
+---+---+---+---+---+---+---+---+---+---+
| . | . | . | . | . | . | . | . | . | . |
+---+---+---+---+---+---+---+---+---+---+
agent's action is:  up
Room 1 | has_key=1
+---+---+---+---+---+---+---+---+---+---+
| A | . | . | . | . | . | . | . | . | . |
+---+---+---+---+---+---+---+---+---+---+
| . | . | . | . | . | . | . | . | . | . |
+---+---+---+---+---+---+---+---+---+---+
| . | . | . | . | . | . | . | . | . | . |
+---+---+---+---+---+---+---+---+---+---+
| . | . | . | . | . | . | . | . | . | . |
+---+---+---+---+---+---+---+---+---+---+
| . | . | . | . | . | . | . | . | . | . |
+---+---+---+---+---+---+---+---+---+---+
| . | . | . | . | . | . | . | . | . | . |
+---+---+---+---+---+---+---+---+---+---+
| . | . | . | . | . | . | . | . | . | . |
+---+---+---+---+---+---+---+---+---+---+
| . | . | . | . | . | . | . | . | . | . |
+---+---+---+---+---+---+---+---+---+---+
| . | . | . | . | . | . | . | . | . | . |
+---+---+---+---+---+---+---+---+---+---+
| . | . | . | . | . | . | . | . | . | . |
+---+---+---+---+---+---+---+---+---+---+
agent's action is:  up
Room 1 | has_key=1
+---+---+---+---+---+---+---+---+---+---+
| A | . | . | . | . | . | . | . | . | . |
+---+---+---+---+---+---+---+---+---+---+
| . | . | . | . | . | . | . | . | . | . |
+---+---+---+---+---+---+---+---+---+---+
| . | . | . | . | . | . | . | . | . | . |
+---+---+---+---+---+---+---+---+---+---+
| . | . | . | . | . | . | . | . | . | . |
+---+---+---+---+---+---+---+---+---+---+
| . | . | . | . | . | . | . | . | . | . |
+---+---+---+---+---+---+---+---+---+---+
| . | . | . | . | . | . | . | . | . | . |
+---+---+---+---+---+---+---+---+---+---+
| . | . | . | . | . | . | . | . | . | . |
+---+---+---+---+---+---+---+---+---+---+
| . | . | . | . | . | . | . | . | . | . |
+---+---+---+---+---+---+---+---+---+---+
| . | . | . | . | . | . | . | . | . | . |
+---+---+---+---+---+---+---+---+---+---+
| . | . | . | . | . | . | . | . | . | . |
+---+---+---+---+---+---+---+---+---+---+
agent's action is:  up
Room 1 | has_key=1
+---+---+---+---+---+---+---+---+---+---+
| A | . | . | . | . | . | . | . | . | . |
+---+---+---+---+---+---+---+---+---+---+
| . | . | . | . | . | . | . | . | . | . |
+---+---+---+---+---+---+---+---+---+---+
| . | . | . | . | . | . | . | . | . | . |
+---+---+---+---+---+---+---+---+---+---+
| . | . | . | . | . | . | . | . | . | . |
+---+---+---+---+---+---+---+---+---+---+
| . | . | . | . | . | . | . | . | . | . |
+---+---+---+---+---+---+---+---+---+---+
| . | . | . | . | . | . | . | . | . | . |
+---+---+---+---+---+---+---+---+---+---+
| . | . | . | . | . | . | . | . | . | . |
+---+---+---+---+---+---+---+---+---+---+
| . | . | . | . | . | . | . | . | . | . |
+---+---+---+---+---+---+---+---+---+---+
| . | . | . | . | . | . | . | . | . | . |
+---+---+---+---+---+---+---+---+---+---+
| . | . | . | . | . | . | . | . | . | . |
+---+---+---+---+---+---+---+---+---+---+
agent's action is:  up
Room 1 | has_key=1
+---+---+---+---+---+---+---+---+---+---+
| A | . | . | . | . | . | . | . | . | . |
+---+---+---+---+---+---+---+---+---+---+
| . | . | . | . | . | . | . | . | . | . |
+---+---+---+---+---+---+---+---+---+---+
| . | . | . | . | . | . | . | . | . | . |
+---+---+---+---+---+---+---+---+---+---+
| . | . | . | . | . | . | . | . | . | . |
+---+---+---+---+---+---+---+---+---+---+
| . | . | . | . | . | . | . | . | . | . |
+---+---+---+---+---+---+---+---+---+---+
| . | . | . | . | . | . | . | . | . | . |
+---+---+---+---+---+---+---+---+---+---+
| . | . | . | . | . | . | . | . | . | . |
+---+---+---+---+---+---+---+---+---+---+
| . | . | . | . | . | . | . | . | . | . |
+---+---+---+---+---+---+---+---+---+---+
| . | . | . | . | . | . | . | . | . | . |
+---+---+---+---+---+---+---+---+---+---+
| . | . | . | . | . | . | . | . | . | . |
+---+---+---+---+---+---+---+---+---+---+
agent's action is:  up
Room 1 | has_key=1
+---+---+---+---+---+---+---+---+---+---+
| A | . | . | . | . | . | . | . | . | . |
+---+---+---+---+---+---+---+---+---+---+
| . | . | . | . | . | . | . | . | . | . |
+---+---+---+---+---+---+---+---+---+---+
| . | . | . | . | . | . | . | . | . | . |
+---+---+---+---+---+---+---+---+---+---+
| . | . | . | . | . | . | . | . | . | . |
+---+---+---+---+---+---+---+---+---+---+
| . | . | . | . | . | . | . | . | . | . |
+---+---+---+---+---+---+---+---+---+---+
| . | . | . | . | . | . | . | . | . | . |
+---+---+---+---+---+---+---+---+---+---+
| . | . | . | . | . | . | . | . | . | . |
+---+---+---+---+---+---+---+---+---+---+
| . | . | . | . | . | . | . | . | . | . |
+---+---+---+---+---+---+---+---+---+---+
| . | . | . | . | . | . | . | . | . | . |
+---+---+---+---+---+---+---+---+---+---+
| . | . | . | . | . | . | . | . | . | . |
+---+---+---+---+---+---+---+---+---+---+
agent's action is:  up
Room 1 | has_key=1
+---+---+---+---+---+---+---+---+---+---+
| A | . | . | . | . | . | . | . | . | . |
+---+---+---+---+---+---+---+---+---+---+
| . | . | . | . | . | . | . | . | . | . |
+---+---+---+---+---+---+---+---+---+---+
| . | . | . | . | . | . | . | . | . | . |
+---+---+---+---+---+---+---+---+---+---+
| . | . | . | . | . | . | . | . | . | . |
+---+---+---+---+---+---+---+---+---+---+
| . | . | . | . | . | . | . | . | . | . |
+---+---+---+---+---+---+---+---+---+---+
| . | . | . | . | . | . | . | . | . | . |
+---+---+---+---+---+---+---+---+---+---+
| . | . | . | . | . | . | . | . | . | . |
+---+---+---+---+---+---+---+---+---+---+
| . | . | . | . | . | . | . | . | . | . |
+---+---+---+---+---+---+---+---+---+---+
| . | . | . | . | . | . | . | . | . | . |
+---+---+---+---+---+---+---+---+---+---+
| . | . | . | . | . | . | . | . | . | . |
+---+---+---+---+---+---+---+---+---+---+
agent's action is:  up
Room 1 | has_key=1
+---+---+---+---+---+---+---+---+---+---+
| A | . | . | . | . | . | . | . | . | . |
+---+---+---+---+---+---+---+---+---+---+
| . | . | . | . | . | . | . | . | . | . |
+---+---+---+---+---+---+---+---+---+---+
| . | . | . | . | . | . | . | . | . | . |
+---+---+---+---+---+---+---+---+---+---+
| . | . | . | . | . | . | . | . | . | . |
+---+---+---+---+---+---+---+---+---+---+
| . | . | . | . | . | . | . | . | . | . |
+---+---+---+---+---+---+---+---+---+---+
| . | . | . | . | . | . | . | . | . | . |
+---+---+---+---+---+---+---+---+---+---+
| . | . | . | . | . | . | . | . | . | . |
+---+---+---+---+---+---+---+---+---+---+
| . | . | . | . | . | . | . | . | . | . |
+---+---+---+---+---+---+---+---+---+---+
| . | . | . | . | . | . | . | . | . | . |
+---+---+---+---+---+---+---+---+---+---+
| . | . | . | . | . | . | . | . | . | . |
+---+---+---+---+---+---+---+---+---+---+
agent's action is:  up
Room 1 | has_key=1
+---+---+---+---+---+---+---+---+---+---+
| A | . | . | . | . | . | . | . | . | . |
+---+---+---+---+---+---+---+---+---+---+
| . | . | . | . | . | . | . | . | . | . |
+---+---+---+---+---+---+---+---+---+---+
| . | . | . | . | . | . | . | . | . | . |
+---+---+---+---+---+---+---+---+---+---+
| . | . | . | . | . | . | . | . | . | . |
+---+---+---+---+---+---+---+---+---+---+
| . | . | . | . | . | . | . | . | . | . |
+---+---+---+---+---+---+---+---+---+---+
| . | . | . | . | . | . | . | . | . | . |
+---+---+---+---+---+---+---+---+---+---+
| . | . | . | . | . | . | . | . | . | . |
+---+---+---+---+---+---+---+---+---+---+
| . | . | . | . | . | . | . | . | . | . |
+---+---+---+---+---+---+---+---+---+---+
| . | . | . | . | . | . | . | . | . | . |
+---+---+---+---+---+---+---+---+---+---+
| . | . | . | . | . | . | . | . | . | . |
+---+---+---+---+---+---+---+---+---+---+
agent's action is:  up
Room 1 | has_key=1
+---+---+---+---+---+---+---+---+---+---+
| A | . | . | . | . | . | . | . | . | . |
+---+---+---+---+---+---+---+---+---+---+
| . | . | . | . | . | . | . | . | . | . |
+---+---+---+---+---+---+---+---+---+---+
| . | . | . | . | . | . | . | . | . | . |
+---+---+---+---+---+---+---+---+---+---+
| . | . | . | . | . | . | . | . | . | . |
+---+---+---+---+---+---+---+---+---+---+
| . | . | . | . | . | . | . | . | . | . |
+---+---+---+---+---+---+---+---+---+---+
| . | . | . | . | . | . | . | . | . | . |
+---+---+---+---+---+---+---+---+---+---+
| . | . | . | . | . | . | . | . | . | . |
+---+---+---+---+---+---+---+---+---+---+
| . | . | . | . | . | . | . | . | . | . |
+---+---+---+---+---+---+---+---+---+---+
| . | . | . | . | . | . | . | . | . | . |
+---+---+---+---+---+---+---+---+---+---+
| . | . | . | . | . | . | . | . | . | . |
+---+---+---+---+---+---+---+---+---+---+
agent's action is:  up
Room 2 | has_key=1
+---+---+---+---+---+---+---+---+---+---+
| . | . | . | . | D | . | . | . | . | . |
+---+---+---+---+---+---+---+---+---+---+
| . | . | . | . | . | . | . | . | . | . |
+---+---+---+---+---+---+---+---+---+---+
| . | . | . | . | . | . | . | . | . | . |
+---+---+---+---+---+---+---+---+---+---+
| . | . | . | . | . | . | . | . | . | . |
+---+---+---+---+---+---+---+---+---+---+
| . | . | . | . | . | . | . | . | . | . |
+---+---+---+---+---+---+---+---+---+---+
| . | . | . | . | . | . | . | . | . | . |
+---+---+---+---+---+---+---+---+---+---+
| . | . | . | . | . | . | . | . | . | . |
+---+---+---+---+---+---+---+---+---+---+
| . | . | . | . | . | . | . | . | . | . |
+---+---+---+---+---+---+---+---+---+---+
| . | . | . | . | . | . | . | . | . | . |
+---+---+---+---+---+---+---+---+---+---+
| A | . | . | . | . | . | . | . | . | . |
+---+---+---+---+---+---+---+---+---+---+
agent's action is:  up
Room 2 | has_key=1
+---+---+---+---+---+---+---+---+---+---+
| . | . | . | . | D | . | . | . | . | . |
+---+---+---+---+---+---+---+---+---+---+
| . | . | . | . | . | . | . | . | . | . |
+---+---+---+---+---+---+---+---+---+---+
| . | . | . | . | . | . | . | . | . | . |
+---+---+---+---+---+---+---+---+---+---+
| . | . | . | . | . | . | . | . | . | . |
+---+---+---+---+---+---+---+---+---+---+
| . | . | . | . | . | . | . | . | . | . |
+---+---+---+---+---+---+---+---+---+---+
| . | . | . | . | . | . | . | . | . | . |
+---+---+---+---+---+---+---+---+---+---+
| . | . | . | . | . | . | . | . | . | . |
+---+---+---+---+---+---+---+---+---+---+
| . | . | . | . | . | . | . | . | . | . |
+---+---+---+---+---+---+---+---+---+---+
| A | . | . | . | . | . | . | . | . | . |
+---+---+---+---+---+---+---+---+---+---+
| . | . | . | . | . | . | . | . | . | . |
+---+---+---+---+---+---+---+---+---+---+
agent's action is:  up
Room 2 | has_key=1
+---+---+---+---+---+---+---+---+---+---+
| . | . | . | . | D | . | . | . | . | . |
+---+---+---+---+---+---+---+---+---+---+
| . | . | . | . | . | . | . | . | . | . |
+---+---+---+---+---+---+---+---+---+---+
| . | . | . | . | . | . | . | . | . | . |
+---+---+---+---+---+---+---+---+---+---+
| . | . | . | . | . | . | . | . | . | . |
+---+---+---+---+---+---+---+---+---+---+
| . | . | . | . | . | . | . | . | . | . |
+---+---+---+---+---+---+---+---+---+---+
| . | . | . | . | . | . | . | . | . | . |
+---+---+---+---+---+---+---+---+---+---+
| . | . | . | . | . | . | . | . | . | . |
+---+---+---+---+---+---+---+---+---+---+
| A | . | . | . | . | . | . | . | . | . |
+---+---+---+---+---+---+---+---+---+---+
| . | . | . | . | . | . | . | . | . | . |
+---+---+---+---+---+---+---+---+---+---+
| . | . | . | . | . | . | . | . | . | . |
+---+---+---+---+---+---+---+---+---+---+
agent's action is:  up
Room 2 | has_key=1
+---+---+---+---+---+---+---+---+---+---+
| . | . | . | . | D | . | . | . | . | . |
+---+---+---+---+---+---+---+---+---+---+
| . | . | . | . | . | . | . | . | . | . |
+---+---+---+---+---+---+---+---+---+---+
| . | . | . | . | . | . | . | . | . | . |
+---+---+---+---+---+---+---+---+---+---+
| . | . | . | . | . | . | . | . | . | . |
+---+---+---+---+---+---+---+---+---+---+
| . | . | . | . | . | . | . | . | . | . |
+---+---+---+---+---+---+---+---+---+---+
| . | . | . | . | . | . | . | . | . | . |
+---+---+---+---+---+---+---+---+---+---+
| A | . | . | . | . | . | . | . | . | . |
+---+---+---+---+---+---+---+---+---+---+
| . | . | . | . | . | . | . | . | . | . |
+---+---+---+---+---+---+---+---+---+---+
| . | . | . | . | . | . | . | . | . | . |
+---+---+---+---+---+---+---+---+---+---+
| . | . | . | . | . | . | . | . | . | . |
+---+---+---+---+---+---+---+---+---+---+
agent's action is:  up
Room 2 | has_key=1
+---+---+---+---+---+---+---+---+---+---+
| . | . | . | . | D | . | . | . | . | . |
+---+---+---+---+---+---+---+---+---+---+
| . | . | . | . | . | . | . | . | . | . |
+---+---+---+---+---+---+---+---+---+---+
| . | . | . | . | . | . | . | . | . | . |
+---+---+---+---+---+---+---+---+---+---+
| . | . | . | . | . | . | . | . | . | . |
+---+---+---+---+---+---+---+---+---+---+
| . | . | . | . | . | . | . | . | . | . |
+---+---+---+---+---+---+---+---+---+---+
| A | . | . | . | . | . | . | . | . | . |
+---+---+---+---+---+---+---+---+---+---+
| . | . | . | . | . | . | . | . | . | . |
+---+---+---+---+---+---+---+---+---+---+
| . | . | . | . | . | . | . | . | . | . |
+---+---+---+---+---+---+---+---+---+---+
| . | . | . | . | . | . | . | . | . | . |
+---+---+---+---+---+---+---+---+---+---+
| . | . | . | . | . | . | . | . | . | . |
+---+---+---+---+---+---+---+---+---+---+
agent's action is:  up
Room 2 | has_key=1
+---+---+---+---+---+---+---+---+---+---+
| . | . | . | . | D | . | . | . | . | . |
+---+---+---+---+---+---+---+---+---+---+
| . | . | . | . | . | . | . | . | . | . |
+---+---+---+---+---+---+---+---+---+---+
| . | . | . | . | . | . | . | . | . | . |
+---+---+---+---+---+---+---+---+---+---+
| . | . | . | . | . | . | . | . | . | . |
+---+---+---+---+---+---+---+---+---+---+
| A | . | . | . | . | . | . | . | . | . |
+---+---+---+---+---+---+---+---+---+---+
| . | . | . | . | . | . | . | . | . | . |
+---+---+---+---+---+---+---+---+---+---+
| . | . | . | . | . | . | . | . | . | . |
+---+---+---+---+---+---+---+---+---+---+
| . | . | . | . | . | . | . | . | . | . |
+---+---+---+---+---+---+---+---+---+---+
| . | . | . | . | . | . | . | . | . | . |
+---+---+---+---+---+---+---+---+---+---+
| . | . | . | . | . | . | . | . | . | . |
+---+---+---+---+---+---+---+---+---+---+
agent's action is:  up
Room 2 | has_key=1
+---+---+---+---+---+---+---+---+---+---+
| . | . | . | . | D | . | . | . | . | . |
+---+---+---+---+---+---+---+---+---+---+
| . | . | . | . | . | . | . | . | . | . |
+---+---+---+---+---+---+---+---+---+---+
| . | . | . | . | . | . | . | . | . | . |
+---+---+---+---+---+---+---+---+---+---+
| A | . | . | . | . | . | . | . | . | . |
+---+---+---+---+---+---+---+---+---+---+
| . | . | . | . | . | . | . | . | . | . |
+---+---+---+---+---+---+---+---+---+---+
| . | . | . | . | . | . | . | . | . | . |
+---+---+---+---+---+---+---+---+---+---+
| . | . | . | . | . | . | . | . | . | . |
+---+---+---+---+---+---+---+---+---+---+
| . | . | . | . | . | . | . | . | . | . |
+---+---+---+---+---+---+---+---+---+---+
| . | . | . | . | . | . | . | . | . | . |
+---+---+---+---+---+---+---+---+---+---+
| . | . | . | . | . | . | . | . | . | . |
+---+---+---+---+---+---+---+---+---+---+
agent's action is:  up
Room 2 | has_key=1
+---+---+---+---+---+---+---+---+---+---+
| . | . | . | . | D | . | . | . | . | . |
+---+---+---+---+---+---+---+---+---+---+
| . | . | . | . | . | . | . | . | . | . |
+---+---+---+---+---+---+---+---+---+---+
| A | . | . | . | . | . | . | . | . | . |
+---+---+---+---+---+---+---+---+---+---+
| . | . | . | . | . | . | . | . | . | . |
+---+---+---+---+---+---+---+---+---+---+
| . | . | . | . | . | . | . | . | . | . |
+---+---+---+---+---+---+---+---+---+---+
| . | . | . | . | . | . | . | . | . | . |
+---+---+---+---+---+---+---+---+---+---+
| . | . | . | . | . | . | . | . | . | . |
+---+---+---+---+---+---+---+---+---+---+
| . | . | . | . | . | . | . | . | . | . |
+---+---+---+---+---+---+---+---+---+---+
| . | . | . | . | . | . | . | . | . | . |
+---+---+---+---+---+---+---+---+---+---+
| . | . | . | . | . | . | . | . | . | . |
+---+---+---+---+---+---+---+---+---+---+
agent's action is:  up
Room 2 | has_key=1
+---+---+---+---+---+---+---+---+---+---+
| . | . | . | . | D | . | . | . | . | . |
+---+---+---+---+---+---+---+---+---+---+
| A | . | . | . | . | . | . | . | . | . |
+---+---+---+---+---+---+---+---+---+---+
| . | . | . | . | . | . | . | . | . | . |
+---+---+---+---+---+---+---+---+---+---+
| . | . | . | . | . | . | . | . | . | . |
+---+---+---+---+---+---+---+---+---+---+
| . | . | . | . | . | . | . | . | . | . |
+---+---+---+---+---+---+---+---+---+---+
| . | . | . | . | . | . | . | . | . | . |
+---+---+---+---+---+---+---+---+---+---+
| . | . | . | . | . | . | . | . | . | . |
+---+---+---+---+---+---+---+---+---+---+
| . | . | . | . | . | . | . | . | . | . |
+---+---+---+---+---+---+---+---+---+---+
| . | . | . | . | . | . | . | . | . | . |
+---+---+---+---+---+---+---+---+---+---+
| . | . | . | . | . | . | . | . | . | . |
+---+---+---+---+---+---+---+---+---+---+
agent's action is:  up
Room 2 | has_key=1
+---+---+---+---+---+---+---+---+---+---+
| A | . | . | . | D | . | . | . | . | . |
+---+---+---+---+---+---+---+---+---+---+
| . | . | . | . | . | . | . | . | . | . |
+---+---+---+---+---+---+---+---+---+---+
| . | . | . | . | . | . | . | . | . | . |
+---+---+---+---+---+---+---+---+---+---+
| . | . | . | . | . | . | . | . | . | . |
+---+---+---+---+---+---+---+---+---+---+
| . | . | . | . | . | . | . | . | . | . |
+---+---+---+---+---+---+---+---+---+---+
| . | . | . | . | . | . | . | . | . | . |
+---+---+---+---+---+---+---+---+---+---+
| . | . | . | . | . | . | . | . | . | . |
+---+---+---+---+---+---+---+---+---+---+
| . | . | . | . | . | . | . | . | . | . |
+---+---+---+---+---+---+---+---+---+---+
| . | . | . | . | . | . | . | . | . | . |
+---+---+---+---+---+---+---+---+---+---+
| . | . | . | . | . | . | . | . | . | . |
+---+---+---+---+---+---+---+---+---+---+
agent's action is:  up
Room 2 | has_key=1
+---+---+---+---+---+---+---+---+---+---+
| A | . | . | . | D | . | . | . | . | . |
+---+---+---+---+---+---+---+---+---+---+
| . | . | . | . | . | . | . | . | . | . |
+---+---+---+---+---+---+---+---+---+---+
| . | . | . | . | . | . | . | . | . | . |
+---+---+---+---+---+---+---+---+---+---+
| . | . | . | . | . | . | . | . | . | . |
+---+---+---+---+---+---+---+---+---+---+
| . | . | . | . | . | . | . | . | . | . |
+---+---+---+---+---+---+---+---+---+---+
| . | . | . | . | . | . | . | . | . | . |
+---+---+---+---+---+---+---+---+---+---+
| . | . | . | . | . | . | . | . | . | . |
+---+---+---+---+---+---+---+---+---+---+
| . | . | . | . | . | . | . | . | . | . |
+---+---+---+---+---+---+---+---+---+---+
| . | . | . | . | . | . | . | . | . | . |
+---+---+---+---+---+---+---+---+---+---+
| . | . | . | . | . | . | . | . | . | . |
+---+---+---+---+---+---+---+---+---+---+
agent's action is:  right
Room 2 | has_key=1
+---+---+---+---+---+---+---+---+---+---+
| . | A | . | . | D | . | . | . | . | . |
+---+---+---+---+---+---+---+---+---+---+
| . | . | . | . | . | . | . | . | . | . |
+---+---+---+---+---+---+---+---+---+---+
| . | . | . | . | . | . | . | . | . | . |
+---+---+---+---+---+---+---+---+---+---+
| . | . | . | . | . | . | . | . | . | . |
+---+---+---+---+---+---+---+---+---+---+
| . | . | . | . | . | . | . | . | . | . |
+---+---+---+---+---+---+---+---+---+---+
| . | . | . | . | . | . | . | . | . | . |
+---+---+---+---+---+---+---+---+---+---+
| . | . | . | . | . | . | . | . | . | . |
+---+---+---+---+---+---+---+---+---+---+
| . | . | . | . | . | . | . | . | . | . |
+---+---+---+---+---+---+---+---+---+---+
| . | . | . | . | . | . | . | . | . | . |
+---+---+---+---+---+---+---+---+---+---+
| . | . | . | . | . | . | . | . | . | . |
+---+---+---+---+---+---+---+---+---+---+
agent's action is:  right
Room 2 | has_key=1
+---+---+---+---+---+---+---+---+---+---+
| . | . | A | . | D | . | . | . | . | . |
+---+---+---+---+---+---+---+---+---+---+
| . | . | . | . | . | . | . | . | . | . |
+---+---+---+---+---+---+---+---+---+---+
| . | . | . | . | . | . | . | . | . | . |
+---+---+---+---+---+---+---+---+---+---+
| . | . | . | . | . | . | . | . | . | . |
+---+---+---+---+---+---+---+---+---+---+
| . | . | . | . | . | . | . | . | . | . |
+---+---+---+---+---+---+---+---+---+---+
| . | . | . | . | . | . | . | . | . | . |
+---+---+---+---+---+---+---+---+---+---+
| . | . | . | . | . | . | . | . | . | . |
+---+---+---+---+---+---+---+---+---+---+
| . | . | . | . | . | . | . | . | . | . |
+---+---+---+---+---+---+---+---+---+---+
| . | . | . | . | . | . | . | . | . | . |
+---+---+---+---+---+---+---+---+---+---+
| . | . | . | . | . | . | . | . | . | . |
+---+---+---+---+---+---+---+---+---+---+
agent's action is:  right
Room 2 | has_key=1
+---+---+---+---+---+---+---+---+---+---+
| . | . | . | A | D | . | . | . | . | . |
+---+---+---+---+---+---+---+---+---+---+
| . | . | . | . | . | . | . | . | . | . |
+---+---+---+---+---+---+---+---+---+---+
| . | . | . | . | . | . | . | . | . | . |
+---+---+---+---+---+---+---+---+---+---+
| . | . | . | . | . | . | . | . | . | . |
+---+---+---+---+---+---+---+---+---+---+
| . | . | . | . | . | . | . | . | . | . |
+---+---+---+---+---+---+---+---+---+---+
| . | . | . | . | . | . | . | . | . | . |
+---+---+---+---+---+---+---+---+---+---+
| . | . | . | . | . | . | . | . | . | . |
+---+---+---+---+---+---+---+---+---+---+
| . | . | . | . | . | . | . | . | . | . |
+---+---+---+---+---+---+---+---+---+---+
| . | . | . | . | . | . | . | . | . | . |
+---+---+---+---+---+---+---+---+---+---+
| . | . | . | . | . | . | . | . | . | . |
+---+---+---+---+---+---+---+---+---+---+
agent's action is:  right
Room 2 | has_key=1
+---+---+---+---+---+---+---+---+---+---+
| . | . | . | . | A | . | . | . | . | . |
+---+---+---+---+---+---+---+---+---+---+
| . | . | . | . | . | . | . | . | . | . |
+---+---+---+---+---+---+---+---+---+---+
| . | . | . | . | . | . | . | . | . | . |
+---+---+---+---+---+---+---+---+---+---+
| . | . | . | . | . | . | . | . | . | . |
+---+---+---+---+---+---+---+---+---+---+
| . | . | . | . | . | . | . | . | . | . |
+---+---+---+---+---+---+---+---+---+---+
| . | . | . | . | . | . | . | . | . | . |
+---+---+---+---+---+---+---+---+---+---+
| . | . | . | . | . | . | . | . | . | . |
+---+---+---+---+---+---+---+---+---+---+
| . | . | . | . | . | . | . | . | . | . |
+---+---+---+---+---+---+---+---+---+---+
| . | . | . | . | . | . | . | . | . | . |
+---+---+---+---+---+---+---+---+---+---+
| . | . | . | . | . | . | . | . | . | . |
+---+---+---+---+---+---+---+---+---+---+
2026-01-31 20:54:58,642 - INFO - DT agent's cumulative_reward: 9.469999999999999

Evaluating dt_ctx30...
2026-01-31 20:54:59,060 - INFO - Loaded DT model from /home/eyal.amdur/K2D/results/models/DT/context/dt_model_ctx30.d3
Room 0 | has_key=0
+---+---+---+---+---+---+---+---+---+---+
| . | . | . | . | . | . | . | . | . | . |
+---+---+---+---+---+---+---+---+---+---+
| . | . | . | . | . | . | . | . | . | . |
+---+---+---+---+---+---+---+---+---+---+
| . | . | . | . | . | . | . | . | . | . |
+---+---+---+---+---+---+---+---+---+---+
| . | . | . | . | . | . | . | . | . | . |
+---+---+---+---+---+---+---+---+---+---+
| . | . | . | . | . | . | . | . | . | . |
+---+---+---+---+---+---+---+---+---+---+
| . | . | . | . | . | . | . | . | K | . |
+---+---+---+---+---+---+---+---+---+---+
| . | . | . | . | . | . | . | . | . | . |
+---+---+---+---+---+---+---+---+---+---+
| . | . | . | . | . | . | . | . | . | . |
+---+---+---+---+---+---+---+---+---+---+
| . | . | . | . | . | . | . | . | . | . |
+---+---+---+---+---+---+---+---+---+---+
| A | . | . | . | . | . | . | . | . | . |
+---+---+---+---+---+---+---+---+---+---+
agent's action is:  up
Room 0 | has_key=0
+---+---+---+---+---+---+---+---+---+---+
| . | . | . | . | . | . | . | . | . | . |
+---+---+---+---+---+---+---+---+---+---+
| . | . | . | . | . | . | . | . | . | . |
+---+---+---+---+---+---+---+---+---+---+
| . | . | . | . | . | . | . | . | . | . |
+---+---+---+---+---+---+---+---+---+---+
| . | . | . | . | . | . | . | . | . | . |
+---+---+---+---+---+---+---+---+---+---+
| . | . | . | . | . | . | . | . | . | . |
+---+---+---+---+---+---+---+---+---+---+
| . | . | . | . | . | . | . | . | K | . |
+---+---+---+---+---+---+---+---+---+---+
| . | . | . | . | . | . | . | . | . | . |
+---+---+---+---+---+---+---+---+---+---+
| . | . | . | . | . | . | . | . | . | . |
+---+---+---+---+---+---+---+---+---+---+
| A | . | . | . | . | . | . | . | . | . |
+---+---+---+---+---+---+---+---+---+---+
| . | . | . | . | . | . | . | . | . | . |
+---+---+---+---+---+---+---+---+---+---+
agent's action is:  up
Room 0 | has_key=0
+---+---+---+---+---+---+---+---+---+---+
| . | . | . | . | . | . | . | . | . | . |
+---+---+---+---+---+---+---+---+---+---+
| . | . | . | . | . | . | . | . | . | . |
+---+---+---+---+---+---+---+---+---+---+
| . | . | . | . | . | . | . | . | . | . |
+---+---+---+---+---+---+---+---+---+---+
| . | . | . | . | . | . | . | . | . | . |
+---+---+---+---+---+---+---+---+---+---+
| . | . | . | . | . | . | . | . | . | . |
+---+---+---+---+---+---+---+---+---+---+
| . | . | . | . | . | . | . | . | K | . |
+---+---+---+---+---+---+---+---+---+---+
| . | . | . | . | . | . | . | . | . | . |
+---+---+---+---+---+---+---+---+---+---+
| A | . | . | . | . | . | . | . | . | . |
+---+---+---+---+---+---+---+---+---+---+
| . | . | . | . | . | . | . | . | . | . |
+---+---+---+---+---+---+---+---+---+---+
| . | . | . | . | . | . | . | . | . | . |
+---+---+---+---+---+---+---+---+---+---+
agent's action is:  up
Room 0 | has_key=0
+---+---+---+---+---+---+---+---+---+---+
| . | . | . | . | . | . | . | . | . | . |
+---+---+---+---+---+---+---+---+---+---+
| . | . | . | . | . | . | . | . | . | . |
+---+---+---+---+---+---+---+---+---+---+
| . | . | . | . | . | . | . | . | . | . |
+---+---+---+---+---+---+---+---+---+---+
| . | . | . | . | . | . | . | . | . | . |
+---+---+---+---+---+---+---+---+---+---+
| . | . | . | . | . | . | . | . | . | . |
+---+---+---+---+---+---+---+---+---+---+
| . | . | . | . | . | . | . | . | K | . |
+---+---+---+---+---+---+---+---+---+---+
| A | . | . | . | . | . | . | . | . | . |
+---+---+---+---+---+---+---+---+---+---+
| . | . | . | . | . | . | . | . | . | . |
+---+---+---+---+---+---+---+---+---+---+
| . | . | . | . | . | . | . | . | . | . |
+---+---+---+---+---+---+---+---+---+---+
| . | . | . | . | . | . | . | . | . | . |
+---+---+---+---+---+---+---+---+---+---+
agent's action is:  up
Room 0 | has_key=0
+---+---+---+---+---+---+---+---+---+---+
| . | . | . | . | . | . | . | . | . | . |
+---+---+---+---+---+---+---+---+---+---+
| . | . | . | . | . | . | . | . | . | . |
+---+---+---+---+---+---+---+---+---+---+
| . | . | . | . | . | . | . | . | . | . |
+---+---+---+---+---+---+---+---+---+---+
| . | . | . | . | . | . | . | . | . | . |
+---+---+---+---+---+---+---+---+---+---+
| . | . | . | . | . | . | . | . | . | . |
+---+---+---+---+---+---+---+---+---+---+
| A | . | . | . | . | . | . | . | K | . |
+---+---+---+---+---+---+---+---+---+---+
| . | . | . | . | . | . | . | . | . | . |
+---+---+---+---+---+---+---+---+---+---+
| . | . | . | . | . | . | . | . | . | . |
+---+---+---+---+---+---+---+---+---+---+
| . | . | . | . | . | . | . | . | . | . |
+---+---+---+---+---+---+---+---+---+---+
| . | . | . | . | . | . | . | . | . | . |
+---+---+---+---+---+---+---+---+---+---+
agent's action is:  right
Room 0 | has_key=0
+---+---+---+---+---+---+---+---+---+---+
| . | . | . | . | . | . | . | . | . | . |
+---+---+---+---+---+---+---+---+---+---+
| . | . | . | . | . | . | . | . | . | . |
+---+---+---+---+---+---+---+---+---+---+
| . | . | . | . | . | . | . | . | . | . |
+---+---+---+---+---+---+---+---+---+---+
| . | . | . | . | . | . | . | . | . | . |
+---+---+---+---+---+---+---+---+---+---+
| . | . | . | . | . | . | . | . | . | . |
+---+---+---+---+---+---+---+---+---+---+
| . | A | . | . | . | . | . | . | K | . |
+---+---+---+---+---+---+---+---+---+---+
| . | . | . | . | . | . | . | . | . | . |
+---+---+---+---+---+---+---+---+---+---+
| . | . | . | . | . | . | . | . | . | . |
+---+---+---+---+---+---+---+---+---+---+
| . | . | . | . | . | . | . | . | . | . |
+---+---+---+---+---+---+---+---+---+---+
| . | . | . | . | . | . | . | . | . | . |
+---+---+---+---+---+---+---+---+---+---+
agent's action is:  right
Room 0 | has_key=0
+---+---+---+---+---+---+---+---+---+---+
| . | . | . | . | . | . | . | . | . | . |
+---+---+---+---+---+---+---+---+---+---+
| . | . | . | . | . | . | . | . | . | . |
+---+---+---+---+---+---+---+---+---+---+
| . | . | . | . | . | . | . | . | . | . |
+---+---+---+---+---+---+---+---+---+---+
| . | . | . | . | . | . | . | . | . | . |
+---+---+---+---+---+---+---+---+---+---+
| . | . | . | . | . | . | . | . | . | . |
+---+---+---+---+---+---+---+---+---+---+
| . | . | A | . | . | . | . | . | K | . |
+---+---+---+---+---+---+---+---+---+---+
| . | . | . | . | . | . | . | . | . | . |
+---+---+---+---+---+---+---+---+---+---+
| . | . | . | . | . | . | . | . | . | . |
+---+---+---+---+---+---+---+---+---+---+
| . | . | . | . | . | . | . | . | . | . |
+---+---+---+---+---+---+---+---+---+---+
| . | . | . | . | . | . | . | . | . | . |
+---+---+---+---+---+---+---+---+---+---+
agent's action is:  right
Room 0 | has_key=0
+---+---+---+---+---+---+---+---+---+---+
| . | . | . | . | . | . | . | . | . | . |
+---+---+---+---+---+---+---+---+---+---+
| . | . | . | . | . | . | . | . | . | . |
+---+---+---+---+---+---+---+---+---+---+
| . | . | . | . | . | . | . | . | . | . |
+---+---+---+---+---+---+---+---+---+---+
| . | . | . | . | . | . | . | . | . | . |
+---+---+---+---+---+---+---+---+---+---+
| . | . | . | . | . | . | . | . | . | . |
+---+---+---+---+---+---+---+---+---+---+
| . | . | . | A | . | . | . | . | K | . |
+---+---+---+---+---+---+---+---+---+---+
| . | . | . | . | . | . | . | . | . | . |
+---+---+---+---+---+---+---+---+---+---+
| . | . | . | . | . | . | . | . | . | . |
+---+---+---+---+---+---+---+---+---+---+
| . | . | . | . | . | . | . | . | . | . |
+---+---+---+---+---+---+---+---+---+---+
| . | . | . | . | . | . | . | . | . | . |
+---+---+---+---+---+---+---+---+---+---+
agent's action is:  right
Room 0 | has_key=0
+---+---+---+---+---+---+---+---+---+---+
| . | . | . | . | . | . | . | . | . | . |
+---+---+---+---+---+---+---+---+---+---+
| . | . | . | . | . | . | . | . | . | . |
+---+---+---+---+---+---+---+---+---+---+
| . | . | . | . | . | . | . | . | . | . |
+---+---+---+---+---+---+---+---+---+---+
| . | . | . | . | . | . | . | . | . | . |
+---+---+---+---+---+---+---+---+---+---+
| . | . | . | . | . | . | . | . | . | . |
+---+---+---+---+---+---+---+---+---+---+
| . | . | . | . | A | . | . | . | K | . |
+---+---+---+---+---+---+---+---+---+---+
| . | . | . | . | . | . | . | . | . | . |
+---+---+---+---+---+---+---+---+---+---+
| . | . | . | . | . | . | . | . | . | . |
+---+---+---+---+---+---+---+---+---+---+
| . | . | . | . | . | . | . | . | . | . |
+---+---+---+---+---+---+---+---+---+---+
| . | . | . | . | . | . | . | . | . | . |
+---+---+---+---+---+---+---+---+---+---+
agent's action is:  right
Room 0 | has_key=0
+---+---+---+---+---+---+---+---+---+---+
| . | . | . | . | . | . | . | . | . | . |
+---+---+---+---+---+---+---+---+---+---+
| . | . | . | . | . | . | . | . | . | . |
+---+---+---+---+---+---+---+---+---+---+
| . | . | . | . | . | . | . | . | . | . |
+---+---+---+---+---+---+---+---+---+---+
| . | . | . | . | . | . | . | . | . | . |
+---+---+---+---+---+---+---+---+---+---+
| . | . | . | . | . | . | . | . | . | . |
+---+---+---+---+---+---+---+---+---+---+
| . | . | . | . | . | A | . | . | K | . |
+---+---+---+---+---+---+---+---+---+---+
| . | . | . | . | . | . | . | . | . | . |
+---+---+---+---+---+---+---+---+---+---+
| . | . | . | . | . | . | . | . | . | . |
+---+---+---+---+---+---+---+---+---+---+
| . | . | . | . | . | . | . | . | . | . |
+---+---+---+---+---+---+---+---+---+---+
| . | . | . | . | . | . | . | . | . | . |
+---+---+---+---+---+---+---+---+---+---+
agent's action is:  right
Room 0 | has_key=0
+---+---+---+---+---+---+---+---+---+---+
| . | . | . | . | . | . | . | . | . | . |
+---+---+---+---+---+---+---+---+---+---+
| . | . | . | . | . | . | . | . | . | . |
+---+---+---+---+---+---+---+---+---+---+
| . | . | . | . | . | . | . | . | . | . |
+---+---+---+---+---+---+---+---+---+---+
| . | . | . | . | . | . | . | . | . | . |
+---+---+---+---+---+---+---+---+---+---+
| . | . | . | . | . | . | . | . | . | . |
+---+---+---+---+---+---+---+---+---+---+
| . | . | . | . | . | . | A | . | K | . |
+---+---+---+---+---+---+---+---+---+---+
| . | . | . | . | . | . | . | . | . | . |
+---+---+---+---+---+---+---+---+---+---+
| . | . | . | . | . | . | . | . | . | . |
+---+---+---+---+---+---+---+---+---+---+
| . | . | . | . | . | . | . | . | . | . |
+---+---+---+---+---+---+---+---+---+---+
| . | . | . | . | . | . | . | . | . | . |
+---+---+---+---+---+---+---+---+---+---+
agent's action is:  right
Room 0 | has_key=0
+---+---+---+---+---+---+---+---+---+---+
| . | . | . | . | . | . | . | . | . | . |
+---+---+---+---+---+---+---+---+---+---+
| . | . | . | . | . | . | . | . | . | . |
+---+---+---+---+---+---+---+---+---+---+
| . | . | . | . | . | . | . | . | . | . |
+---+---+---+---+---+---+---+---+---+---+
| . | . | . | . | . | . | . | . | . | . |
+---+---+---+---+---+---+---+---+---+---+
| . | . | . | . | . | . | . | . | . | . |
+---+---+---+---+---+---+---+---+---+---+
| . | . | . | . | . | . | . | A | K | . |
+---+---+---+---+---+---+---+---+---+---+
| . | . | . | . | . | . | . | . | . | . |
+---+---+---+---+---+---+---+---+---+---+
| . | . | . | . | . | . | . | . | . | . |
+---+---+---+---+---+---+---+---+---+---+
| . | . | . | . | . | . | . | . | . | . |
+---+---+---+---+---+---+---+---+---+---+
| . | . | . | . | . | . | . | . | . | . |
+---+---+---+---+---+---+---+---+---+---+
agent's action is:  right
Room 0 | has_key=0
+---+---+---+---+---+---+---+---+---+---+
| . | . | . | . | . | . | . | . | . | . |
+---+---+---+---+---+---+---+---+---+---+
| . | . | . | . | . | . | . | . | . | . |
+---+---+---+---+---+---+---+---+---+---+
| . | . | . | . | . | . | . | . | . | . |
+---+---+---+---+---+---+---+---+---+---+
| . | . | . | . | . | . | . | . | . | . |
+---+---+---+---+---+---+---+---+---+---+
| . | . | . | . | . | . | . | . | . | . |
+---+---+---+---+---+---+---+---+---+---+
| . | . | . | . | . | . | . | . | A | . |
+---+---+---+---+---+---+---+---+---+---+
| . | . | . | . | . | . | . | . | . | . |
+---+---+---+---+---+---+---+---+---+---+
| . | . | . | . | . | . | . | . | . | . |
+---+---+---+---+---+---+---+---+---+---+
| . | . | . | . | . | . | . | . | . | . |
+---+---+---+---+---+---+---+---+---+---+
| . | . | . | . | . | . | . | . | . | . |
+---+---+---+---+---+---+---+---+---+---+
agent's action is:  pick up key
Room 0 | has_key=1
+---+---+---+---+---+---+---+---+---+---+
| . | . | . | . | . | . | . | . | . | . |
+---+---+---+---+---+---+---+---+---+---+
| . | . | . | . | . | . | . | . | . | . |
+---+---+---+---+---+---+---+---+---+---+
| . | . | . | . | . | . | . | . | . | . |
+---+---+---+---+---+---+---+---+---+---+
| . | . | . | . | . | . | . | . | . | . |
+---+---+---+---+---+---+---+---+---+---+
| . | . | . | . | . | . | . | . | . | . |
+---+---+---+---+---+---+---+---+---+---+
| . | . | . | . | . | . | . | . | A | . |
+---+---+---+---+---+---+---+---+---+---+
| . | . | . | . | . | . | . | . | . | . |
+---+---+---+---+---+---+---+---+---+---+
| . | . | . | . | . | . | . | . | . | . |
+---+---+---+---+---+---+---+---+---+---+
| . | . | . | . | . | . | . | . | . | . |
+---+---+---+---+---+---+---+---+---+---+
| . | . | . | . | . | . | . | . | . | . |
+---+---+---+---+---+---+---+---+---+---+
agent's action is:  up
Room 0 | has_key=1
+---+---+---+---+---+---+---+---+---+---+
| . | . | . | . | . | . | . | . | . | . |
+---+---+---+---+---+---+---+---+---+---+
| . | . | . | . | . | . | . | . | . | . |
+---+---+---+---+---+---+---+---+---+---+
| . | . | . | . | . | . | . | . | . | . |
+---+---+---+---+---+---+---+---+---+---+
| . | . | . | . | . | . | . | . | . | . |
+---+---+---+---+---+---+---+---+---+---+
| . | . | . | . | . | . | . | . | A | . |
+---+---+---+---+---+---+---+---+---+---+
| . | . | . | . | . | . | . | . | . | . |
+---+---+---+---+---+---+---+---+---+---+
| . | . | . | . | . | . | . | . | . | . |
+---+---+---+---+---+---+---+---+---+---+
| . | . | . | . | . | . | . | . | . | . |
+---+---+---+---+---+---+---+---+---+---+
| . | . | . | . | . | . | . | . | . | . |
+---+---+---+---+---+---+---+---+---+---+
| . | . | . | . | . | . | . | . | . | . |
+---+---+---+---+---+---+---+---+---+---+
agent's action is:  up
Room 0 | has_key=1
+---+---+---+---+---+---+---+---+---+---+
| . | . | . | . | . | . | . | . | . | . |
+---+---+---+---+---+---+---+---+---+---+
| . | . | . | . | . | . | . | . | . | . |
+---+---+---+---+---+---+---+---+---+---+
| . | . | . | . | . | . | . | . | . | . |
+---+---+---+---+---+---+---+---+---+---+
| . | . | . | . | . | . | . | . | A | . |
+---+---+---+---+---+---+---+---+---+---+
| . | . | . | . | . | . | . | . | . | . |
+---+---+---+---+---+---+---+---+---+---+
| . | . | . | . | . | . | . | . | . | . |
+---+---+---+---+---+---+---+---+---+---+
| . | . | . | . | . | . | . | . | . | . |
+---+---+---+---+---+---+---+---+---+---+
| . | . | . | . | . | . | . | . | . | . |
+---+---+---+---+---+---+---+---+---+---+
| . | . | . | . | . | . | . | . | . | . |
+---+---+---+---+---+---+---+---+---+---+
| . | . | . | . | . | . | . | . | . | . |
+---+---+---+---+---+---+---+---+---+---+
agent's action is:  up
Room 0 | has_key=1
+---+---+---+---+---+---+---+---+---+---+
| . | . | . | . | . | . | . | . | . | . |
+---+---+---+---+---+---+---+---+---+---+
| . | . | . | . | . | . | . | . | . | . |
+---+---+---+---+---+---+---+---+---+---+
| . | . | . | . | . | . | . | . | A | . |
+---+---+---+---+---+---+---+---+---+---+
| . | . | . | . | . | . | . | . | . | . |
+---+---+---+---+---+---+---+---+---+---+
| . | . | . | . | . | . | . | . | . | . |
+---+---+---+---+---+---+---+---+---+---+
| . | . | . | . | . | . | . | . | . | . |
+---+---+---+---+---+---+---+---+---+---+
| . | . | . | . | . | . | . | . | . | . |
+---+---+---+---+---+---+---+---+---+---+
| . | . | . | . | . | . | . | . | . | . |
+---+---+---+---+---+---+---+---+---+---+
| . | . | . | . | . | . | . | . | . | . |
+---+---+---+---+---+---+---+---+---+---+
| . | . | . | . | . | . | . | . | . | . |
+---+---+---+---+---+---+---+---+---+---+
agent's action is:  up
Room 0 | has_key=1
+---+---+---+---+---+---+---+---+---+---+
| . | . | . | . | . | . | . | . | . | . |
+---+---+---+---+---+---+---+---+---+---+
| . | . | . | . | . | . | . | . | A | . |
+---+---+---+---+---+---+---+---+---+---+
| . | . | . | . | . | . | . | . | . | . |
+---+---+---+---+---+---+---+---+---+---+
| . | . | . | . | . | . | . | . | . | . |
+---+---+---+---+---+---+---+---+---+---+
| . | . | . | . | . | . | . | . | . | . |
+---+---+---+---+---+---+---+---+---+---+
| . | . | . | . | . | . | . | . | . | . |
+---+---+---+---+---+---+---+---+---+---+
| . | . | . | . | . | . | . | . | . | . |
+---+---+---+---+---+---+---+---+---+---+
| . | . | . | . | . | . | . | . | . | . |
+---+---+---+---+---+---+---+---+---+---+
| . | . | . | . | . | . | . | . | . | . |
+---+---+---+---+---+---+---+---+---+---+
| . | . | . | . | . | . | . | . | . | . |
+---+---+---+---+---+---+---+---+---+---+
agent's action is:  up
Room 0 | has_key=1
+---+---+---+---+---+---+---+---+---+---+
| . | . | . | . | . | . | . | . | A | . |
+---+---+---+---+---+---+---+---+---+---+
| . | . | . | . | . | . | . | . | . | . |
+---+---+---+---+---+---+---+---+---+---+
| . | . | . | . | . | . | . | . | . | . |
+---+---+---+---+---+---+---+---+---+---+
| . | . | . | . | . | . | . | . | . | . |
+---+---+---+---+---+---+---+---+---+---+
| . | . | . | . | . | . | . | . | . | . |
+---+---+---+---+---+---+---+---+---+---+
| . | . | . | . | . | . | . | . | . | . |
+---+---+---+---+---+---+---+---+---+---+
| . | . | . | . | . | . | . | . | . | . |
+---+---+---+---+---+---+---+---+---+---+
| . | . | . | . | . | . | . | . | . | . |
+---+---+---+---+---+---+---+---+---+---+
| . | . | . | . | . | . | . | . | . | . |
+---+---+---+---+---+---+---+---+---+---+
| . | . | . | . | . | . | . | . | . | . |
+---+---+---+---+---+---+---+---+---+---+
agent's action is:  up
Room 0 | has_key=1
+---+---+---+---+---+---+---+---+---+---+
| . | . | . | . | . | . | . | . | A | . |
+---+---+---+---+---+---+---+---+---+---+
| . | . | . | . | . | . | . | . | . | . |
+---+---+---+---+---+---+---+---+---+---+
| . | . | . | . | . | . | . | . | . | . |
+---+---+---+---+---+---+---+---+---+---+
| . | . | . | . | . | . | . | . | . | . |
+---+---+---+---+---+---+---+---+---+---+
| . | . | . | . | . | . | . | . | . | . |
+---+---+---+---+---+---+---+---+---+---+
| . | . | . | . | . | . | . | . | . | . |
+---+---+---+---+---+---+---+---+---+---+
| . | . | . | . | . | . | . | . | . | . |
+---+---+---+---+---+---+---+---+---+---+
| . | . | . | . | . | . | . | . | . | . |
+---+---+---+---+---+---+---+---+---+---+
| . | . | . | . | . | . | . | . | . | . |
+---+---+---+---+---+---+---+---+---+---+
| . | . | . | . | . | . | . | . | . | . |
+---+---+---+---+---+---+---+---+---+---+
agent's action is:  up
Room 1 | has_key=1
+---+---+---+---+---+---+---+---+---+---+
| . | . | . | . | . | . | . | . | . | . |
+---+---+---+---+---+---+---+---+---+---+
| . | . | . | . | . | . | . | . | . | . |
+---+---+---+---+---+---+---+---+---+---+
| . | . | . | . | . | . | . | . | . | . |
+---+---+---+---+---+---+---+---+---+---+
| . | . | . | . | . | . | . | . | . | . |
+---+---+---+---+---+---+---+---+---+---+
| . | . | . | . | . | . | . | . | . | . |
+---+---+---+---+---+---+---+---+---+---+
| . | . | . | . | . | . | . | . | . | . |
+---+---+---+---+---+---+---+---+---+---+
| . | . | . | . | . | . | . | . | . | . |
+---+---+---+---+---+---+---+---+---+---+
| . | . | . | . | . | . | . | . | . | . |
+---+---+---+---+---+---+---+---+---+---+
| . | . | . | . | . | . | . | . | . | . |
+---+---+---+---+---+---+---+---+---+---+
| A | . | . | . | . | . | . | . | . | . |
+---+---+---+---+---+---+---+---+---+---+
agent's action is:  up
Room 1 | has_key=1
+---+---+---+---+---+---+---+---+---+---+
| . | . | . | . | . | . | . | . | . | . |
+---+---+---+---+---+---+---+---+---+---+
| . | . | . | . | . | . | . | . | . | . |
+---+---+---+---+---+---+---+---+---+---+
| . | . | . | . | . | . | . | . | . | . |
+---+---+---+---+---+---+---+---+---+---+
| . | . | . | . | . | . | . | . | . | . |
+---+---+---+---+---+---+---+---+---+---+
| . | . | . | . | . | . | . | . | . | . |
+---+---+---+---+---+---+---+---+---+---+
| . | . | . | . | . | . | . | . | . | . |
+---+---+---+---+---+---+---+---+---+---+
| . | . | . | . | . | . | . | . | . | . |
+---+---+---+---+---+---+---+---+---+---+
| . | . | . | . | . | . | . | . | . | . |
+---+---+---+---+---+---+---+---+---+---+
| A | . | . | . | . | . | . | . | . | . |
+---+---+---+---+---+---+---+---+---+---+
| . | . | . | . | . | . | . | . | . | . |
+---+---+---+---+---+---+---+---+---+---+
agent's action is:  up
Room 1 | has_key=1
+---+---+---+---+---+---+---+---+---+---+
| . | . | . | . | . | . | . | . | . | . |
+---+---+---+---+---+---+---+---+---+---+
| . | . | . | . | . | . | . | . | . | . |
+---+---+---+---+---+---+---+---+---+---+
| . | . | . | . | . | . | . | . | . | . |
+---+---+---+---+---+---+---+---+---+---+
| . | . | . | . | . | . | . | . | . | . |
+---+---+---+---+---+---+---+---+---+---+
| . | . | . | . | . | . | . | . | . | . |
+---+---+---+---+---+---+---+---+---+---+
| . | . | . | . | . | . | . | . | . | . |
+---+---+---+---+---+---+---+---+---+---+
| . | . | . | . | . | . | . | . | . | . |
+---+---+---+---+---+---+---+---+---+---+
| A | . | . | . | . | . | . | . | . | . |
+---+---+---+---+---+---+---+---+---+---+
| . | . | . | . | . | . | . | . | . | . |
+---+---+---+---+---+---+---+---+---+---+
| . | . | . | . | . | . | . | . | . | . |
+---+---+---+---+---+---+---+---+---+---+
agent's action is:  up
Room 1 | has_key=1
+---+---+---+---+---+---+---+---+---+---+
| . | . | . | . | . | . | . | . | . | . |
+---+---+---+---+---+---+---+---+---+---+
| . | . | . | . | . | . | . | . | . | . |
+---+---+---+---+---+---+---+---+---+---+
| . | . | . | . | . | . | . | . | . | . |
+---+---+---+---+---+---+---+---+---+---+
| . | . | . | . | . | . | . | . | . | . |
+---+---+---+---+---+---+---+---+---+---+
| . | . | . | . | . | . | . | . | . | . |
+---+---+---+---+---+---+---+---+---+---+
| . | . | . | . | . | . | . | . | . | . |
+---+---+---+---+---+---+---+---+---+---+
| A | . | . | . | . | . | . | . | . | . |
+---+---+---+---+---+---+---+---+---+---+
| . | . | . | . | . | . | . | . | . | . |
+---+---+---+---+---+---+---+---+---+---+
| . | . | . | . | . | . | . | . | . | . |
+---+---+---+---+---+---+---+---+---+---+
| . | . | . | . | . | . | . | . | . | . |
+---+---+---+---+---+---+---+---+---+---+
agent's action is:  up
Room 1 | has_key=1
+---+---+---+---+---+---+---+---+---+---+
| . | . | . | . | . | . | . | . | . | . |
+---+---+---+---+---+---+---+---+---+---+
| . | . | . | . | . | . | . | . | . | . |
+---+---+---+---+---+---+---+---+---+---+
| . | . | . | . | . | . | . | . | . | . |
+---+---+---+---+---+---+---+---+---+---+
| . | . | . | . | . | . | . | . | . | . |
+---+---+---+---+---+---+---+---+---+---+
| . | . | . | . | . | . | . | . | . | . |
+---+---+---+---+---+---+---+---+---+---+
| A | . | . | . | . | . | . | . | . | . |
+---+---+---+---+---+---+---+---+---+---+
| . | . | . | . | . | . | . | . | . | . |
+---+---+---+---+---+---+---+---+---+---+
| . | . | . | . | . | . | . | . | . | . |
+---+---+---+---+---+---+---+---+---+---+
| . | . | . | . | . | . | . | . | . | . |
+---+---+---+---+---+---+---+---+---+---+
| . | . | . | . | . | . | . | . | . | . |
+---+---+---+---+---+---+---+---+---+---+
agent's action is:  up
Room 1 | has_key=1
+---+---+---+---+---+---+---+---+---+---+
| . | . | . | . | . | . | . | . | . | . |
+---+---+---+---+---+---+---+---+---+---+
| . | . | . | . | . | . | . | . | . | . |
+---+---+---+---+---+---+---+---+---+---+
| . | . | . | . | . | . | . | . | . | . |
+---+---+---+---+---+---+---+---+---+---+
| . | . | . | . | . | . | . | . | . | . |
+---+---+---+---+---+---+---+---+---+---+
| A | . | . | . | . | . | . | . | . | . |
+---+---+---+---+---+---+---+---+---+---+
| . | . | . | . | . | . | . | . | . | . |
+---+---+---+---+---+---+---+---+---+---+
| . | . | . | . | . | . | . | . | . | . |
+---+---+---+---+---+---+---+---+---+---+
| . | . | . | . | . | . | . | . | . | . |
+---+---+---+---+---+---+---+---+---+---+
| . | . | . | . | . | . | . | . | . | . |
+---+---+---+---+---+---+---+---+---+---+
| . | . | . | . | . | . | . | . | . | . |
+---+---+---+---+---+---+---+---+---+---+
agent's action is:  up
Room 1 | has_key=1
+---+---+---+---+---+---+---+---+---+---+
| . | . | . | . | . | . | . | . | . | . |
+---+---+---+---+---+---+---+---+---+---+
| . | . | . | . | . | . | . | . | . | . |
+---+---+---+---+---+---+---+---+---+---+
| . | . | . | . | . | . | . | . | . | . |
+---+---+---+---+---+---+---+---+---+---+
| A | . | . | . | . | . | . | . | . | . |
+---+---+---+---+---+---+---+---+---+---+
| . | . | . | . | . | . | . | . | . | . |
+---+---+---+---+---+---+---+---+---+---+
| . | . | . | . | . | . | . | . | . | . |
+---+---+---+---+---+---+---+---+---+---+
| . | . | . | . | . | . | . | . | . | . |
+---+---+---+---+---+---+---+---+---+---+
| . | . | . | . | . | . | . | . | . | . |
+---+---+---+---+---+---+---+---+---+---+
| . | . | . | . | . | . | . | . | . | . |
+---+---+---+---+---+---+---+---+---+---+
| . | . | . | . | . | . | . | . | . | . |
+---+---+---+---+---+---+---+---+---+---+
agent's action is:  up
Room 1 | has_key=1
+---+---+---+---+---+---+---+---+---+---+
| . | . | . | . | . | . | . | . | . | . |
+---+---+---+---+---+---+---+---+---+---+
| . | . | . | . | . | . | . | . | . | . |
+---+---+---+---+---+---+---+---+---+---+
| A | . | . | . | . | . | . | . | . | . |
+---+---+---+---+---+---+---+---+---+---+
| . | . | . | . | . | . | . | . | . | . |
+---+---+---+---+---+---+---+---+---+---+
| . | . | . | . | . | . | . | . | . | . |
+---+---+---+---+---+---+---+---+---+---+
| . | . | . | . | . | . | . | . | . | . |
+---+---+---+---+---+---+---+---+---+---+
| . | . | . | . | . | . | . | . | . | . |
+---+---+---+---+---+---+---+---+---+---+
| . | . | . | . | . | . | . | . | . | . |
+---+---+---+---+---+---+---+---+---+---+
| . | . | . | . | . | . | . | . | . | . |
+---+---+---+---+---+---+---+---+---+---+
| . | . | . | . | . | . | . | . | . | . |
+---+---+---+---+---+---+---+---+---+---+
agent's action is:  up
Room 1 | has_key=1
+---+---+---+---+---+---+---+---+---+---+
| . | . | . | . | . | . | . | . | . | . |
+---+---+---+---+---+---+---+---+---+---+
| A | . | . | . | . | . | . | . | . | . |
+---+---+---+---+---+---+---+---+---+---+
| . | . | . | . | . | . | . | . | . | . |
+---+---+---+---+---+---+---+---+---+---+
| . | . | . | . | . | . | . | . | . | . |
+---+---+---+---+---+---+---+---+---+---+
| . | . | . | . | . | . | . | . | . | . |
+---+---+---+---+---+---+---+---+---+---+
| . | . | . | . | . | . | . | . | . | . |
+---+---+---+---+---+---+---+---+---+---+
| . | . | . | . | . | . | . | . | . | . |
+---+---+---+---+---+---+---+---+---+---+
| . | . | . | . | . | . | . | . | . | . |
+---+---+---+---+---+---+---+---+---+---+
| . | . | . | . | . | . | . | . | . | . |
+---+---+---+---+---+---+---+---+---+---+
| . | . | . | . | . | . | . | . | . | . |
+---+---+---+---+---+---+---+---+---+---+
agent's action is:  up
Room 1 | has_key=1
+---+---+---+---+---+---+---+---+---+---+
| A | . | . | . | . | . | . | . | . | . |
+---+---+---+---+---+---+---+---+---+---+
| . | . | . | . | . | . | . | . | . | . |
+---+---+---+---+---+---+---+---+---+---+
| . | . | . | . | . | . | . | . | . | . |
+---+---+---+---+---+---+---+---+---+---+
| . | . | . | . | . | . | . | . | . | . |
+---+---+---+---+---+---+---+---+---+---+
| . | . | . | . | . | . | . | . | . | . |
+---+---+---+---+---+---+---+---+---+---+
| . | . | . | . | . | . | . | . | . | . |
+---+---+---+---+---+---+---+---+---+---+
| . | . | . | . | . | . | . | . | . | . |
+---+---+---+---+---+---+---+---+---+---+
| . | . | . | . | . | . | . | . | . | . |
+---+---+---+---+---+---+---+---+---+---+
| . | . | . | . | . | . | . | . | . | . |
+---+---+---+---+---+---+---+---+---+---+
| . | . | . | . | . | . | . | . | . | . |
+---+---+---+---+---+---+---+---+---+---+
agent's action is:  up
Room 1 | has_key=1
+---+---+---+---+---+---+---+---+---+---+
| A | . | . | . | . | . | . | . | . | . |
+---+---+---+---+---+---+---+---+---+---+
| . | . | . | . | . | . | . | . | . | . |
+---+---+---+---+---+---+---+---+---+---+
| . | . | . | . | . | . | . | . | . | . |
+---+---+---+---+---+---+---+---+---+---+
| . | . | . | . | . | . | . | . | . | . |
+---+---+---+---+---+---+---+---+---+---+
| . | . | . | . | . | . | . | . | . | . |
+---+---+---+---+---+---+---+---+---+---+
| . | . | . | . | . | . | . | . | . | . |
+---+---+---+---+---+---+---+---+---+---+
| . | . | . | . | . | . | . | . | . | . |
+---+---+---+---+---+---+---+---+---+---+
| . | . | . | . | . | . | . | . | . | . |
+---+---+---+---+---+---+---+---+---+---+
| . | . | . | . | . | . | . | . | . | . |
+---+---+---+---+---+---+---+---+---+---+
| . | . | . | . | . | . | . | . | . | . |
+---+---+---+---+---+---+---+---+---+---+
agent's action is:  up
Room 1 | has_key=1
+---+---+---+---+---+---+---+---+---+---+
| A | . | . | . | . | . | . | . | . | . |
+---+---+---+---+---+---+---+---+---+---+
| . | . | . | . | . | . | . | . | . | . |
+---+---+---+---+---+---+---+---+---+---+
| . | . | . | . | . | . | . | . | . | . |
+---+---+---+---+---+---+---+---+---+---+
| . | . | . | . | . | . | . | . | . | . |
+---+---+---+---+---+---+---+---+---+---+
| . | . | . | . | . | . | . | . | . | . |
+---+---+---+---+---+---+---+---+---+---+
| . | . | . | . | . | . | . | . | . | . |
+---+---+---+---+---+---+---+---+---+---+
| . | . | . | . | . | . | . | . | . | . |
+---+---+---+---+---+---+---+---+---+---+
| . | . | . | . | . | . | . | . | . | . |
+---+---+---+---+---+---+---+---+---+---+
| . | . | . | . | . | . | . | . | . | . |
+---+---+---+---+---+---+---+---+---+---+
| . | . | . | . | . | . | . | . | . | . |
+---+---+---+---+---+---+---+---+---+---+
agent's action is:  up
Room 1 | has_key=1
+---+---+---+---+---+---+---+---+---+---+
| A | . | . | . | . | . | . | . | . | . |
+---+---+---+---+---+---+---+---+---+---+
| . | . | . | . | . | . | . | . | . | . |
+---+---+---+---+---+---+---+---+---+---+
| . | . | . | . | . | . | . | . | . | . |
+---+---+---+---+---+---+---+---+---+---+
| . | . | . | . | . | . | . | . | . | . |
+---+---+---+---+---+---+---+---+---+---+
| . | . | . | . | . | . | . | . | . | . |
+---+---+---+---+---+---+---+---+---+---+
| . | . | . | . | . | . | . | . | . | . |
+---+---+---+---+---+---+---+---+---+---+
| . | . | . | . | . | . | . | . | . | . |
+---+---+---+---+---+---+---+---+---+---+
| . | . | . | . | . | . | . | . | . | . |
+---+---+---+---+---+---+---+---+---+---+
| . | . | . | . | . | . | . | . | . | . |
+---+---+---+---+---+---+---+---+---+---+
| . | . | . | . | . | . | . | . | . | . |
+---+---+---+---+---+---+---+---+---+---+
agent's action is:  up
Room 1 | has_key=1
+---+---+---+---+---+---+---+---+---+---+
| A | . | . | . | . | . | . | . | . | . |
+---+---+---+---+---+---+---+---+---+---+
| . | . | . | . | . | . | . | . | . | . |
+---+---+---+---+---+---+---+---+---+---+
| . | . | . | . | . | . | . | . | . | . |
+---+---+---+---+---+---+---+---+---+---+
| . | . | . | . | . | . | . | . | . | . |
+---+---+---+---+---+---+---+---+---+---+
| . | . | . | . | . | . | . | . | . | . |
+---+---+---+---+---+---+---+---+---+---+
| . | . | . | . | . | . | . | . | . | . |
+---+---+---+---+---+---+---+---+---+---+
| . | . | . | . | . | . | . | . | . | . |
+---+---+---+---+---+---+---+---+---+---+
| . | . | . | . | . | . | . | . | . | . |
+---+---+---+---+---+---+---+---+---+---+
| . | . | . | . | . | . | . | . | . | . |
+---+---+---+---+---+---+---+---+---+---+
| . | . | . | . | . | . | . | . | . | . |
+---+---+---+---+---+---+---+---+---+---+
agent's action is:  up
Room 1 | has_key=1
+---+---+---+---+---+---+---+---+---+---+
| A | . | . | . | . | . | . | . | . | . |
+---+---+---+---+---+---+---+---+---+---+
| . | . | . | . | . | . | . | . | . | . |
+---+---+---+---+---+---+---+---+---+---+
| . | . | . | . | . | . | . | . | . | . |
+---+---+---+---+---+---+---+---+---+---+
| . | . | . | . | . | . | . | . | . | . |
+---+---+---+---+---+---+---+---+---+---+
| . | . | . | . | . | . | . | . | . | . |
+---+---+---+---+---+---+---+---+---+---+
| . | . | . | . | . | . | . | . | . | . |
+---+---+---+---+---+---+---+---+---+---+
| . | . | . | . | . | . | . | . | . | . |
+---+---+---+---+---+---+---+---+---+---+
| . | . | . | . | . | . | . | . | . | . |
+---+---+---+---+---+---+---+---+---+---+
| . | . | . | . | . | . | . | . | . | . |
+---+---+---+---+---+---+---+---+---+---+
| . | . | . | . | . | . | . | . | . | . |
+---+---+---+---+---+---+---+---+---+---+
agent's action is:  up
Room 1 | has_key=1
+---+---+---+---+---+---+---+---+---+---+
| A | . | . | . | . | . | . | . | . | . |
+---+---+---+---+---+---+---+---+---+---+
| . | . | . | . | . | . | . | . | . | . |
+---+---+---+---+---+---+---+---+---+---+
| . | . | . | . | . | . | . | . | . | . |
+---+---+---+---+---+---+---+---+---+---+
| . | . | . | . | . | . | . | . | . | . |
+---+---+---+---+---+---+---+---+---+---+
| . | . | . | . | . | . | . | . | . | . |
+---+---+---+---+---+---+---+---+---+---+
| . | . | . | . | . | . | . | . | . | . |
+---+---+---+---+---+---+---+---+---+---+
| . | . | . | . | . | . | . | . | . | . |
+---+---+---+---+---+---+---+---+---+---+
| . | . | . | . | . | . | . | . | . | . |
+---+---+---+---+---+---+---+---+---+---+
| . | . | . | . | . | . | . | . | . | . |
+---+---+---+---+---+---+---+---+---+---+
| . | . | . | . | . | . | . | . | . | . |
+---+---+---+---+---+---+---+---+---+---+
agent's action is:  up
Room 1 | has_key=1
+---+---+---+---+---+---+---+---+---+---+
| A | . | . | . | . | . | . | . | . | . |
+---+---+---+---+---+---+---+---+---+---+
| . | . | . | . | . | . | . | . | . | . |
+---+---+---+---+---+---+---+---+---+---+
| . | . | . | . | . | . | . | . | . | . |
+---+---+---+---+---+---+---+---+---+---+
| . | . | . | . | . | . | . | . | . | . |
+---+---+---+---+---+---+---+---+---+---+
| . | . | . | . | . | . | . | . | . | . |
+---+---+---+---+---+---+---+---+---+---+
| . | . | . | . | . | . | . | . | . | . |
+---+---+---+---+---+---+---+---+---+---+
| . | . | . | . | . | . | . | . | . | . |
+---+---+---+---+---+---+---+---+---+---+
| . | . | . | . | . | . | . | . | . | . |
+---+---+---+---+---+---+---+---+---+---+
| . | . | . | . | . | . | . | . | . | . |
+---+---+---+---+---+---+---+---+---+---+
| . | . | . | . | . | . | . | . | . | . |
+---+---+---+---+---+---+---+---+---+---+
agent's action is:  up
Room 1 | has_key=1
+---+---+---+---+---+---+---+---+---+---+
| A | . | . | . | . | . | . | . | . | . |
+---+---+---+---+---+---+---+---+---+---+
| . | . | . | . | . | . | . | . | . | . |
+---+---+---+---+---+---+---+---+---+---+
| . | . | . | . | . | . | . | . | . | . |
+---+---+---+---+---+---+---+---+---+---+
| . | . | . | . | . | . | . | . | . | . |
+---+---+---+---+---+---+---+---+---+---+
| . | . | . | . | . | . | . | . | . | . |
+---+---+---+---+---+---+---+---+---+---+
| . | . | . | . | . | . | . | . | . | . |
+---+---+---+---+---+---+---+---+---+---+
| . | . | . | . | . | . | . | . | . | . |
+---+---+---+---+---+---+---+---+---+---+
| . | . | . | . | . | . | . | . | . | . |
+---+---+---+---+---+---+---+---+---+---+
| . | . | . | . | . | . | . | . | . | . |
+---+---+---+---+---+---+---+---+---+---+
| . | . | . | . | . | . | . | . | . | . |
+---+---+---+---+---+---+---+---+---+---+
agent's action is:  up
Room 1 | has_key=1
+---+---+---+---+---+---+---+---+---+---+
| A | . | . | . | . | . | . | . | . | . |
+---+---+---+---+---+---+---+---+---+---+
| . | . | . | . | . | . | . | . | . | . |
+---+---+---+---+---+---+---+---+---+---+
| . | . | . | . | . | . | . | . | . | . |
+---+---+---+---+---+---+---+---+---+---+
| . | . | . | . | . | . | . | . | . | . |
+---+---+---+---+---+---+---+---+---+---+
| . | . | . | . | . | . | . | . | . | . |
+---+---+---+---+---+---+---+---+---+---+
| . | . | . | . | . | . | . | . | . | . |
+---+---+---+---+---+---+---+---+---+---+
| . | . | . | . | . | . | . | . | . | . |
+---+---+---+---+---+---+---+---+---+---+
| . | . | . | . | . | . | . | . | . | . |
+---+---+---+---+---+---+---+---+---+---+
| . | . | . | . | . | . | . | . | . | . |
+---+---+---+---+---+---+---+---+---+---+
| . | . | . | . | . | . | . | . | . | . |
+---+---+---+---+---+---+---+---+---+---+
agent's action is:  up
Room 1 | has_key=1
+---+---+---+---+---+---+---+---+---+---+
| A | . | . | . | . | . | . | . | . | . |
+---+---+---+---+---+---+---+---+---+---+
| . | . | . | . | . | . | . | . | . | . |
+---+---+---+---+---+---+---+---+---+---+
| . | . | . | . | . | . | . | . | . | . |
+---+---+---+---+---+---+---+---+---+---+
| . | . | . | . | . | . | . | . | . | . |
+---+---+---+---+---+---+---+---+---+---+
| . | . | . | . | . | . | . | . | . | . |
+---+---+---+---+---+---+---+---+---+---+
| . | . | . | . | . | . | . | . | . | . |
+---+---+---+---+---+---+---+---+---+---+
| . | . | . | . | . | . | . | . | . | . |
+---+---+---+---+---+---+---+---+---+---+
| . | . | . | . | . | . | . | . | . | . |
+---+---+---+---+---+---+---+---+---+---+
| . | . | . | . | . | . | . | . | . | . |
+---+---+---+---+---+---+---+---+---+---+
| . | . | . | . | . | . | . | . | . | . |
+---+---+---+---+---+---+---+---+---+---+
agent's action is:  up
Room 2 | has_key=1
+---+---+---+---+---+---+---+---+---+---+
| . | . | . | . | D | . | . | . | . | . |
+---+---+---+---+---+---+---+---+---+---+
| . | . | . | . | . | . | . | . | . | . |
+---+---+---+---+---+---+---+---+---+---+
| . | . | . | . | . | . | . | . | . | . |
+---+---+---+---+---+---+---+---+---+---+
| . | . | . | . | . | . | . | . | . | . |
+---+---+---+---+---+---+---+---+---+---+
| . | . | . | . | . | . | . | . | . | . |
+---+---+---+---+---+---+---+---+---+---+
| . | . | . | . | . | . | . | . | . | . |
+---+---+---+---+---+---+---+---+---+---+
| . | . | . | . | . | . | . | . | . | . |
+---+---+---+---+---+---+---+---+---+---+
| . | . | . | . | . | . | . | . | . | . |
+---+---+---+---+---+---+---+---+---+---+
| . | . | . | . | . | . | . | . | . | . |
+---+---+---+---+---+---+---+---+---+---+
| A | . | . | . | . | . | . | . | . | . |
+---+---+---+---+---+---+---+---+---+---+
agent's action is:  up
Room 2 | has_key=1
+---+---+---+---+---+---+---+---+---+---+
| . | . | . | . | D | . | . | . | . | . |
+---+---+---+---+---+---+---+---+---+---+
| . | . | . | . | . | . | . | . | . | . |
+---+---+---+---+---+---+---+---+---+---+
| . | . | . | . | . | . | . | . | . | . |
+---+---+---+---+---+---+---+---+---+---+
| . | . | . | . | . | . | . | . | . | . |
+---+---+---+---+---+---+---+---+---+---+
| . | . | . | . | . | . | . | . | . | . |
+---+---+---+---+---+---+---+---+---+---+
| . | . | . | . | . | . | . | . | . | . |
+---+---+---+---+---+---+---+---+---+---+
| . | . | . | . | . | . | . | . | . | . |
+---+---+---+---+---+---+---+---+---+---+
| . | . | . | . | . | . | . | . | . | . |
+---+---+---+---+---+---+---+---+---+---+
| A | . | . | . | . | . | . | . | . | . |
+---+---+---+---+---+---+---+---+---+---+
| . | . | . | . | . | . | . | . | . | . |
+---+---+---+---+---+---+---+---+---+---+
agent's action is:  up
Room 2 | has_key=1
+---+---+---+---+---+---+---+---+---+---+
| . | . | . | . | D | . | . | . | . | . |
+---+---+---+---+---+---+---+---+---+---+
| . | . | . | . | . | . | . | . | . | . |
+---+---+---+---+---+---+---+---+---+---+
| . | . | . | . | . | . | . | . | . | . |
+---+---+---+---+---+---+---+---+---+---+
| . | . | . | . | . | . | . | . | . | . |
+---+---+---+---+---+---+---+---+---+---+
| . | . | . | . | . | . | . | . | . | . |
+---+---+---+---+---+---+---+---+---+---+
| . | . | . | . | . | . | . | . | . | . |
+---+---+---+---+---+---+---+---+---+---+
| . | . | . | . | . | . | . | . | . | . |
+---+---+---+---+---+---+---+---+---+---+
| A | . | . | . | . | . | . | . | . | . |
+---+---+---+---+---+---+---+---+---+---+
| . | . | . | . | . | . | . | . | . | . |
+---+---+---+---+---+---+---+---+---+---+
| . | . | . | . | . | . | . | . | . | . |
+---+---+---+---+---+---+---+---+---+---+
agent's action is:  up
Room 2 | has_key=1
+---+---+---+---+---+---+---+---+---+---+
| . | . | . | . | D | . | . | . | . | . |
+---+---+---+---+---+---+---+---+---+---+
| . | . | . | . | . | . | . | . | . | . |
+---+---+---+---+---+---+---+---+---+---+
| . | . | . | . | . | . | . | . | . | . |
+---+---+---+---+---+---+---+---+---+---+
| . | . | . | . | . | . | . | . | . | . |
+---+---+---+---+---+---+---+---+---+---+
| . | . | . | . | . | . | . | . | . | . |
+---+---+---+---+---+---+---+---+---+---+
| . | . | . | . | . | . | . | . | . | . |
+---+---+---+---+---+---+---+---+---+---+
| A | . | . | . | . | . | . | . | . | . |
+---+---+---+---+---+---+---+---+---+---+
| . | . | . | . | . | . | . | . | . | . |
+---+---+---+---+---+---+---+---+---+---+
| . | . | . | . | . | . | . | . | . | . |
+---+---+---+---+---+---+---+---+---+---+
| . | . | . | . | . | . | . | . | . | . |
+---+---+---+---+---+---+---+---+---+---+
agent's action is:  up
Room 2 | has_key=1
+---+---+---+---+---+---+---+---+---+---+
| . | . | . | . | D | . | . | . | . | . |
+---+---+---+---+---+---+---+---+---+---+
| . | . | . | . | . | . | . | . | . | . |
+---+---+---+---+---+---+---+---+---+---+
| . | . | . | . | . | . | . | . | . | . |
+---+---+---+---+---+---+---+---+---+---+
| . | . | . | . | . | . | . | . | . | . |
+---+---+---+---+---+---+---+---+---+---+
| . | . | . | . | . | . | . | . | . | . |
+---+---+---+---+---+---+---+---+---+---+
| A | . | . | . | . | . | . | . | . | . |
+---+---+---+---+---+---+---+---+---+---+
| . | . | . | . | . | . | . | . | . | . |
+---+---+---+---+---+---+---+---+---+---+
| . | . | . | . | . | . | . | . | . | . |
+---+---+---+---+---+---+---+---+---+---+
| . | . | . | . | . | . | . | . | . | . |
+---+---+---+---+---+---+---+---+---+---+
| . | . | . | . | . | . | . | . | . | . |
+---+---+---+---+---+---+---+---+---+---+
agent's action is:  up
Room 2 | has_key=1
+---+---+---+---+---+---+---+---+---+---+
| . | . | . | . | D | . | . | . | . | . |
+---+---+---+---+---+---+---+---+---+---+
| . | . | . | . | . | . | . | . | . | . |
+---+---+---+---+---+---+---+---+---+---+
| . | . | . | . | . | . | . | . | . | . |
+---+---+---+---+---+---+---+---+---+---+
| . | . | . | . | . | . | . | . | . | . |
+---+---+---+---+---+---+---+---+---+---+
| A | . | . | . | . | . | . | . | . | . |
+---+---+---+---+---+---+---+---+---+---+
| . | . | . | . | . | . | . | . | . | . |
+---+---+---+---+---+---+---+---+---+---+
| . | . | . | . | . | . | . | . | . | . |
+---+---+---+---+---+---+---+---+---+---+
| . | . | . | . | . | . | . | . | . | . |
+---+---+---+---+---+---+---+---+---+---+
| . | . | . | . | . | . | . | . | . | . |
+---+---+---+---+---+---+---+---+---+---+
| . | . | . | . | . | . | . | . | . | . |
+---+---+---+---+---+---+---+---+---+---+
agent's action is:  up
Room 2 | has_key=1
+---+---+---+---+---+---+---+---+---+---+
| . | . | . | . | D | . | . | . | . | . |
+---+---+---+---+---+---+---+---+---+---+
| . | . | . | . | . | . | . | . | . | . |
+---+---+---+---+---+---+---+---+---+---+
| . | . | . | . | . | . | . | . | . | . |
+---+---+---+---+---+---+---+---+---+---+
| A | . | . | . | . | . | . | . | . | . |
+---+---+---+---+---+---+---+---+---+---+
| . | . | . | . | . | . | . | . | . | . |
+---+---+---+---+---+---+---+---+---+---+
| . | . | . | . | . | . | . | . | . | . |
+---+---+---+---+---+---+---+---+---+---+
| . | . | . | . | . | . | . | . | . | . |
+---+---+---+---+---+---+---+---+---+---+
| . | . | . | . | . | . | . | . | . | . |
+---+---+---+---+---+---+---+---+---+---+
| . | . | . | . | . | . | . | . | . | . |
+---+---+---+---+---+---+---+---+---+---+
| . | . | . | . | . | . | . | . | . | . |
+---+---+---+---+---+---+---+---+---+---+
agent's action is:  up
Room 2 | has_key=1
+---+---+---+---+---+---+---+---+---+---+
| . | . | . | . | D | . | . | . | . | . |
+---+---+---+---+---+---+---+---+---+---+
| . | . | . | . | . | . | . | . | . | . |
+---+---+---+---+---+---+---+---+---+---+
| A | . | . | . | . | . | . | . | . | . |
+---+---+---+---+---+---+---+---+---+---+
| . | . | . | . | . | . | . | . | . | . |
+---+---+---+---+---+---+---+---+---+---+
| . | . | . | . | . | . | . | . | . | . |
+---+---+---+---+---+---+---+---+---+---+
| . | . | . | . | . | . | . | . | . | . |
+---+---+---+---+---+---+---+---+---+---+
| . | . | . | . | . | . | . | . | . | . |
+---+---+---+---+---+---+---+---+---+---+
| . | . | . | . | . | . | . | . | . | . |
+---+---+---+---+---+---+---+---+---+---+
| . | . | . | . | . | . | . | . | . | . |
+---+---+---+---+---+---+---+---+---+---+
| . | . | . | . | . | . | . | . | . | . |
+---+---+---+---+---+---+---+---+---+---+
agent's action is:  up
Room 2 | has_key=1
+---+---+---+---+---+---+---+---+---+---+
| . | . | . | . | D | . | . | . | . | . |
+---+---+---+---+---+---+---+---+---+---+
| A | . | . | . | . | . | . | . | . | . |
+---+---+---+---+---+---+---+---+---+---+
| . | . | . | . | . | . | . | . | . | . |
+---+---+---+---+---+---+---+---+---+---+
| . | . | . | . | . | . | . | . | . | . |
+---+---+---+---+---+---+---+---+---+---+
| . | . | . | . | . | . | . | . | . | . |
+---+---+---+---+---+---+---+---+---+---+
| . | . | . | . | . | . | . | . | . | . |
+---+---+---+---+---+---+---+---+---+---+
| . | . | . | . | . | . | . | . | . | . |
+---+---+---+---+---+---+---+---+---+---+
| . | . | . | . | . | . | . | . | . | . |
+---+---+---+---+---+---+---+---+---+---+
| . | . | . | . | . | . | . | . | . | . |
+---+---+---+---+---+---+---+---+---+---+
| . | . | . | . | . | . | . | . | . | . |
+---+---+---+---+---+---+---+---+---+---+
agent's action is:  up
Room 2 | has_key=1
+---+---+---+---+---+---+---+---+---+---+
| A | . | . | . | D | . | . | . | . | . |
+---+---+---+---+---+---+---+---+---+---+
| . | . | . | . | . | . | . | . | . | . |
+---+---+---+---+---+---+---+---+---+---+
| . | . | . | . | . | . | . | . | . | . |
+---+---+---+---+---+---+---+---+---+---+
| . | . | . | . | . | . | . | . | . | . |
+---+---+---+---+---+---+---+---+---+---+
| . | . | . | . | . | . | . | . | . | . |
+---+---+---+---+---+---+---+---+---+---+
| . | . | . | . | . | . | . | . | . | . |
+---+---+---+---+---+---+---+---+---+---+
| . | . | . | . | . | . | . | . | . | . |
+---+---+---+---+---+---+---+---+---+---+
| . | . | . | . | . | . | . | . | . | . |
+---+---+---+---+---+---+---+---+---+---+
| . | . | . | . | . | . | . | . | . | . |
+---+---+---+---+---+---+---+---+---+---+
| . | . | . | . | . | . | . | . | . | . |
+---+---+---+---+---+---+---+---+---+---+
agent's action is:  right
Room 2 | has_key=1
+---+---+---+---+---+---+---+---+---+---+
| . | A | . | . | D | . | . | . | . | . |
+---+---+---+---+---+---+---+---+---+---+
| . | . | . | . | . | . | . | . | . | . |
+---+---+---+---+---+---+---+---+---+---+
| . | . | . | . | . | . | . | . | . | . |
+---+---+---+---+---+---+---+---+---+---+
| . | . | . | . | . | . | . | . | . | . |
+---+---+---+---+---+---+---+---+---+---+
| . | . | . | . | . | . | . | . | . | . |
+---+---+---+---+---+---+---+---+---+---+
| . | . | . | . | . | . | . | . | . | . |
+---+---+---+---+---+---+---+---+---+---+
| . | . | . | . | . | . | . | . | . | . |
+---+---+---+---+---+---+---+---+---+---+
| . | . | . | . | . | . | . | . | . | . |
+---+---+---+---+---+---+---+---+---+---+
| . | . | . | . | . | . | . | . | . | . |
+---+---+---+---+---+---+---+---+---+---+
| . | . | . | . | . | . | . | . | . | . |
+---+---+---+---+---+---+---+---+---+---+
agent's action is:  right
Room 2 | has_key=1
+---+---+---+---+---+---+---+---+---+---+
| . | . | A | . | D | . | . | . | . | . |
+---+---+---+---+---+---+---+---+---+---+
| . | . | . | . | . | . | . | . | . | . |
+---+---+---+---+---+---+---+---+---+---+
| . | . | . | . | . | . | . | . | . | . |
+---+---+---+---+---+---+---+---+---+---+
| . | . | . | . | . | . | . | . | . | . |
+---+---+---+---+---+---+---+---+---+---+
| . | . | . | . | . | . | . | . | . | . |
+---+---+---+---+---+---+---+---+---+---+
| . | . | . | . | . | . | . | . | . | . |
+---+---+---+---+---+---+---+---+---+---+
| . | . | . | . | . | . | . | . | . | . |
+---+---+---+---+---+---+---+---+---+---+
| . | . | . | . | . | . | . | . | . | . |
+---+---+---+---+---+---+---+---+---+---+
| . | . | . | . | . | . | . | . | . | . |
+---+---+---+---+---+---+---+---+---+---+
| . | . | . | . | . | . | . | . | . | . |
+---+---+---+---+---+---+---+---+---+---+
agent's action is:  right
Room 2 | has_key=1
+---+---+---+---+---+---+---+---+---+---+
| . | . | . | A | D | . | . | . | . | . |
+---+---+---+---+---+---+---+---+---+---+
| . | . | . | . | . | . | . | . | . | . |
+---+---+---+---+---+---+---+---+---+---+
| . | . | . | . | . | . | . | . | . | . |
+---+---+---+---+---+---+---+---+---+---+
| . | . | . | . | . | . | . | . | . | . |
+---+---+---+---+---+---+---+---+---+---+
| . | . | . | . | . | . | . | . | . | . |
+---+---+---+---+---+---+---+---+---+---+
| . | . | . | . | . | . | . | . | . | . |
+---+---+---+---+---+---+---+---+---+---+
| . | . | . | . | . | . | . | . | . | . |
+---+---+---+---+---+---+---+---+---+---+
| . | . | . | . | . | . | . | . | . | . |
+---+---+---+---+---+---+---+---+---+---+
| . | . | . | . | . | . | . | . | . | . |
+---+---+---+---+---+---+---+---+---+---+
| . | . | . | . | . | . | . | . | . | . |
+---+---+---+---+---+---+---+---+---+---+
agent's action is:  right
Room 2 | has_key=1
+---+---+---+---+---+---+---+---+---+---+
| . | . | . | . | A | . | . | . | . | . |
+---+---+---+---+---+---+---+---+---+---+
| . | . | . | . | . | . | . | . | . | . |
+---+---+---+---+---+---+---+---+---+---+
| . | . | . | . | . | . | . | . | . | . |
+---+---+---+---+---+---+---+---+---+---+
| . | . | . | . | . | . | . | . | . | . |
+---+---+---+---+---+---+---+---+---+---+
| . | . | . | . | . | . | . | . | . | . |
+---+---+---+---+---+---+---+---+---+---+
| . | . | . | . | . | . | . | . | . | . |
+---+---+---+---+---+---+---+---+---+---+
| . | . | . | . | . | . | . | . | . | . |
+---+---+---+---+---+---+---+---+---+---+
| . | . | . | . | . | . | . | . | . | . |
+---+---+---+---+---+---+---+---+---+---+
| . | . | . | . | . | . | . | . | . | . |
+---+---+---+---+---+---+---+---+---+---+
| . | . | . | . | . | . | . | . | . | . |
+---+---+---+---+---+---+---+---+---+---+
2026-01-31 20:55:00,012 - INFO - DT agent's cumulative_reward: 9.48

Evaluating dt_ctx60...
2026-01-31 20:55:00,297 - INFO - Loaded DT model from /home/eyal.amdur/K2D/results/models/DT/context/dt_model_ctx60.d3
Room 0 | has_key=0
+---+---+---+---+---+---+---+---+---+---+
| . | . | . | . | . | . | . | . | . | . |
+---+---+---+---+---+---+---+---+---+---+
| . | . | . | . | . | . | . | . | . | . |
+---+---+---+---+---+---+---+---+---+---+
| . | . | K | . | . | . | . | . | . | . |
+---+---+---+---+---+---+---+---+---+---+
| . | . | . | . | . | . | . | . | . | . |
+---+---+---+---+---+---+---+---+---+---+
| . | . | . | . | . | . | . | . | . | . |
+---+---+---+---+---+---+---+---+---+---+
| . | . | . | . | . | . | . | . | . | . |
+---+---+---+---+---+---+---+---+---+---+
| . | . | . | . | . | . | . | . | . | . |
+---+---+---+---+---+---+---+---+---+---+
| . | . | . | . | . | . | . | . | . | . |
+---+---+---+---+---+---+---+---+---+---+
| . | . | . | . | . | . | . | . | . | . |
+---+---+---+---+---+---+---+---+---+---+
| A | . | . | . | . | . | . | . | . | . |
+---+---+---+---+---+---+---+---+---+---+
agent's action is:  up
Room 0 | has_key=0
+---+---+---+---+---+---+---+---+---+---+
| . | . | . | . | . | . | . | . | . | . |
+---+---+---+---+---+---+---+---+---+---+
| . | . | . | . | . | . | . | . | . | . |
+---+---+---+---+---+---+---+---+---+---+
| . | . | K | . | . | . | . | . | . | . |
+---+---+---+---+---+---+---+---+---+---+
| . | . | . | . | . | . | . | . | . | . |
+---+---+---+---+---+---+---+---+---+---+
| . | . | . | . | . | . | . | . | . | . |
+---+---+---+---+---+---+---+---+---+---+
| . | . | . | . | . | . | . | . | . | . |
+---+---+---+---+---+---+---+---+---+---+
| . | . | . | . | . | . | . | . | . | . |
+---+---+---+---+---+---+---+---+---+---+
| . | . | . | . | . | . | . | . | . | . |
+---+---+---+---+---+---+---+---+---+---+
| A | . | . | . | . | . | . | . | . | . |
+---+---+---+---+---+---+---+---+---+---+
| . | . | . | . | . | . | . | . | . | . |
+---+---+---+---+---+---+---+---+---+---+
agent's action is:  up
Room 0 | has_key=0
+---+---+---+---+---+---+---+---+---+---+
| . | . | . | . | . | . | . | . | . | . |
+---+---+---+---+---+---+---+---+---+---+
| . | . | . | . | . | . | . | . | . | . |
+---+---+---+---+---+---+---+---+---+---+
| . | . | K | . | . | . | . | . | . | . |
+---+---+---+---+---+---+---+---+---+---+
| . | . | . | . | . | . | . | . | . | . |
+---+---+---+---+---+---+---+---+---+---+
| . | . | . | . | . | . | . | . | . | . |
+---+---+---+---+---+---+---+---+---+---+
| . | . | . | . | . | . | . | . | . | . |
+---+---+---+---+---+---+---+---+---+---+
| . | . | . | . | . | . | . | . | . | . |
+---+---+---+---+---+---+---+---+---+---+
| A | . | . | . | . | . | . | . | . | . |
+---+---+---+---+---+---+---+---+---+---+
| . | . | . | . | . | . | . | . | . | . |
+---+---+---+---+---+---+---+---+---+---+
| . | . | . | . | . | . | . | . | . | . |
+---+---+---+---+---+---+---+---+---+---+
agent's action is:  up
Room 0 | has_key=0
+---+---+---+---+---+---+---+---+---+---+
| . | . | . | . | . | . | . | . | . | . |
+---+---+---+---+---+---+---+---+---+---+
| . | . | . | . | . | . | . | . | . | . |
+---+---+---+---+---+---+---+---+---+---+
| . | . | K | . | . | . | . | . | . | . |
+---+---+---+---+---+---+---+---+---+---+
| . | . | . | . | . | . | . | . | . | . |
+---+---+---+---+---+---+---+---+---+---+
| . | . | . | . | . | . | . | . | . | . |
+---+---+---+---+---+---+---+---+---+---+
| . | . | . | . | . | . | . | . | . | . |
+---+---+---+---+---+---+---+---+---+---+
| A | . | . | . | . | . | . | . | . | . |
+---+---+---+---+---+---+---+---+---+---+
| . | . | . | . | . | . | . | . | . | . |
+---+---+---+---+---+---+---+---+---+---+
| . | . | . | . | . | . | . | . | . | . |
+---+---+---+---+---+---+---+---+---+---+
| . | . | . | . | . | . | . | . | . | . |
+---+---+---+---+---+---+---+---+---+---+
agent's action is:  up
Room 0 | has_key=0
+---+---+---+---+---+---+---+---+---+---+
| . | . | . | . | . | . | . | . | . | . |
+---+---+---+---+---+---+---+---+---+---+
| . | . | . | . | . | . | . | . | . | . |
+---+---+---+---+---+---+---+---+---+---+
| . | . | K | . | . | . | . | . | . | . |
+---+---+---+---+---+---+---+---+---+---+
| . | . | . | . | . | . | . | . | . | . |
+---+---+---+---+---+---+---+---+---+---+
| . | . | . | . | . | . | . | . | . | . |
+---+---+---+---+---+---+---+---+---+---+
| A | . | . | . | . | . | . | . | . | . |
+---+---+---+---+---+---+---+---+---+---+
| . | . | . | . | . | . | . | . | . | . |
+---+---+---+---+---+---+---+---+---+---+
| . | . | . | . | . | . | . | . | . | . |
+---+---+---+---+---+---+---+---+---+---+
| . | . | . | . | . | . | . | . | . | . |
+---+---+---+---+---+---+---+---+---+---+
| . | . | . | . | . | . | . | . | . | . |
+---+---+---+---+---+---+---+---+---+---+
agent's action is:  up
Room 0 | has_key=0
+---+---+---+---+---+---+---+---+---+---+
| . | . | . | . | . | . | . | . | . | . |
+---+---+---+---+---+---+---+---+---+---+
| . | . | . | . | . | . | . | . | . | . |
+---+---+---+---+---+---+---+---+---+---+
| . | . | K | . | . | . | . | . | . | . |
+---+---+---+---+---+---+---+---+---+---+
| . | . | . | . | . | . | . | . | . | . |
+---+---+---+---+---+---+---+---+---+---+
| A | . | . | . | . | . | . | . | . | . |
+---+---+---+---+---+---+---+---+---+---+
| . | . | . | . | . | . | . | . | . | . |
+---+---+---+---+---+---+---+---+---+---+
| . | . | . | . | . | . | . | . | . | . |
+---+---+---+---+---+---+---+---+---+---+
| . | . | . | . | . | . | . | . | . | . |
+---+---+---+---+---+---+---+---+---+---+
| . | . | . | . | . | . | . | . | . | . |
+---+---+---+---+---+---+---+---+---+---+
| . | . | . | . | . | . | . | . | . | . |
+---+---+---+---+---+---+---+---+---+---+
agent's action is:  up
Room 0 | has_key=0
+---+---+---+---+---+---+---+---+---+---+
| . | . | . | . | . | . | . | . | . | . |
+---+---+---+---+---+---+---+---+---+---+
| . | . | . | . | . | . | . | . | . | . |
+---+---+---+---+---+---+---+---+---+---+
| . | . | K | . | . | . | . | . | . | . |
+---+---+---+---+---+---+---+---+---+---+
| A | . | . | . | . | . | . | . | . | . |
+---+---+---+---+---+---+---+---+---+---+
| . | . | . | . | . | . | . | . | . | . |
+---+---+---+---+---+---+---+---+---+---+
| . | . | . | . | . | . | . | . | . | . |
+---+---+---+---+---+---+---+---+---+---+
| . | . | . | . | . | . | . | . | . | . |
+---+---+---+---+---+---+---+---+---+---+
| . | . | . | . | . | . | . | . | . | . |
+---+---+---+---+---+---+---+---+---+---+
| . | . | . | . | . | . | . | . | . | . |
+---+---+---+---+---+---+---+---+---+---+
| . | . | . | . | . | . | . | . | . | . |
+---+---+---+---+---+---+---+---+---+---+
agent's action is:  up
Room 0 | has_key=0
+---+---+---+---+---+---+---+---+---+---+
| . | . | . | . | . | . | . | . | . | . |
+---+---+---+---+---+---+---+---+---+---+
| . | . | . | . | . | . | . | . | . | . |
+---+---+---+---+---+---+---+---+---+---+
| A | . | K | . | . | . | . | . | . | . |
+---+---+---+---+---+---+---+---+---+---+
| . | . | . | . | . | . | . | . | . | . |
+---+---+---+---+---+---+---+---+---+---+
| . | . | . | . | . | . | . | . | . | . |
+---+---+---+---+---+---+---+---+---+---+
| . | . | . | . | . | . | . | . | . | . |
+---+---+---+---+---+---+---+---+---+---+
| . | . | . | . | . | . | . | . | . | . |
+---+---+---+---+---+---+---+---+---+---+
| . | . | . | . | . | . | . | . | . | . |
+---+---+---+---+---+---+---+---+---+---+
| . | . | . | . | . | . | . | . | . | . |
+---+---+---+---+---+---+---+---+---+---+
| . | . | . | . | . | . | . | . | . | . |
+---+---+---+---+---+---+---+---+---+---+
agent's action is:  right
Room 0 | has_key=0
+---+---+---+---+---+---+---+---+---+---+
| . | . | . | . | . | . | . | . | . | . |
+---+---+---+---+---+---+---+---+---+---+
| . | . | . | . | . | . | . | . | . | . |
+---+---+---+---+---+---+---+---+---+---+
| . | A | K | . | . | . | . | . | . | . |
+---+---+---+---+---+---+---+---+---+---+
| . | . | . | . | . | . | . | . | . | . |
+---+---+---+---+---+---+---+---+---+---+
| . | . | . | . | . | . | . | . | . | . |
+---+---+---+---+---+---+---+---+---+---+
| . | . | . | . | . | . | . | . | . | . |
+---+---+---+---+---+---+---+---+---+---+
| . | . | . | . | . | . | . | . | . | . |
+---+---+---+---+---+---+---+---+---+---+
| . | . | . | . | . | . | . | . | . | . |
+---+---+---+---+---+---+---+---+---+---+
| . | . | . | . | . | . | . | . | . | . |
+---+---+---+---+---+---+---+---+---+---+
| . | . | . | . | . | . | . | . | . | . |
+---+---+---+---+---+---+---+---+---+---+
agent's action is:  right
Room 0 | has_key=0
+---+---+---+---+---+---+---+---+---+---+
| . | . | . | . | . | . | . | . | . | . |
+---+---+---+---+---+---+---+---+---+---+
| . | . | . | . | . | . | . | . | . | . |
+---+---+---+---+---+---+---+---+---+---+
| . | . | A | . | . | . | . | . | . | . |
+---+---+---+---+---+---+---+---+---+---+
| . | . | . | . | . | . | . | . | . | . |
+---+---+---+---+---+---+---+---+---+---+
| . | . | . | . | . | . | . | . | . | . |
+---+---+---+---+---+---+---+---+---+---+
| . | . | . | . | . | . | . | . | . | . |
+---+---+---+---+---+---+---+---+---+---+
| . | . | . | . | . | . | . | . | . | . |
+---+---+---+---+---+---+---+---+---+---+
| . | . | . | . | . | . | . | . | . | . |
+---+---+---+---+---+---+---+---+---+---+
| . | . | . | . | . | . | . | . | . | . |
+---+---+---+---+---+---+---+---+---+---+
| . | . | . | . | . | . | . | . | . | . |
+---+---+---+---+---+---+---+---+---+---+
agent's action is:  pick up key
Room 0 | has_key=1
+---+---+---+---+---+---+---+---+---+---+
| . | . | . | . | . | . | . | . | . | . |
+---+---+---+---+---+---+---+---+---+---+
| . | . | . | . | . | . | . | . | . | . |
+---+---+---+---+---+---+---+---+---+---+
| . | . | A | . | . | . | . | . | . | . |
+---+---+---+---+---+---+---+---+---+---+
| . | . | . | . | . | . | . | . | . | . |
+---+---+---+---+---+---+---+---+---+---+
| . | . | . | . | . | . | . | . | . | . |
+---+---+---+---+---+---+---+---+---+---+
| . | . | . | . | . | . | . | . | . | . |
+---+---+---+---+---+---+---+---+---+---+
| . | . | . | . | . | . | . | . | . | . |
+---+---+---+---+---+---+---+---+---+---+
| . | . | . | . | . | . | . | . | . | . |
+---+---+---+---+---+---+---+---+---+---+
| . | . | . | . | . | . | . | . | . | . |
+---+---+---+---+---+---+---+---+---+---+
| . | . | . | . | . | . | . | . | . | . |
+---+---+---+---+---+---+---+---+---+---+
agent's action is:  up
Room 0 | has_key=1
+---+---+---+---+---+---+---+---+---+---+
| . | . | . | . | . | . | . | . | . | . |
+---+---+---+---+---+---+---+---+---+---+
| . | . | A | . | . | . | . | . | . | . |
+---+---+---+---+---+---+---+---+---+---+
| . | . | . | . | . | . | . | . | . | . |
+---+---+---+---+---+---+---+---+---+---+
| . | . | . | . | . | . | . | . | . | . |
+---+---+---+---+---+---+---+---+---+---+
| . | . | . | . | . | . | . | . | . | . |
+---+---+---+---+---+---+---+---+---+---+
| . | . | . | . | . | . | . | . | . | . |
+---+---+---+---+---+---+---+---+---+---+
| . | . | . | . | . | . | . | . | . | . |
+---+---+---+---+---+---+---+---+---+---+
| . | . | . | . | . | . | . | . | . | . |
+---+---+---+---+---+---+---+---+---+---+
| . | . | . | . | . | . | . | . | . | . |
+---+---+---+---+---+---+---+---+---+---+
| . | . | . | . | . | . | . | . | . | . |
+---+---+---+---+---+---+---+---+---+---+
agent's action is:  up
Room 0 | has_key=1
+---+---+---+---+---+---+---+---+---+---+
| . | . | A | . | . | . | . | . | . | . |
+---+---+---+---+---+---+---+---+---+---+
| . | . | . | . | . | . | . | . | . | . |
+---+---+---+---+---+---+---+---+---+---+
| . | . | . | . | . | . | . | . | . | . |
+---+---+---+---+---+---+---+---+---+---+
| . | . | . | . | . | . | . | . | . | . |
+---+---+---+---+---+---+---+---+---+---+
| . | . | . | . | . | . | . | . | . | . |
+---+---+---+---+---+---+---+---+---+---+
| . | . | . | . | . | . | . | . | . | . |
+---+---+---+---+---+---+---+---+---+---+
| . | . | . | . | . | . | . | . | . | . |
+---+---+---+---+---+---+---+---+---+---+
| . | . | . | . | . | . | . | . | . | . |
+---+---+---+---+---+---+---+---+---+---+
| . | . | . | . | . | . | . | . | . | . |
+---+---+---+---+---+---+---+---+---+---+
| . | . | . | . | . | . | . | . | . | . |
+---+---+---+---+---+---+---+---+---+---+
agent's action is:  up
Room 0 | has_key=1
+---+---+---+---+---+---+---+---+---+---+
| . | . | A | . | . | . | . | . | . | . |
+---+---+---+---+---+---+---+---+---+---+
| . | . | . | . | . | . | . | . | . | . |
+---+---+---+---+---+---+---+---+---+---+
| . | . | . | . | . | . | . | . | . | . |
+---+---+---+---+---+---+---+---+---+---+
| . | . | . | . | . | . | . | . | . | . |
+---+---+---+---+---+---+---+---+---+---+
| . | . | . | . | . | . | . | . | . | . |
+---+---+---+---+---+---+---+---+---+---+
| . | . | . | . | . | . | . | . | . | . |
+---+---+---+---+---+---+---+---+---+---+
| . | . | . | . | . | . | . | . | . | . |
+---+---+---+---+---+---+---+---+---+---+
| . | . | . | . | . | . | . | . | . | . |
+---+---+---+---+---+---+---+---+---+---+
| . | . | . | . | . | . | . | . | . | . |
+---+---+---+---+---+---+---+---+---+---+
| . | . | . | . | . | . | . | . | . | . |
+---+---+---+---+---+---+---+---+---+---+
agent's action is:  up
Room 0 | has_key=1
+---+---+---+---+---+---+---+---+---+---+
| . | . | A | . | . | . | . | . | . | . |
+---+---+---+---+---+---+---+---+---+---+
| . | . | . | . | . | . | . | . | . | . |
+---+---+---+---+---+---+---+---+---+---+
| . | . | . | . | . | . | . | . | . | . |
+---+---+---+---+---+---+---+---+---+---+
| . | . | . | . | . | . | . | . | . | . |
+---+---+---+---+---+---+---+---+---+---+
| . | . | . | . | . | . | . | . | . | . |
+---+---+---+---+---+---+---+---+---+---+
| . | . | . | . | . | . | . | . | . | . |
+---+---+---+---+---+---+---+---+---+---+
| . | . | . | . | . | . | . | . | . | . |
+---+---+---+---+---+---+---+---+---+---+
| . | . | . | . | . | . | . | . | . | . |
+---+---+---+---+---+---+---+---+---+---+
| . | . | . | . | . | . | . | . | . | . |
+---+---+---+---+---+---+---+---+---+---+
| . | . | . | . | . | . | . | . | . | . |
+---+---+---+---+---+---+---+---+---+---+
agent's action is:  up
Room 0 | has_key=1
+---+---+---+---+---+---+---+---+---+---+
| . | . | A | . | . | . | . | . | . | . |
+---+---+---+---+---+---+---+---+---+---+
| . | . | . | . | . | . | . | . | . | . |
+---+---+---+---+---+---+---+---+---+---+
| . | . | . | . | . | . | . | . | . | . |
+---+---+---+---+---+---+---+---+---+---+
| . | . | . | . | . | . | . | . | . | . |
+---+---+---+---+---+---+---+---+---+---+
| . | . | . | . | . | . | . | . | . | . |
+---+---+---+---+---+---+---+---+---+---+
| . | . | . | . | . | . | . | . | . | . |
+---+---+---+---+---+---+---+---+---+---+
| . | . | . | . | . | . | . | . | . | . |
+---+---+---+---+---+---+---+---+---+---+
| . | . | . | . | . | . | . | . | . | . |
+---+---+---+---+---+---+---+---+---+---+
| . | . | . | . | . | . | . | . | . | . |
+---+---+---+---+---+---+---+---+---+---+
| . | . | . | . | . | . | . | . | . | . |
+---+---+---+---+---+---+---+---+---+---+
agent's action is:  up
Room 0 | has_key=1
+---+---+---+---+---+---+---+---+---+---+
| . | . | A | . | . | . | . | . | . | . |
+---+---+---+---+---+---+---+---+---+---+
| . | . | . | . | . | . | . | . | . | . |
+---+---+---+---+---+---+---+---+---+---+
| . | . | . | . | . | . | . | . | . | . |
+---+---+---+---+---+---+---+---+---+---+
| . | . | . | . | . | . | . | . | . | . |
+---+---+---+---+---+---+---+---+---+---+
| . | . | . | . | . | . | . | . | . | . |
+---+---+---+---+---+---+---+---+---+---+
| . | . | . | . | . | . | . | . | . | . |
+---+---+---+---+---+---+---+---+---+---+
| . | . | . | . | . | . | . | . | . | . |
+---+---+---+---+---+---+---+---+---+---+
| . | . | . | . | . | . | . | . | . | . |
+---+---+---+---+---+---+---+---+---+---+
| . | . | . | . | . | . | . | . | . | . |
+---+---+---+---+---+---+---+---+---+---+
| . | . | . | . | . | . | . | . | . | . |
+---+---+---+---+---+---+---+---+---+---+
agent's action is:  up
Room 0 | has_key=1
+---+---+---+---+---+---+---+---+---+---+
| . | . | A | . | . | . | . | . | . | . |
+---+---+---+---+---+---+---+---+---+---+
| . | . | . | . | . | . | . | . | . | . |
+---+---+---+---+---+---+---+---+---+---+
| . | . | . | . | . | . | . | . | . | . |
+---+---+---+---+---+---+---+---+---+---+
| . | . | . | . | . | . | . | . | . | . |
+---+---+---+---+---+---+---+---+---+---+
| . | . | . | . | . | . | . | . | . | . |
+---+---+---+---+---+---+---+---+---+---+
| . | . | . | . | . | . | . | . | . | . |
+---+---+---+---+---+---+---+---+---+---+
| . | . | . | . | . | . | . | . | . | . |
+---+---+---+---+---+---+---+---+---+---+
| . | . | . | . | . | . | . | . | . | . |
+---+---+---+---+---+---+---+---+---+---+
| . | . | . | . | . | . | . | . | . | . |
+---+---+---+---+---+---+---+---+---+---+
| . | . | . | . | . | . | . | . | . | . |
+---+---+---+---+---+---+---+---+---+---+
agent's action is:  up
Room 0 | has_key=1
+---+---+---+---+---+---+---+---+---+---+
| . | . | A | . | . | . | . | . | . | . |
+---+---+---+---+---+---+---+---+---+---+
| . | . | . | . | . | . | . | . | . | . |
+---+---+---+---+---+---+---+---+---+---+
| . | . | . | . | . | . | . | . | . | . |
+---+---+---+---+---+---+---+---+---+---+
| . | . | . | . | . | . | . | . | . | . |
+---+---+---+---+---+---+---+---+---+---+
| . | . | . | . | . | . | . | . | . | . |
+---+---+---+---+---+---+---+---+---+---+
| . | . | . | . | . | . | . | . | . | . |
+---+---+---+---+---+---+---+---+---+---+
| . | . | . | . | . | . | . | . | . | . |
+---+---+---+---+---+---+---+---+---+---+
| . | . | . | . | . | . | . | . | . | . |
+---+---+---+---+---+---+---+---+---+---+
| . | . | . | . | . | . | . | . | . | . |
+---+---+---+---+---+---+---+---+---+---+
| . | . | . | . | . | . | . | . | . | . |
+---+---+---+---+---+---+---+---+---+---+
agent's action is:  up
Room 0 | has_key=1
+---+---+---+---+---+---+---+---+---+---+
| . | . | A | . | . | . | . | . | . | . |
+---+---+---+---+---+---+---+---+---+---+
| . | . | . | . | . | . | . | . | . | . |
+---+---+---+---+---+---+---+---+---+---+
| . | . | . | . | . | . | . | . | . | . |
+---+---+---+---+---+---+---+---+---+---+
| . | . | . | . | . | . | . | . | . | . |
+---+---+---+---+---+---+---+---+---+---+
| . | . | . | . | . | . | . | . | . | . |
+---+---+---+---+---+---+---+---+---+---+
| . | . | . | . | . | . | . | . | . | . |
+---+---+---+---+---+---+---+---+---+---+
| . | . | . | . | . | . | . | . | . | . |
+---+---+---+---+---+---+---+---+---+---+
| . | . | . | . | . | . | . | . | . | . |
+---+---+---+---+---+---+---+---+---+---+
| . | . | . | . | . | . | . | . | . | . |
+---+---+---+---+---+---+---+---+---+---+
| . | . | . | . | . | . | . | . | . | . |
+---+---+---+---+---+---+---+---+---+---+
agent's action is:  up
Room 1 | has_key=1
+---+---+---+---+---+---+---+---+---+---+
| . | . | . | . | . | . | . | . | . | . |
+---+---+---+---+---+---+---+---+---+---+
| . | . | . | . | . | . | . | . | . | . |
+---+---+---+---+---+---+---+---+---+---+
| . | . | . | . | . | . | . | . | . | . |
+---+---+---+---+---+---+---+---+---+---+
| . | . | . | . | . | . | . | . | . | . |
+---+---+---+---+---+---+---+---+---+---+
| . | . | . | . | . | . | . | . | . | . |
+---+---+---+---+---+---+---+---+---+---+
| . | . | . | . | . | . | . | . | . | . |
+---+---+---+---+---+---+---+---+---+---+
| . | . | . | . | . | . | . | . | . | . |
+---+---+---+---+---+---+---+---+---+---+
| . | . | . | . | . | . | . | . | . | . |
+---+---+---+---+---+---+---+---+---+---+
| . | . | . | . | . | . | . | . | . | . |
+---+---+---+---+---+---+---+---+---+---+
| A | . | . | . | . | . | . | . | . | . |
+---+---+---+---+---+---+---+---+---+---+
agent's action is:  up
Room 1 | has_key=1
+---+---+---+---+---+---+---+---+---+---+
| . | . | . | . | . | . | . | . | . | . |
+---+---+---+---+---+---+---+---+---+---+
| . | . | . | . | . | . | . | . | . | . |
+---+---+---+---+---+---+---+---+---+---+
| . | . | . | . | . | . | . | . | . | . |
+---+---+---+---+---+---+---+---+---+---+
| . | . | . | . | . | . | . | . | . | . |
+---+---+---+---+---+---+---+---+---+---+
| . | . | . | . | . | . | . | . | . | . |
+---+---+---+---+---+---+---+---+---+---+
| . | . | . | . | . | . | . | . | . | . |
+---+---+---+---+---+---+---+---+---+---+
| . | . | . | . | . | . | . | . | . | . |
+---+---+---+---+---+---+---+---+---+---+
| . | . | . | . | . | . | . | . | . | . |
+---+---+---+---+---+---+---+---+---+---+
| A | . | . | . | . | . | . | . | . | . |
+---+---+---+---+---+---+---+---+---+---+
| . | . | . | . | . | . | . | . | . | . |
+---+---+---+---+---+---+---+---+---+---+
agent's action is:  up
Room 1 | has_key=1
+---+---+---+---+---+---+---+---+---+---+
| . | . | . | . | . | . | . | . | . | . |
+---+---+---+---+---+---+---+---+---+---+
| . | . | . | . | . | . | . | . | . | . |
+---+---+---+---+---+---+---+---+---+---+
| . | . | . | . | . | . | . | . | . | . |
+---+---+---+---+---+---+---+---+---+---+
| . | . | . | . | . | . | . | . | . | . |
+---+---+---+---+---+---+---+---+---+---+
| . | . | . | . | . | . | . | . | . | . |
+---+---+---+---+---+---+---+---+---+---+
| . | . | . | . | . | . | . | . | . | . |
+---+---+---+---+---+---+---+---+---+---+
| . | . | . | . | . | . | . | . | . | . |
+---+---+---+---+---+---+---+---+---+---+
| A | . | . | . | . | . | . | . | . | . |
+---+---+---+---+---+---+---+---+---+---+
| . | . | . | . | . | . | . | . | . | . |
+---+---+---+---+---+---+---+---+---+---+
| . | . | . | . | . | . | . | . | . | . |
+---+---+---+---+---+---+---+---+---+---+
agent's action is:  up
Room 1 | has_key=1
+---+---+---+---+---+---+---+---+---+---+
| . | . | . | . | . | . | . | . | . | . |
+---+---+---+---+---+---+---+---+---+---+
| . | . | . | . | . | . | . | . | . | . |
+---+---+---+---+---+---+---+---+---+---+
| . | . | . | . | . | . | . | . | . | . |
+---+---+---+---+---+---+---+---+---+---+
| . | . | . | . | . | . | . | . | . | . |
+---+---+---+---+---+---+---+---+---+---+
| . | . | . | . | . | . | . | . | . | . |
+---+---+---+---+---+---+---+---+---+---+
| . | . | . | . | . | . | . | . | . | . |
+---+---+---+---+---+---+---+---+---+---+
| A | . | . | . | . | . | . | . | . | . |
+---+---+---+---+---+---+---+---+---+---+
| . | . | . | . | . | . | . | . | . | . |
+---+---+---+---+---+---+---+---+---+---+
| . | . | . | . | . | . | . | . | . | . |
+---+---+---+---+---+---+---+---+---+---+
| . | . | . | . | . | . | . | . | . | . |
+---+---+---+---+---+---+---+---+---+---+
agent's action is:  up
Room 1 | has_key=1
+---+---+---+---+---+---+---+---+---+---+
| . | . | . | . | . | . | . | . | . | . |
+---+---+---+---+---+---+---+---+---+---+
| . | . | . | . | . | . | . | . | . | . |
+---+---+---+---+---+---+---+---+---+---+
| . | . | . | . | . | . | . | . | . | . |
+---+---+---+---+---+---+---+---+---+---+
| . | . | . | . | . | . | . | . | . | . |
+---+---+---+---+---+---+---+---+---+---+
| . | . | . | . | . | . | . | . | . | . |
+---+---+---+---+---+---+---+---+---+---+
| A | . | . | . | . | . | . | . | . | . |
+---+---+---+---+---+---+---+---+---+---+
| . | . | . | . | . | . | . | . | . | . |
+---+---+---+---+---+---+---+---+---+---+
| . | . | . | . | . | . | . | . | . | . |
+---+---+---+---+---+---+---+---+---+---+
| . | . | . | . | . | . | . | . | . | . |
+---+---+---+---+---+---+---+---+---+---+
| . | . | . | . | . | . | . | . | . | . |
+---+---+---+---+---+---+---+---+---+---+
agent's action is:  up
Room 1 | has_key=1
+---+---+---+---+---+---+---+---+---+---+
| . | . | . | . | . | . | . | . | . | . |
+---+---+---+---+---+---+---+---+---+---+
| . | . | . | . | . | . | . | . | . | . |
+---+---+---+---+---+---+---+---+---+---+
| . | . | . | . | . | . | . | . | . | . |
+---+---+---+---+---+---+---+---+---+---+
| . | . | . | . | . | . | . | . | . | . |
+---+---+---+---+---+---+---+---+---+---+
| A | . | . | . | . | . | . | . | . | . |
+---+---+---+---+---+---+---+---+---+---+
| . | . | . | . | . | . | . | . | . | . |
+---+---+---+---+---+---+---+---+---+---+
| . | . | . | . | . | . | . | . | . | . |
+---+---+---+---+---+---+---+---+---+---+
| . | . | . | . | . | . | . | . | . | . |
+---+---+---+---+---+---+---+---+---+---+
| . | . | . | . | . | . | . | . | . | . |
+---+---+---+---+---+---+---+---+---+---+
| . | . | . | . | . | . | . | . | . | . |
+---+---+---+---+---+---+---+---+---+---+
agent's action is:  up
Room 1 | has_key=1
+---+---+---+---+---+---+---+---+---+---+
| . | . | . | . | . | . | . | . | . | . |
+---+---+---+---+---+---+---+---+---+---+
| . | . | . | . | . | . | . | . | . | . |
+---+---+---+---+---+---+---+---+---+---+
| . | . | . | . | . | . | . | . | . | . |
+---+---+---+---+---+---+---+---+---+---+
| A | . | . | . | . | . | . | . | . | . |
+---+---+---+---+---+---+---+---+---+---+
| . | . | . | . | . | . | . | . | . | . |
+---+---+---+---+---+---+---+---+---+---+
| . | . | . | . | . | . | . | . | . | . |
+---+---+---+---+---+---+---+---+---+---+
| . | . | . | . | . | . | . | . | . | . |
+---+---+---+---+---+---+---+---+---+---+
| . | . | . | . | . | . | . | . | . | . |
+---+---+---+---+---+---+---+---+---+---+
| . | . | . | . | . | . | . | . | . | . |
+---+---+---+---+---+---+---+---+---+---+
| . | . | . | . | . | . | . | . | . | . |
+---+---+---+---+---+---+---+---+---+---+
agent's action is:  up
Room 1 | has_key=1
+---+---+---+---+---+---+---+---+---+---+
| . | . | . | . | . | . | . | . | . | . |
+---+---+---+---+---+---+---+---+---+---+
| . | . | . | . | . | . | . | . | . | . |
+---+---+---+---+---+---+---+---+---+---+
| A | . | . | . | . | . | . | . | . | . |
+---+---+---+---+---+---+---+---+---+---+
| . | . | . | . | . | . | . | . | . | . |
+---+---+---+---+---+---+---+---+---+---+
| . | . | . | . | . | . | . | . | . | . |
+---+---+---+---+---+---+---+---+---+---+
| . | . | . | . | . | . | . | . | . | . |
+---+---+---+---+---+---+---+---+---+---+
| . | . | . | . | . | . | . | . | . | . |
+---+---+---+---+---+---+---+---+---+---+
| . | . | . | . | . | . | . | . | . | . |
+---+---+---+---+---+---+---+---+---+---+
| . | . | . | . | . | . | . | . | . | . |
+---+---+---+---+---+---+---+---+---+---+
| . | . | . | . | . | . | . | . | . | . |
+---+---+---+---+---+---+---+---+---+---+
agent's action is:  up
Room 1 | has_key=1
+---+---+---+---+---+---+---+---+---+---+
| . | . | . | . | . | . | . | . | . | . |
+---+---+---+---+---+---+---+---+---+---+
| A | . | . | . | . | . | . | . | . | . |
+---+---+---+---+---+---+---+---+---+---+
| . | . | . | . | . | . | . | . | . | . |
+---+---+---+---+---+---+---+---+---+---+
| . | . | . | . | . | . | . | . | . | . |
+---+---+---+---+---+---+---+---+---+---+
| . | . | . | . | . | . | . | . | . | . |
+---+---+---+---+---+---+---+---+---+---+
| . | . | . | . | . | . | . | . | . | . |
+---+---+---+---+---+---+---+---+---+---+
| . | . | . | . | . | . | . | . | . | . |
+---+---+---+---+---+---+---+---+---+---+
| . | . | . | . | . | . | . | . | . | . |
+---+---+---+---+---+---+---+---+---+---+
| . | . | . | . | . | . | . | . | . | . |
+---+---+---+---+---+---+---+---+---+---+
| . | . | . | . | . | . | . | . | . | . |
+---+---+---+---+---+---+---+---+---+---+
agent's action is:  up
Room 1 | has_key=1
+---+---+---+---+---+---+---+---+---+---+
| A | . | . | . | . | . | . | . | . | . |
+---+---+---+---+---+---+---+---+---+---+
| . | . | . | . | . | . | . | . | . | . |
+---+---+---+---+---+---+---+---+---+---+
| . | . | . | . | . | . | . | . | . | . |
+---+---+---+---+---+---+---+---+---+---+
| . | . | . | . | . | . | . | . | . | . |
+---+---+---+---+---+---+---+---+---+---+
| . | . | . | . | . | . | . | . | . | . |
+---+---+---+---+---+---+---+---+---+---+
| . | . | . | . | . | . | . | . | . | . |
+---+---+---+---+---+---+---+---+---+---+
| . | . | . | . | . | . | . | . | . | . |
+---+---+---+---+---+---+---+---+---+---+
| . | . | . | . | . | . | . | . | . | . |
+---+---+---+---+---+---+---+---+---+---+
| . | . | . | . | . | . | . | . | . | . |
+---+---+---+---+---+---+---+---+---+---+
| . | . | . | . | . | . | . | . | . | . |
+---+---+---+---+---+---+---+---+---+---+
agent's action is:  up
Room 1 | has_key=1
+---+---+---+---+---+---+---+---+---+---+
| A | . | . | . | . | . | . | . | . | . |
+---+---+---+---+---+---+---+---+---+---+
| . | . | . | . | . | . | . | . | . | . |
+---+---+---+---+---+---+---+---+---+---+
| . | . | . | . | . | . | . | . | . | . |
+---+---+---+---+---+---+---+---+---+---+
| . | . | . | . | . | . | . | . | . | . |
+---+---+---+---+---+---+---+---+---+---+
| . | . | . | . | . | . | . | . | . | . |
+---+---+---+---+---+---+---+---+---+---+
| . | . | . | . | . | . | . | . | . | . |
+---+---+---+---+---+---+---+---+---+---+
| . | . | . | . | . | . | . | . | . | . |
+---+---+---+---+---+---+---+---+---+---+
| . | . | . | . | . | . | . | . | . | . |
+---+---+---+---+---+---+---+---+---+---+
| . | . | . | . | . | . | . | . | . | . |
+---+---+---+---+---+---+---+---+---+---+
| . | . | . | . | . | . | . | . | . | . |
+---+---+---+---+---+---+---+---+---+---+
agent's action is:  up
Room 1 | has_key=1
+---+---+---+---+---+---+---+---+---+---+
| A | . | . | . | . | . | . | . | . | . |
+---+---+---+---+---+---+---+---+---+---+
| . | . | . | . | . | . | . | . | . | . |
+---+---+---+---+---+---+---+---+---+---+
| . | . | . | . | . | . | . | . | . | . |
+---+---+---+---+---+---+---+---+---+---+
| . | . | . | . | . | . | . | . | . | . |
+---+---+---+---+---+---+---+---+---+---+
| . | . | . | . | . | . | . | . | . | . |
+---+---+---+---+---+---+---+---+---+---+
| . | . | . | . | . | . | . | . | . | . |
+---+---+---+---+---+---+---+---+---+---+
| . | . | . | . | . | . | . | . | . | . |
+---+---+---+---+---+---+---+---+---+---+
| . | . | . | . | . | . | . | . | . | . |
+---+---+---+---+---+---+---+---+---+---+
| . | . | . | . | . | . | . | . | . | . |
+---+---+---+---+---+---+---+---+---+---+
| . | . | . | . | . | . | . | . | . | . |
+---+---+---+---+---+---+---+---+---+---+
agent's action is:  up
Room 1 | has_key=1
+---+---+---+---+---+---+---+---+---+---+
| A | . | . | . | . | . | . | . | . | . |
+---+---+---+---+---+---+---+---+---+---+
| . | . | . | . | . | . | . | . | . | . |
+---+---+---+---+---+---+---+---+---+---+
| . | . | . | . | . | . | . | . | . | . |
+---+---+---+---+---+---+---+---+---+---+
| . | . | . | . | . | . | . | . | . | . |
+---+---+---+---+---+---+---+---+---+---+
| . | . | . | . | . | . | . | . | . | . |
+---+---+---+---+---+---+---+---+---+---+
| . | . | . | . | . | . | . | . | . | . |
+---+---+---+---+---+---+---+---+---+---+
| . | . | . | . | . | . | . | . | . | . |
+---+---+---+---+---+---+---+---+---+---+
| . | . | . | . | . | . | . | . | . | . |
+---+---+---+---+---+---+---+---+---+---+
| . | . | . | . | . | . | . | . | . | . |
+---+---+---+---+---+---+---+---+---+---+
| . | . | . | . | . | . | . | . | . | . |
+---+---+---+---+---+---+---+---+---+---+
agent's action is:  up
Room 1 | has_key=1
+---+---+---+---+---+---+---+---+---+---+
| A | . | . | . | . | . | . | . | . | . |
+---+---+---+---+---+---+---+---+---+---+
| . | . | . | . | . | . | . | . | . | . |
+---+---+---+---+---+---+---+---+---+---+
| . | . | . | . | . | . | . | . | . | . |
+---+---+---+---+---+---+---+---+---+---+
| . | . | . | . | . | . | . | . | . | . |
+---+---+---+---+---+---+---+---+---+---+
| . | . | . | . | . | . | . | . | . | . |
+---+---+---+---+---+---+---+---+---+---+
| . | . | . | . | . | . | . | . | . | . |
+---+---+---+---+---+---+---+---+---+---+
| . | . | . | . | . | . | . | . | . | . |
+---+---+---+---+---+---+---+---+---+---+
| . | . | . | . | . | . | . | . | . | . |
+---+---+---+---+---+---+---+---+---+---+
| . | . | . | . | . | . | . | . | . | . |
+---+---+---+---+---+---+---+---+---+---+
| . | . | . | . | . | . | . | . | . | . |
+---+---+---+---+---+---+---+---+---+---+
agent's action is:  up
Room 1 | has_key=1
+---+---+---+---+---+---+---+---+---+---+
| A | . | . | . | . | . | . | . | . | . |
+---+---+---+---+---+---+---+---+---+---+
| . | . | . | . | . | . | . | . | . | . |
+---+---+---+---+---+---+---+---+---+---+
| . | . | . | . | . | . | . | . | . | . |
+---+---+---+---+---+---+---+---+---+---+
| . | . | . | . | . | . | . | . | . | . |
+---+---+---+---+---+---+---+---+---+---+
| . | . | . | . | . | . | . | . | . | . |
+---+---+---+---+---+---+---+---+---+---+
| . | . | . | . | . | . | . | . | . | . |
+---+---+---+---+---+---+---+---+---+---+
| . | . | . | . | . | . | . | . | . | . |
+---+---+---+---+---+---+---+---+---+---+
| . | . | . | . | . | . | . | . | . | . |
+---+---+---+---+---+---+---+---+---+---+
| . | . | . | . | . | . | . | . | . | . |
+---+---+---+---+---+---+---+---+---+---+
| . | . | . | . | . | . | . | . | . | . |
+---+---+---+---+---+---+---+---+---+---+
agent's action is:  up
Room 1 | has_key=1
+---+---+---+---+---+---+---+---+---+---+
| A | . | . | . | . | . | . | . | . | . |
+---+---+---+---+---+---+---+---+---+---+
| . | . | . | . | . | . | . | . | . | . |
+---+---+---+---+---+---+---+---+---+---+
| . | . | . | . | . | . | . | . | . | . |
+---+---+---+---+---+---+---+---+---+---+
| . | . | . | . | . | . | . | . | . | . |
+---+---+---+---+---+---+---+---+---+---+
| . | . | . | . | . | . | . | . | . | . |
+---+---+---+---+---+---+---+---+---+---+
| . | . | . | . | . | . | . | . | . | . |
+---+---+---+---+---+---+---+---+---+---+
| . | . | . | . | . | . | . | . | . | . |
+---+---+---+---+---+---+---+---+---+---+
| . | . | . | . | . | . | . | . | . | . |
+---+---+---+---+---+---+---+---+---+---+
| . | . | . | . | . | . | . | . | . | . |
+---+---+---+---+---+---+---+---+---+---+
| . | . | . | . | . | . | . | . | . | . |
+---+---+---+---+---+---+---+---+---+---+
agent's action is:  up
Room 1 | has_key=1
+---+---+---+---+---+---+---+---+---+---+
| A | . | . | . | . | . | . | . | . | . |
+---+---+---+---+---+---+---+---+---+---+
| . | . | . | . | . | . | . | . | . | . |
+---+---+---+---+---+---+---+---+---+---+
| . | . | . | . | . | . | . | . | . | . |
+---+---+---+---+---+---+---+---+---+---+
| . | . | . | . | . | . | . | . | . | . |
+---+---+---+---+---+---+---+---+---+---+
| . | . | . | . | . | . | . | . | . | . |
+---+---+---+---+---+---+---+---+---+---+
| . | . | . | . | . | . | . | . | . | . |
+---+---+---+---+---+---+---+---+---+---+
| . | . | . | . | . | . | . | . | . | . |
+---+---+---+---+---+---+---+---+---+---+
| . | . | . | . | . | . | . | . | . | . |
+---+---+---+---+---+---+---+---+---+---+
| . | . | . | . | . | . | . | . | . | . |
+---+---+---+---+---+---+---+---+---+---+
| . | . | . | . | . | . | . | . | . | . |
+---+---+---+---+---+---+---+---+---+---+
agent's action is:  up
Room 1 | has_key=1
+---+---+---+---+---+---+---+---+---+---+
| A | . | . | . | . | . | . | . | . | . |
+---+---+---+---+---+---+---+---+---+---+
| . | . | . | . | . | . | . | . | . | . |
+---+---+---+---+---+---+---+---+---+---+
| . | . | . | . | . | . | . | . | . | . |
+---+---+---+---+---+---+---+---+---+---+
| . | . | . | . | . | . | . | . | . | . |
+---+---+---+---+---+---+---+---+---+---+
| . | . | . | . | . | . | . | . | . | . |
+---+---+---+---+---+---+---+---+---+---+
| . | . | . | . | . | . | . | . | . | . |
+---+---+---+---+---+---+---+---+---+---+
| . | . | . | . | . | . | . | . | . | . |
+---+---+---+---+---+---+---+---+---+---+
| . | . | . | . | . | . | . | . | . | . |
+---+---+---+---+---+---+---+---+---+---+
| . | . | . | . | . | . | . | . | . | . |
+---+---+---+---+---+---+---+---+---+---+
| . | . | . | . | . | . | . | . | . | . |
+---+---+---+---+---+---+---+---+---+---+
agent's action is:  up
Room 1 | has_key=1
+---+---+---+---+---+---+---+---+---+---+
| A | . | . | . | . | . | . | . | . | . |
+---+---+---+---+---+---+---+---+---+---+
| . | . | . | . | . | . | . | . | . | . |
+---+---+---+---+---+---+---+---+---+---+
| . | . | . | . | . | . | . | . | . | . |
+---+---+---+---+---+---+---+---+---+---+
| . | . | . | . | . | . | . | . | . | . |
+---+---+---+---+---+---+---+---+---+---+
| . | . | . | . | . | . | . | . | . | . |
+---+---+---+---+---+---+---+---+---+---+
| . | . | . | . | . | . | . | . | . | . |
+---+---+---+---+---+---+---+---+---+---+
| . | . | . | . | . | . | . | . | . | . |
+---+---+---+---+---+---+---+---+---+---+
| . | . | . | . | . | . | . | . | . | . |
+---+---+---+---+---+---+---+---+---+---+
| . | . | . | . | . | . | . | . | . | . |
+---+---+---+---+---+---+---+---+---+---+
| . | . | . | . | . | . | . | . | . | . |
+---+---+---+---+---+---+---+---+---+---+
agent's action is:  up
Room 1 | has_key=1
+---+---+---+---+---+---+---+---+---+---+
| A | . | . | . | . | . | . | . | . | . |
+---+---+---+---+---+---+---+---+---+---+
| . | . | . | . | . | . | . | . | . | . |
+---+---+---+---+---+---+---+---+---+---+
| . | . | . | . | . | . | . | . | . | . |
+---+---+---+---+---+---+---+---+---+---+
| . | . | . | . | . | . | . | . | . | . |
+---+---+---+---+---+---+---+---+---+---+
| . | . | . | . | . | . | . | . | . | . |
+---+---+---+---+---+---+---+---+---+---+
| . | . | . | . | . | . | . | . | . | . |
+---+---+---+---+---+---+---+---+---+---+
| . | . | . | . | . | . | . | . | . | . |
+---+---+---+---+---+---+---+---+---+---+
| . | . | . | . | . | . | . | . | . | . |
+---+---+---+---+---+---+---+---+---+---+
| . | . | . | . | . | . | . | . | . | . |
+---+---+---+---+---+---+---+---+---+---+
| . | . | . | . | . | . | . | . | . | . |
+---+---+---+---+---+---+---+---+---+---+
agent's action is:  right
Room 2 | has_key=1
+---+---+---+---+---+---+---+---+---+---+
| . | . | . | . | D | . | . | . | . | . |
+---+---+---+---+---+---+---+---+---+---+
| . | . | . | . | . | . | . | . | . | . |
+---+---+---+---+---+---+---+---+---+---+
| . | . | . | . | . | . | . | . | . | . |
+---+---+---+---+---+---+---+---+---+---+
| . | . | . | . | . | . | . | . | . | . |
+---+---+---+---+---+---+---+---+---+---+
| . | . | . | . | . | . | . | . | . | . |
+---+---+---+---+---+---+---+---+---+---+
| . | . | . | . | . | . | . | . | . | . |
+---+---+---+---+---+---+---+---+---+---+
| . | . | . | . | . | . | . | . | . | . |
+---+---+---+---+---+---+---+---+---+---+
| . | . | . | . | . | . | . | . | . | . |
+---+---+---+---+---+---+---+---+---+---+
| . | . | . | . | . | . | . | . | . | . |
+---+---+---+---+---+---+---+---+---+---+
| A | . | . | . | . | . | . | . | . | . |
+---+---+---+---+---+---+---+---+---+---+
agent's action is:  up
Room 2 | has_key=1
+---+---+---+---+---+---+---+---+---+---+
| . | . | . | . | D | . | . | . | . | . |
+---+---+---+---+---+---+---+---+---+---+
| . | . | . | . | . | . | . | . | . | . |
+---+---+---+---+---+---+---+---+---+---+
| . | . | . | . | . | . | . | . | . | . |
+---+---+---+---+---+---+---+---+---+---+
| . | . | . | . | . | . | . | . | . | . |
+---+---+---+---+---+---+---+---+---+---+
| . | . | . | . | . | . | . | . | . | . |
+---+---+---+---+---+---+---+---+---+---+
| . | . | . | . | . | . | . | . | . | . |
+---+---+---+---+---+---+---+---+---+---+
| . | . | . | . | . | . | . | . | . | . |
+---+---+---+---+---+---+---+---+---+---+
| . | . | . | . | . | . | . | . | . | . |
+---+---+---+---+---+---+---+---+---+---+
| A | . | . | . | . | . | . | . | . | . |
+---+---+---+---+---+---+---+---+---+---+
| . | . | . | . | . | . | . | . | . | . |
+---+---+---+---+---+---+---+---+---+---+
agent's action is:  up
Room 2 | has_key=1
+---+---+---+---+---+---+---+---+---+---+
| . | . | . | . | D | . | . | . | . | . |
+---+---+---+---+---+---+---+---+---+---+
| . | . | . | . | . | . | . | . | . | . |
+---+---+---+---+---+---+---+---+---+---+
| . | . | . | . | . | . | . | . | . | . |
+---+---+---+---+---+---+---+---+---+---+
| . | . | . | . | . | . | . | . | . | . |
+---+---+---+---+---+---+---+---+---+---+
| . | . | . | . | . | . | . | . | . | . |
+---+---+---+---+---+---+---+---+---+---+
| . | . | . | . | . | . | . | . | . | . |
+---+---+---+---+---+---+---+---+---+---+
| . | . | . | . | . | . | . | . | . | . |
+---+---+---+---+---+---+---+---+---+---+
| A | . | . | . | . | . | . | . | . | . |
+---+---+---+---+---+---+---+---+---+---+
| . | . | . | . | . | . | . | . | . | . |
+---+---+---+---+---+---+---+---+---+---+
| . | . | . | . | . | . | . | . | . | . |
+---+---+---+---+---+---+---+---+---+---+
agent's action is:  up
Room 2 | has_key=1
+---+---+---+---+---+---+---+---+---+---+
| . | . | . | . | D | . | . | . | . | . |
+---+---+---+---+---+---+---+---+---+---+
| . | . | . | . | . | . | . | . | . | . |
+---+---+---+---+---+---+---+---+---+---+
| . | . | . | . | . | . | . | . | . | . |
+---+---+---+---+---+---+---+---+---+---+
| . | . | . | . | . | . | . | . | . | . |
+---+---+---+---+---+---+---+---+---+---+
| . | . | . | . | . | . | . | . | . | . |
+---+---+---+---+---+---+---+---+---+---+
| . | . | . | . | . | . | . | . | . | . |
+---+---+---+---+---+---+---+---+---+---+
| A | . | . | . | . | . | . | . | . | . |
+---+---+---+---+---+---+---+---+---+---+
| . | . | . | . | . | . | . | . | . | . |
+---+---+---+---+---+---+---+---+---+---+
| . | . | . | . | . | . | . | . | . | . |
+---+---+---+---+---+---+---+---+---+---+
| . | . | . | . | . | . | . | . | . | . |
+---+---+---+---+---+---+---+---+---+---+
agent's action is:  up
Room 2 | has_key=1
+---+---+---+---+---+---+---+---+---+---+
| . | . | . | . | D | . | . | . | . | . |
+---+---+---+---+---+---+---+---+---+---+
| . | . | . | . | . | . | . | . | . | . |
+---+---+---+---+---+---+---+---+---+---+
| . | . | . | . | . | . | . | . | . | . |
+---+---+---+---+---+---+---+---+---+---+
| . | . | . | . | . | . | . | . | . | . |
+---+---+---+---+---+---+---+---+---+---+
| . | . | . | . | . | . | . | . | . | . |
+---+---+---+---+---+---+---+---+---+---+
| A | . | . | . | . | . | . | . | . | . |
+---+---+---+---+---+---+---+---+---+---+
| . | . | . | . | . | . | . | . | . | . |
+---+---+---+---+---+---+---+---+---+---+
| . | . | . | . | . | . | . | . | . | . |
+---+---+---+---+---+---+---+---+---+---+
| . | . | . | . | . | . | . | . | . | . |
+---+---+---+---+---+---+---+---+---+---+
| . | . | . | . | . | . | . | . | . | . |
+---+---+---+---+---+---+---+---+---+---+
agent's action is:  up
Room 2 | has_key=1
+---+---+---+---+---+---+---+---+---+---+
| . | . | . | . | D | . | . | . | . | . |
+---+---+---+---+---+---+---+---+---+---+
| . | . | . | . | . | . | . | . | . | . |
+---+---+---+---+---+---+---+---+---+---+
| . | . | . | . | . | . | . | . | . | . |
+---+---+---+---+---+---+---+---+---+---+
| . | . | . | . | . | . | . | . | . | . |
+---+---+---+---+---+---+---+---+---+---+
| A | . | . | . | . | . | . | . | . | . |
+---+---+---+---+---+---+---+---+---+---+
| . | . | . | . | . | . | . | . | . | . |
+---+---+---+---+---+---+---+---+---+---+
| . | . | . | . | . | . | . | . | . | . |
+---+---+---+---+---+---+---+---+---+---+
| . | . | . | . | . | . | . | . | . | . |
+---+---+---+---+---+---+---+---+---+---+
| . | . | . | . | . | . | . | . | . | . |
+---+---+---+---+---+---+---+---+---+---+
| . | . | . | . | . | . | . | . | . | . |
+---+---+---+---+---+---+---+---+---+---+
agent's action is:  up
Room 2 | has_key=1
+---+---+---+---+---+---+---+---+---+---+
| . | . | . | . | D | . | . | . | . | . |
+---+---+---+---+---+---+---+---+---+---+
| . | . | . | . | . | . | . | . | . | . |
+---+---+---+---+---+---+---+---+---+---+
| . | . | . | . | . | . | . | . | . | . |
+---+---+---+---+---+---+---+---+---+---+
| A | . | . | . | . | . | . | . | . | . |
+---+---+---+---+---+---+---+---+---+---+
| . | . | . | . | . | . | . | . | . | . |
+---+---+---+---+---+---+---+---+---+---+
| . | . | . | . | . | . | . | . | . | . |
+---+---+---+---+---+---+---+---+---+---+
| . | . | . | . | . | . | . | . | . | . |
+---+---+---+---+---+---+---+---+---+---+
| . | . | . | . | . | . | . | . | . | . |
+---+---+---+---+---+---+---+---+---+---+
| . | . | . | . | . | . | . | . | . | . |
+---+---+---+---+---+---+---+---+---+---+
| . | . | . | . | . | . | . | . | . | . |
+---+---+---+---+---+---+---+---+---+---+
agent's action is:  up
Room 2 | has_key=1
+---+---+---+---+---+---+---+---+---+---+
| . | . | . | . | D | . | . | . | . | . |
+---+---+---+---+---+---+---+---+---+---+
| . | . | . | . | . | . | . | . | . | . |
+---+---+---+---+---+---+---+---+---+---+
| A | . | . | . | . | . | . | . | . | . |
+---+---+---+---+---+---+---+---+---+---+
| . | . | . | . | . | . | . | . | . | . |
+---+---+---+---+---+---+---+---+---+---+
| . | . | . | . | . | . | . | . | . | . |
+---+---+---+---+---+---+---+---+---+---+
| . | . | . | . | . | . | . | . | . | . |
+---+---+---+---+---+---+---+---+---+---+
| . | . | . | . | . | . | . | . | . | . |
+---+---+---+---+---+---+---+---+---+---+
| . | . | . | . | . | . | . | . | . | . |
+---+---+---+---+---+---+---+---+---+---+
| . | . | . | . | . | . | . | . | . | . |
+---+---+---+---+---+---+---+---+---+---+
| . | . | . | . | . | . | . | . | . | . |
+---+---+---+---+---+---+---+---+---+---+
agent's action is:  up
Room 2 | has_key=1
+---+---+---+---+---+---+---+---+---+---+
| . | . | . | . | D | . | . | . | . | . |
+---+---+---+---+---+---+---+---+---+---+
| A | . | . | . | . | . | . | . | . | . |
+---+---+---+---+---+---+---+---+---+---+
| . | . | . | . | . | . | . | . | . | . |
+---+---+---+---+---+---+---+---+---+---+
| . | . | . | . | . | . | . | . | . | . |
+---+---+---+---+---+---+---+---+---+---+
| . | . | . | . | . | . | . | . | . | . |
+---+---+---+---+---+---+---+---+---+---+
| . | . | . | . | . | . | . | . | . | . |
+---+---+---+---+---+---+---+---+---+---+
| . | . | . | . | . | . | . | . | . | . |
+---+---+---+---+---+---+---+---+---+---+
| . | . | . | . | . | . | . | . | . | . |
+---+---+---+---+---+---+---+---+---+---+
| . | . | . | . | . | . | . | . | . | . |
+---+---+---+---+---+---+---+---+---+---+
| . | . | . | . | . | . | . | . | . | . |
+---+---+---+---+---+---+---+---+---+---+
agent's action is:  up
Room 2 | has_key=1
+---+---+---+---+---+---+---+---+---+---+
| A | . | . | . | D | . | . | . | . | . |
+---+---+---+---+---+---+---+---+---+---+
| . | . | . | . | . | . | . | . | . | . |
+---+---+---+---+---+---+---+---+---+---+
| . | . | . | . | . | . | . | . | . | . |
+---+---+---+---+---+---+---+---+---+---+
| . | . | . | . | . | . | . | . | . | . |
+---+---+---+---+---+---+---+---+---+---+
| . | . | . | . | . | . | . | . | . | . |
+---+---+---+---+---+---+---+---+---+---+
| . | . | . | . | . | . | . | . | . | . |
+---+---+---+---+---+---+---+---+---+---+
| . | . | . | . | . | . | . | . | . | . |
+---+---+---+---+---+---+---+---+---+---+
| . | . | . | . | . | . | . | . | . | . |
+---+---+---+---+---+---+---+---+---+---+
| . | . | . | . | . | . | . | . | . | . |
+---+---+---+---+---+---+---+---+---+---+
| . | . | . | . | . | . | . | . | . | . |
+---+---+---+---+---+---+---+---+---+---+
agent's action is:  right
Room 2 | has_key=1
+---+---+---+---+---+---+---+---+---+---+
| . | A | . | . | D | . | . | . | . | . |
+---+---+---+---+---+---+---+---+---+---+
| . | . | . | . | . | . | . | . | . | . |
+---+---+---+---+---+---+---+---+---+---+
| . | . | . | . | . | . | . | . | . | . |
+---+---+---+---+---+---+---+---+---+---+
| . | . | . | . | . | . | . | . | . | . |
+---+---+---+---+---+---+---+---+---+---+
| . | . | . | . | . | . | . | . | . | . |
+---+---+---+---+---+---+---+---+---+---+
| . | . | . | . | . | . | . | . | . | . |
+---+---+---+---+---+---+---+---+---+---+
| . | . | . | . | . | . | . | . | . | . |
+---+---+---+---+---+---+---+---+---+---+
| . | . | . | . | . | . | . | . | . | . |
+---+---+---+---+---+---+---+---+---+---+
| . | . | . | . | . | . | . | . | . | . |
+---+---+---+---+---+---+---+---+---+---+
| . | . | . | . | . | . | . | . | . | . |
+---+---+---+---+---+---+---+---+---+---+
agent's action is:  right
Room 2 | has_key=1
+---+---+---+---+---+---+---+---+---+---+
| . | . | A | . | D | . | . | . | . | . |
+---+---+---+---+---+---+---+---+---+---+
| . | . | . | . | . | . | . | . | . | . |
+---+---+---+---+---+---+---+---+---+---+
| . | . | . | . | . | . | . | . | . | . |
+---+---+---+---+---+---+---+---+---+---+
| . | . | . | . | . | . | . | . | . | . |
+---+---+---+---+---+---+---+---+---+---+
| . | . | . | . | . | . | . | . | . | . |
+---+---+---+---+---+---+---+---+---+---+
| . | . | . | . | . | . | . | . | . | . |
+---+---+---+---+---+---+---+---+---+---+
| . | . | . | . | . | . | . | . | . | . |
+---+---+---+---+---+---+---+---+---+---+
| . | . | . | . | . | . | . | . | . | . |
+---+---+---+---+---+---+---+---+---+---+
| . | . | . | . | . | . | . | . | . | . |
+---+---+---+---+---+---+---+---+---+---+
| . | . | . | . | . | . | . | . | . | . |
+---+---+---+---+---+---+---+---+---+---+
agent's action is:  right
Room 2 | has_key=1
+---+---+---+---+---+---+---+---+---+---+
| . | . | . | A | D | . | . | . | . | . |
+---+---+---+---+---+---+---+---+---+---+
| . | . | . | . | . | . | . | . | . | . |
+---+---+---+---+---+---+---+---+---+---+
| . | . | . | . | . | . | . | . | . | . |
+---+---+---+---+---+---+---+---+---+---+
| . | . | . | . | . | . | . | . | . | . |
+---+---+---+---+---+---+---+---+---+---+
| . | . | . | . | . | . | . | . | . | . |
+---+---+---+---+---+---+---+---+---+---+
| . | . | . | . | . | . | . | . | . | . |
+---+---+---+---+---+---+---+---+---+---+
| . | . | . | . | . | . | . | . | . | . |
+---+---+---+---+---+---+---+---+---+---+
| . | . | . | . | . | . | . | . | . | . |
+---+---+---+---+---+---+---+---+---+---+
| . | . | . | . | . | . | . | . | . | . |
+---+---+---+---+---+---+---+---+---+---+
| . | . | . | . | . | . | . | . | . | . |
+---+---+---+---+---+---+---+---+---+---+
agent's action is:  right
Room 2 | has_key=1
+---+---+---+---+---+---+---+---+---+---+
| . | . | . | . | A | . | . | . | . | . |
+---+---+---+---+---+---+---+---+---+---+
| . | . | . | . | . | . | . | . | . | . |
+---+---+---+---+---+---+---+---+---+---+
| . | . | . | . | . | . | . | . | . | . |
+---+---+---+---+---+---+---+---+---+---+
| . | . | . | . | . | . | . | . | . | . |
+---+---+---+---+---+---+---+---+---+---+
| . | . | . | . | . | . | . | . | . | . |
+---+---+---+---+---+---+---+---+---+---+
| . | . | . | . | . | . | . | . | . | . |
+---+---+---+---+---+---+---+---+---+---+
| . | . | . | . | . | . | . | . | . | . |
+---+---+---+---+---+---+---+---+---+---+
| . | . | . | . | . | . | . | . | . | . |
+---+---+---+---+---+---+---+---+---+---+
| . | . | . | . | . | . | . | . | . | . |
+---+---+---+---+---+---+---+---+---+---+
| . | . | . | . | . | . | . | . | . | . |
+---+---+---+---+---+---+---+---+---+---+
2026-01-31 20:55:02,199 - INFO - DT agent's cumulative_reward: 9.48

All evaluations completed successfully!
