Activating virtual environment: /home/eyal.amdur/K2D/.venv
Starting Quality Env2 Experiment Pipeline...
Job ID: 68056658
Project Root: /home/eyal.amdur/K2D

=== Generate Quality Datasets ===
Generating ground_truth (optimal, winning only)...
[2m2026-02-07 19:15.15[0m [[32m[1minfo     [0m] [1mSignatures have been automatically determined.[0m [36maction_signature[0m=[35mSignature(dtype=[dtype('int64')], shape=[(1,)])[0m [36mobservation_signature[0m=[35mSignature(dtype=[dtype('int32')], shape=[(6,)])[0m [36mreward_signature[0m=[35mSignature(dtype=[dtype('float64')], shape=[(1,)])[0m
[2m2026-02-07 19:15.15[0m [[32m[1minfo     [0m] [1mAction-space has been automatically determined.[0m [36maction_space[0m=[35m<ActionSpace.DISCRETE: 2>[0m
[2m2026-02-07 19:15.15[0m [[32m[1minfo     [0m] [1mAction size has been automatically determined.[0m [36maction_size[0m=[35m5[0m
Saved 1000 trajectories to /home/eyal.amdur/K2D/results/data/quality_env2/ground_truth_10.h5
Generating half_truth (mixed: 1 room optimal, 2 rooms random)...
[2m2026-02-07 19:15.16[0m [[32m[1minfo     [0m] [1mSignatures have been automatically determined.[0m [36maction_signature[0m=[35mSignature(dtype=[dtype('int64')], shape=[(1,)])[0m [36mobservation_signature[0m=[35mSignature(dtype=[dtype('int32')], shape=[(6,)])[0m [36mreward_signature[0m=[35mSignature(dtype=[dtype('float64')], shape=[(1,)])[0m
[2m2026-02-07 19:15.16[0m [[32m[1minfo     [0m] [1mAction-space has been automatically determined.[0m [36maction_space[0m=[35m<ActionSpace.DISCRETE: 2>[0m
[2m2026-02-07 19:15.16[0m [[32m[1minfo     [0m] [1mAction size has been automatically determined.[0m [36maction_size[0m=[35m5[0m
Saved 1000 trajectories to /home/eyal.amdur/K2D/results/data/quality_env2/half_truth_10.h5
Generating random (all random actions)...
[2m2026-02-07 19:15.17[0m [[32m[1minfo     [0m] [1mSignatures have been automatically determined.[0m [36maction_signature[0m=[35mSignature(dtype=[dtype('int64')], shape=[(1,)])[0m [36mobservation_signature[0m=[35mSignature(dtype=[dtype('int32')], shape=[(6,)])[0m [36mreward_signature[0m=[35mSignature(dtype=[dtype('float64')], shape=[(1,)])[0m
[2m2026-02-07 19:15.17[0m [[32m[1minfo     [0m] [1mAction-space has been automatically determined.[0m [36maction_space[0m=[35m<ActionSpace.DISCRETE: 2>[0m
[2m2026-02-07 19:15.17[0m [[32m[1minfo     [0m] [1mAction size has been automatically determined.[0m [36maction_size[0m=[35m5[0m
Saved 1000 trajectories to /home/eyal.amdur/K2D/results/data/quality_env2/random_10.h5

=== Decision Transformers Training ===

--- Training DT on ground_truth_10 ---
2026-02-07 19:15:18,315 - INFO - Starting DT Training...
[2m2026-02-07 19:15.19[0m [[32m[1minfo     [0m] [1mSignatures have been automatically determined.[0m [36maction_signature[0m=[35mSignature(dtype=[dtype('int64')], shape=[(1,)])[0m [36mobservation_signature[0m=[35mSignature(dtype=[dtype('int32')], shape=[(6,)])[0m [36mreward_signature[0m=[35mSignature(dtype=[dtype('float64')], shape=[(1,)])[0m
[2m2026-02-07 19:15.19[0m [[32m[1minfo     [0m] [1mAction-space has been automatically determined.[0m [36maction_space[0m=[35m<ActionSpace.DISCRETE: 2>[0m
[2m2026-02-07 19:15.19[0m [[32m[1minfo     [0m] [1mAction size has been automatically determined.[0m [36maction_size[0m=[35m5[0m
2026-02-07 19:15:19,165 - INFO - Loaded dataset from /home/eyal.amdur/K2D/results/data/quality_env2/ground_truth_10.h5
[2m2026-02-07 19:15.19[0m [[32m[1minfo     [0m] [1mdataset info                  [0m [36mdataset_info[0m=[35mDatasetInfo(observation_signature=Signature(dtype=[dtype('int32')], shape=[(6,)]), action_signature=Signature(dtype=[dtype('int64')], shape=[(1,)]), reward_signature=Signature(dtype=[dtype('float64')], shape=[(1,)]), action_space=<ActionSpace.DISCRETE: 2>, action_size=5)[0m
[2m2026-02-07 19:15.19[0m [[32m[1mdebug    [0m] [1mBuilding models...            [0m
[2m2026-02-07 19:15.19[0m [[32m[1mdebug    [0m] [1mModels have been built.       [0m
[2m2026-02-07 19:15.19[0m [[32m[1minfo     [0m] [1mDirectory is created at logs/quality_env2/dt_ground_truth_10/DiscreteDecisionTransformer_20260207191519[0m
[2m2026-02-07 19:15.19[0m [[32m[1minfo     [0m] [1mParameters                    [0m [36mparams[0m=[35m{'observation_shape': [6], 'action_size': 5, 'config': {'type': 'discrete_decision_transformer', 'params': {'batch_size': 64, 'gamma': 0.99, 'observation_scaler': {'type': 'none', 'params': {}}, 'action_scaler': {'type': 'none', 'params': {}}, 'reward_scaler': {'type': 'none', 'params': {}}, 'compile_graph': False, 'context_size': 10, 'max_timestep': 1000, 'learning_rate': 0.0001, 'encoder_factory': {'type': 'default', 'params': {'activation': 'relu', 'use_batch_norm': False, 'dropout_rate': None}}, 'optim_factory': {'type': 'adam', 'params': {'clip_grad_norm': None, 'lr_scheduler_factory': {'type': 'none', 'params': {}}, 'betas': [0.9, 0.999], 'eps': 1e-08, 'weight_decay': 0, 'amsgrad': False}}, 'num_heads': 8, 'num_layers': 6, 'attn_dropout': 0.1, 'resid_dropout': 0.1, 'embed_dropout': 0.1, 'activation_type': 'gelu', 'embed_activation_type': 'tanh', 'position_encoding_type': <PositionEncodingType.GLOBAL: 'global'>, 'warmup_tokens': 10240, 'final_tokens': 30000000}}}[0m
[2m2026-02-07 19:16.51[0m [[32m[1minfo     [0m] [1mDiscreteDecisionTransformer_20260207191519: epoch=1 step=100[0m [36mepoch[0m=[35m1[0m [36mmetrics[0m=[35m{'time_sample_batch': 0.0029659652709960937, 'time_algorithm_update': 0.9179528832435608, 'loss': 0.2027670495584607, 'learning_rate': 9.186661634848187e-05, 'time_step': 0.9210067510604858}[0m [36mstep[0m=[35m100[0m
[2m2026-02-07 19:16.52[0m [[32m[1minfo     [0m] [1mModel parameters are saved to logs/quality_env2/dt_ground_truth_10/DiscreteDecisionTransformer_20260207191519/model_100.d3[0m
[2m2026-02-07 19:18.21[0m [[32m[1minfo     [0m] [1mDiscreteDecisionTransformer_20260207191519: epoch=2 step=200[0m [36mepoch[0m=[35m2[0m [36mmetrics[0m=[35m{'time_sample_batch': 0.0028540921211242676, 'time_algorithm_update': 0.8919370222091675, 'loss': 0.024460480981506407, 'learning_rate': 9.999825816660643e-05, 'time_step': 0.8948771572113037}[0m [36mstep[0m=[35m200[0m
[2m2026-02-07 19:18.22[0m [[32m[1minfo     [0m] [1mModel parameters are saved to logs/quality_env2/dt_ground_truth_10/DiscreteDecisionTransformer_20260207191519/model_200.d3[0m
[2m2026-02-07 19:19.52[0m [[32m[1minfo     [0m] [1mDiscreteDecisionTransformer_20260207191519: epoch=3 step=300[0m [36mepoch[0m=[35m3[0m [36mmetrics[0m=[35m{'time_sample_batch': 0.0028846049308776855, 'time_algorithm_update': 0.8964586091041565, 'loss': 0.011161318086087703, 'learning_rate': 9.999482152767414e-05, 'time_step': 0.8994242143630982}[0m [36mstep[0m=[35m300[0m
[2m2026-02-07 19:19.52[0m [[32m[1minfo     [0m] [1mModel parameters are saved to logs/quality_env2/dt_ground_truth_10/DiscreteDecisionTransformer_20260207191519/model_300.d3[0m
[2m2026-02-07 19:21.22[0m [[32m[1minfo     [0m] [1mDiscreteDecisionTransformer_20260207191519: epoch=4 step=400[0m [36mepoch[0m=[35m4[0m [36mmetrics[0m=[35m{'time_sample_batch': 0.002895317077636719, 'time_algorithm_update': 0.8971533513069153, 'loss': 0.005294515136629343, 'learning_rate': 9.998950446410129e-05, 'time_step': 0.9001314520835877}[0m [36mstep[0m=[35m400[0m
[2m2026-02-07 19:21.23[0m [[32m[1minfo     [0m] [1mModel parameters are saved to logs/quality_env2/dt_ground_truth_10/DiscreteDecisionTransformer_20260207191519/model_400.d3[0m
[2m2026-02-07 19:22.53[0m [[32m[1minfo     [0m] [1mDiscreteDecisionTransformer_20260207191519: epoch=5 step=500[0m [36mepoch[0m=[35m5[0m [36mmetrics[0m=[35m{'time_sample_batch': 0.0028676795959472656, 'time_algorithm_update': 0.8975618934631348, 'loss': 0.004770212346920743, 'learning_rate': 9.998229450022318e-05, 'time_step': 0.9005098366737365}[0m [36mstep[0m=[35m500[0m
[2m2026-02-07 19:22.53[0m [[32m[1minfo     [0m] [1mModel parameters are saved to logs/quality_env2/dt_ground_truth_10/DiscreteDecisionTransformer_20260207191519/model_500.d3[0m
[2m2026-02-07 19:24.23[0m [[32m[1minfo     [0m] [1mDiscreteDecisionTransformer_20260207191519: epoch=6 step=600[0m [36mepoch[0m=[35m6[0m [36mmetrics[0m=[35m{'time_sample_batch': 0.00284757137298584, 'time_algorithm_update': 0.8986765623092652, 'loss': 0.0038257573079317807, 'learning_rate': 9.99731797286052e-05, 'time_step': 0.9016011452674866}[0m [36mstep[0m=[35m600[0m
[2m2026-02-07 19:24.24[0m [[32m[1minfo     [0m] [1mModel parameters are saved to logs/quality_env2/dt_ground_truth_10/DiscreteDecisionTransformer_20260207191519/model_600.d3[0m
[2m2026-02-07 19:25.54[0m [[32m[1minfo     [0m] [1mDiscreteDecisionTransformer_20260207191519: epoch=7 step=700[0m [36mepoch[0m=[35m7[0m [36mmetrics[0m=[35m{'time_sample_batch': 0.00284956693649292, 'time_algorithm_update': 0.9009962630271912, 'loss': 0.0017620177695062012, 'learning_rate': 9.996225289095482e-05, 'time_step': 0.9039264440536499}[0m [36mstep[0m=[35m700[0m
[2m2026-02-07 19:25.55[0m [[32m[1minfo     [0m] [1mModel parameters are saved to logs/quality_env2/dt_ground_truth_10/DiscreteDecisionTransformer_20260207191519/model_700.d3[0m
[2m2026-02-07 19:27.25[0m [[32m[1minfo     [0m] [1mDiscreteDecisionTransformer_20260207191519: epoch=8 step=800[0m [36mepoch[0m=[35m8[0m [36mmetrics[0m=[35m{'time_sample_batch': 0.002806210517883301, 'time_algorithm_update': 0.9000625586509705, 'loss': 0.0016537299851188435, 'learning_rate': 9.994942318273045e-05, 'time_step': 0.9029460883140564}[0m [36mstep[0m=[35m800[0m
[2m2026-02-07 19:27.26[0m [[32m[1minfo     [0m] [1mModel parameters are saved to logs/quality_env2/dt_ground_truth_10/DiscreteDecisionTransformer_20260207191519/model_800.d3[0m
[2m2026-02-07 19:28.56[0m [[32m[1minfo     [0m] [1mDiscreteDecisionTransformer_20260207191519: epoch=9 step=900[0m [36mepoch[0m=[35m9[0m [36mmetrics[0m=[35m{'time_sample_batch': 0.0028061294555664063, 'time_algorithm_update': 0.897998902797699, 'loss': 0.004251797859324142, 'learning_rate': 9.99346834701611e-05, 'time_step': 0.900884120464325}[0m [36mstep[0m=[35m900[0m
[2m2026-02-07 19:28.56[0m [[32m[1minfo     [0m] [1mModel parameters are saved to logs/quality_env2/dt_ground_truth_10/DiscreteDecisionTransformer_20260207191519/model_900.d3[0m
[2m2026-02-07 19:30.27[0m [[32m[1minfo     [0m] [1mDiscreteDecisionTransformer_20260207191519: epoch=10 step=1000[0m [36mepoch[0m=[35m10[0m [36mmetrics[0m=[35m{'time_sample_batch': 0.0027907681465148926, 'time_algorithm_update': 0.9015760684013366, 'loss': 0.0010695302305975928, 'learning_rate': 9.991809392836495e-05, 'time_step': 0.9044465827941894}[0m [36mstep[0m=[35m1000[0m
[2m2026-02-07 19:30.27[0m [[32m[1minfo     [0m] [1mModel parameters are saved to logs/quality_env2/dt_ground_truth_10/DiscreteDecisionTransformer_20260207191519/model_1000.d3[0m
2026-02-07 19:30:27,805 - INFO - Saved DT model to /home/eyal.amdur/K2D/results/models/DT/quality_env2/quality_env2/dt_model_ground_truth_10.d3
DT Model saved to: /home/eyal.amdur/K2D/results/models/DT/quality_env2/quality_env2/dt_model_ground_truth_10.d3

--- Training DT on half_truth_10 ---
2026-02-07 19:30:27,811 - INFO - Starting DT Training...
[2m2026-02-07 19:30.28[0m [[32m[1minfo     [0m] [1mSignatures have been automatically determined.[0m [36maction_signature[0m=[35mSignature(dtype=[dtype('int64')], shape=[(1,)])[0m [36mobservation_signature[0m=[35mSignature(dtype=[dtype('int32')], shape=[(6,)])[0m [36mreward_signature[0m=[35mSignature(dtype=[dtype('float64')], shape=[(1,)])[0m
[2m2026-02-07 19:30.28[0m [[32m[1minfo     [0m] [1mAction-space has been automatically determined.[0m [36maction_space[0m=[35m<ActionSpace.DISCRETE: 2>[0m
[2m2026-02-07 19:30.28[0m [[32m[1minfo     [0m] [1mAction size has been automatically determined.[0m [36maction_size[0m=[35m5[0m
2026-02-07 19:30:29,008 - INFO - Loaded dataset from /home/eyal.amdur/K2D/results/data/quality_env2/half_truth_10.h5
[2m2026-02-07 19:30.29[0m [[32m[1minfo     [0m] [1mdataset info                  [0m [36mdataset_info[0m=[35mDatasetInfo(observation_signature=Signature(dtype=[dtype('int32')], shape=[(6,)]), action_signature=Signature(dtype=[dtype('int64')], shape=[(1,)]), reward_signature=Signature(dtype=[dtype('float64')], shape=[(1,)]), action_space=<ActionSpace.DISCRETE: 2>, action_size=5)[0m
[2m2026-02-07 19:30.29[0m [[32m[1mdebug    [0m] [1mBuilding models...            [0m
[2m2026-02-07 19:30.29[0m [[32m[1mdebug    [0m] [1mModels have been built.       [0m
[2m2026-02-07 19:30.29[0m [[32m[1minfo     [0m] [1mDirectory is created at logs/quality_env2/dt_half_truth_10/DiscreteDecisionTransformer_20260207193029[0m
[2m2026-02-07 19:30.29[0m [[32m[1minfo     [0m] [1mParameters                    [0m [36mparams[0m=[35m{'observation_shape': [6], 'action_size': 5, 'config': {'type': 'discrete_decision_transformer', 'params': {'batch_size': 64, 'gamma': 0.99, 'observation_scaler': {'type': 'none', 'params': {}}, 'action_scaler': {'type': 'none', 'params': {}}, 'reward_scaler': {'type': 'none', 'params': {}}, 'compile_graph': False, 'context_size': 10, 'max_timestep': 1000, 'learning_rate': 0.0001, 'encoder_factory': {'type': 'default', 'params': {'activation': 'relu', 'use_batch_norm': False, 'dropout_rate': None}}, 'optim_factory': {'type': 'adam', 'params': {'clip_grad_norm': None, 'lr_scheduler_factory': {'type': 'none', 'params': {}}, 'betas': [0.9, 0.999], 'eps': 1e-08, 'weight_decay': 0, 'amsgrad': False}}, 'num_heads': 8, 'num_layers': 6, 'attn_dropout': 0.1, 'resid_dropout': 0.1, 'embed_dropout': 0.1, 'activation_type': 'gelu', 'embed_activation_type': 'tanh', 'position_encoding_type': <PositionEncodingType.GLOBAL: 'global'>, 'warmup_tokens': 10240, 'final_tokens': 30000000}}}[0m
[2m2026-02-07 19:31.59[0m [[32m[1minfo     [0m] [1mDiscreteDecisionTransformer_20260207193029: epoch=1 step=100[0m [36mepoch[0m=[35m1[0m [36mmetrics[0m=[35m{'time_sample_batch': 0.0028108620643615724, 'time_algorithm_update': 0.8977622890472412, 'loss': 1.2106664073467255, 'learning_rate': 9.192393513760153e-05, 'time_step': 0.9006505489349366}[0m [36mstep[0m=[35m100[0m
[2m2026-02-07 19:32.00[0m [[32m[1minfo     [0m] [1mModel parameters are saved to logs/quality_env2/dt_half_truth_10/DiscreteDecisionTransformer_20260207193029/model_100.d3[0m
[2m2026-02-07 19:33.30[0m [[32m[1minfo     [0m] [1mDiscreteDecisionTransformer_20260207193029: epoch=2 step=200[0m [36mepoch[0m=[35m2[0m [36mmetrics[0m=[35m{'time_sample_batch': 0.002824738025665283, 'time_algorithm_update': 0.9015556716918945, 'loss': 1.0870450419187545, 'learning_rate': 9.999820010779733e-05, 'time_step': 0.9044578790664672}[0m [36mstep[0m=[35m200[0m
[2m2026-02-07 19:33.31[0m [[32m[1minfo     [0m] [1mModel parameters are saved to logs/quality_env2/dt_half_truth_10/DiscreteDecisionTransformer_20260207193029/model_200.d3[0m
[2m2026-02-07 19:35.01[0m [[32m[1minfo     [0m] [1mDiscreteDecisionTransformer_20260207193029: epoch=3 step=300[0m [36mepoch[0m=[35m3[0m [36mmetrics[0m=[35m{'time_sample_batch': 0.0028226494789123533, 'time_algorithm_update': 0.8993173336982727, 'loss': 1.0564377063512802, 'learning_rate': 9.999465956865319e-05, 'time_step': 0.9022309827804565}[0m [36mstep[0m=[35m300[0m
[2m2026-02-07 19:35.01[0m [[32m[1minfo     [0m] [1mModel parameters are saved to logs/quality_env2/dt_half_truth_10/DiscreteDecisionTransformer_20260207193029/model_300.d3[0m
[2m2026-02-07 19:36.32[0m [[32m[1minfo     [0m] [1mDiscreteDecisionTransformer_20260207193029: epoch=4 step=400[0m [36mepoch[0m=[35m4[0m [36mmetrics[0m=[35m{'time_sample_batch': 0.0028211402893066405, 'time_algorithm_update': 0.9003362059593201, 'loss': 1.042549825310707, 'learning_rate': 9.998919368997313e-05, 'time_step': 0.9032358312606812}[0m [36mstep[0m=[35m400[0m
[2m2026-02-07 19:36.32[0m [[32m[1minfo     [0m] [1mModel parameters are saved to logs/quality_env2/dt_half_truth_10/DiscreteDecisionTransformer_20260207193029/model_400.d3[0m
[2m2026-02-07 19:38.02[0m [[32m[1minfo     [0m] [1mDiscreteDecisionTransformer_20260207193029: epoch=5 step=500[0m [36mepoch[0m=[35m5[0m [36mmetrics[0m=[35m{'time_sample_batch': 0.0027779436111450197, 'time_algorithm_update': 0.8960612893104554, 'loss': 1.0409212577342988, 'learning_rate': 9.998181837309484e-05, 'time_step': 0.8989113473892212}[0m [36mstep[0m=[35m500[0m
[2m2026-02-07 19:38.03[0m [[32m[1minfo     [0m] [1mModel parameters are saved to logs/quality_env2/dt_half_truth_10/DiscreteDecisionTransformer_20260207193029/model_500.d3[0m
[2m2026-02-07 19:39.34[0m [[32m[1minfo     [0m] [1mDiscreteDecisionTransformer_20260207193029: epoch=6 step=600[0m [36mepoch[0m=[35m6[0m [36mmetrics[0m=[35m{'time_sample_batch': 0.0027896976470947266, 'time_algorithm_update': 0.9144427609443665, 'loss': 1.0273465847969054, 'learning_rate': 9.997250113911649e-05, 'time_step': 0.9173056721687317}[0m [36mstep[0m=[35m600[0m
[2m2026-02-07 19:39.35[0m [[32m[1minfo     [0m] [1mModel parameters are saved to logs/quality_env2/dt_half_truth_10/DiscreteDecisionTransformer_20260207193029/model_600.d3[0m
[2m2026-02-07 19:41.07[0m [[32m[1minfo     [0m] [1mDiscreteDecisionTransformer_20260207193029: epoch=7 step=700[0m [36mepoch[0m=[35m7[0m [36mmetrics[0m=[35m{'time_sample_batch': 0.0028008055686950684, 'time_algorithm_update': 0.9205749154090881, 'loss': 1.0199012988805771, 'learning_rate': 9.99612616824961e-05, 'time_step': 0.9234495091438294}[0m [36mstep[0m=[35m700[0m
[2m2026-02-07 19:41.08[0m [[32m[1minfo     [0m] [1mModel parameters are saved to logs/quality_env2/dt_half_truth_10/DiscreteDecisionTransformer_20260207193029/model_700.d3[0m
[2m2026-02-07 19:42.40[0m [[32m[1minfo     [0m] [1mDiscreteDecisionTransformer_20260207193029: epoch=8 step=800[0m [36mepoch[0m=[35m8[0m [36mmetrics[0m=[35m{'time_sample_batch': 0.0027684903144836424, 'time_algorithm_update': 0.9182902145385742, 'loss': 1.0122244477272033, 'learning_rate': 9.99481087040253e-05, 'time_step': 0.9211342191696167}[0m [36mstep[0m=[35m800[0m
[2m2026-02-07 19:42.41[0m [[32m[1minfo     [0m] [1mModel parameters are saved to logs/quality_env2/dt_half_truth_10/DiscreteDecisionTransformer_20260207193029/model_800.d3[0m
[2m2026-02-07 19:44.13[0m [[32m[1minfo     [0m] [1mDiscreteDecisionTransformer_20260207193029: epoch=9 step=900[0m [36mepoch[0m=[35m9[0m [36mmetrics[0m=[35m{'time_sample_batch': 0.002777767181396484, 'time_algorithm_update': 0.9196130895614624, 'loss': 1.0114026385545731, 'learning_rate': 9.993302022501426e-05, 'time_step': 0.922466721534729}[0m [36mstep[0m=[35m900[0m
[2m2026-02-07 19:44.13[0m [[32m[1minfo     [0m] [1mModel parameters are saved to logs/quality_env2/dt_half_truth_10/DiscreteDecisionTransformer_20260207193029/model_900.d3[0m
[2m2026-02-07 19:45.46[0m [[32m[1minfo     [0m] [1mDiscreteDecisionTransformer_20260207193029: epoch=10 step=1000[0m [36mepoch[0m=[35m10[0m [36mmetrics[0m=[35m{'time_sample_batch': 0.0027982187271118164, 'time_algorithm_update': 0.9195644092559815, 'loss': 1.0229050117731093, 'learning_rate': 9.991600005312207e-05, 'time_step': 0.9224372768402099}[0m [36mstep[0m=[35m1000[0m
[2m2026-02-07 19:45.46[0m [[32m[1minfo     [0m] [1mModel parameters are saved to logs/quality_env2/dt_half_truth_10/DiscreteDecisionTransformer_20260207193029/model_1000.d3[0m
2026-02-07 19:45:46,793 - INFO - Saved DT model to /home/eyal.amdur/K2D/results/models/DT/quality_env2/quality_env2/dt_model_half_truth_10.d3
DT Model saved to: /home/eyal.amdur/K2D/results/models/DT/quality_env2/quality_env2/dt_model_half_truth_10.d3

--- Training DT on random_10 ---
2026-02-07 19:45:46,800 - INFO - Starting DT Training...
[2m2026-02-07 19:45.47[0m [[32m[1minfo     [0m] [1mSignatures have been automatically determined.[0m [36maction_signature[0m=[35mSignature(dtype=[dtype('int64')], shape=[(1,)])[0m [36mobservation_signature[0m=[35mSignature(dtype=[dtype('int32')], shape=[(6,)])[0m [36mreward_signature[0m=[35mSignature(dtype=[dtype('float64')], shape=[(1,)])[0m
[2m2026-02-07 19:45.47[0m [[32m[1minfo     [0m] [1mAction-space has been automatically determined.[0m [36maction_space[0m=[35m<ActionSpace.DISCRETE: 2>[0m
[2m2026-02-07 19:45.47[0m [[32m[1minfo     [0m] [1mAction size has been automatically determined.[0m [36maction_size[0m=[35m5[0m
2026-02-07 19:45:47,774 - INFO - Loaded dataset from /home/eyal.amdur/K2D/results/data/quality_env2/random_10.h5
[2m2026-02-07 19:45.47[0m [[32m[1minfo     [0m] [1mdataset info                  [0m [36mdataset_info[0m=[35mDatasetInfo(observation_signature=Signature(dtype=[dtype('int32')], shape=[(6,)]), action_signature=Signature(dtype=[dtype('int64')], shape=[(1,)]), reward_signature=Signature(dtype=[dtype('float64')], shape=[(1,)]), action_space=<ActionSpace.DISCRETE: 2>, action_size=5)[0m
[2m2026-02-07 19:45.47[0m [[32m[1mdebug    [0m] [1mBuilding models...            [0m
[2m2026-02-07 19:45.47[0m [[32m[1mdebug    [0m] [1mModels have been built.       [0m
[2m2026-02-07 19:45.47[0m [[32m[1minfo     [0m] [1mDirectory is created at logs/quality_env2/dt_random_10/DiscreteDecisionTransformer_20260207194547[0m
[2m2026-02-07 19:45.47[0m [[32m[1minfo     [0m] [1mParameters                    [0m [36mparams[0m=[35m{'observation_shape': [6], 'action_size': 5, 'config': {'type': 'discrete_decision_transformer', 'params': {'batch_size': 64, 'gamma': 0.99, 'observation_scaler': {'type': 'none', 'params': {}}, 'action_scaler': {'type': 'none', 'params': {}}, 'reward_scaler': {'type': 'none', 'params': {}}, 'compile_graph': False, 'context_size': 10, 'max_timestep': 1000, 'learning_rate': 0.0001, 'encoder_factory': {'type': 'default', 'params': {'activation': 'relu', 'use_batch_norm': False, 'dropout_rate': None}}, 'optim_factory': {'type': 'adam', 'params': {'clip_grad_norm': None, 'lr_scheduler_factory': {'type': 'none', 'params': {}}, 'betas': [0.9, 0.999], 'eps': 1e-08, 'weight_decay': 0, 'amsgrad': False}}, 'num_heads': 8, 'num_layers': 6, 'attn_dropout': 0.1, 'resid_dropout': 0.1, 'embed_dropout': 0.1, 'activation_type': 'gelu', 'embed_activation_type': 'tanh', 'position_encoding_type': <PositionEncodingType.GLOBAL: 'global'>, 'warmup_tokens': 10240, 'final_tokens': 30000000}}}[0m
[2m2026-02-07 19:47.20[0m [[32m[1minfo     [0m] [1mDiscreteDecisionTransformer_20260207194547: epoch=1 step=100[0m [36mepoch[0m=[35m1[0m [36mmetrics[0m=[35m{'time_sample_batch': 0.002749009132385254, 'time_algorithm_update': 0.9232949185371399, 'loss': 1.501572184562683, 'learning_rate': 9.186915266109875e-05, 'time_step': 0.9261208319664002}[0m [36mstep[0m=[35m100[0m
[2m2026-02-07 19:47.21[0m [[32m[1minfo     [0m] [1mModel parameters are saved to logs/quality_env2/dt_random_10/DiscreteDecisionTransformer_20260207194547/model_100.d3[0m
[2m2026-02-07 19:48.53[0m [[32m[1minfo     [0m] [1mDiscreteDecisionTransformer_20260207194547: epoch=2 step=200[0m [36mepoch[0m=[35m2[0m [36mmetrics[0m=[35m{'time_sample_batch': 0.0027834510803222655, 'time_algorithm_update': 0.9207087755203247, 'loss': 1.4952990484237672, 'learning_rate': 9.999821982008615e-05, 'time_step': 0.9235673260688781}[0m [36mstep[0m=[35m200[0m
[2m2026-02-07 19:48.54[0m [[32m[1minfo     [0m] [1mModel parameters are saved to logs/quality_env2/dt_random_10/DiscreteDecisionTransformer_20260207194547/model_200.d3[0m
[2m2026-02-07 19:50.26[0m [[32m[1minfo     [0m] [1mDiscreteDecisionTransformer_20260207194547: epoch=3 step=300[0m [36mepoch[0m=[35m3[0m [36mmetrics[0m=[35m{'time_sample_batch': 0.0027812838554382322, 'time_algorithm_update': 0.9185838747024536, 'loss': 1.485450246334076, 'learning_rate': 9.999470940216686e-05, 'time_step': 0.921441023349762}[0m [36mstep[0m=[35m300[0m
[2m2026-02-07 19:50.28[0m [[32m[1minfo     [0m] [1mModel parameters are saved to logs/quality_env2/dt_random_10/DiscreteDecisionTransformer_20260207194547/model_300.d3[0m
[2m2026-02-07 19:52.00[0m [[32m[1minfo     [0m] [1mDiscreteDecisionTransformer_20260207194547: epoch=4 step=400[0m [36mepoch[0m=[35m4[0m [36mmetrics[0m=[35m{'time_sample_batch': 0.0028042674064636232, 'time_algorithm_update': 0.9186729574203492, 'loss': 1.4897515106201171, 'learning_rate': 9.998928832886341e-05, 'time_step': 0.9215513777732849}[0m [36mstep[0m=[35m400[0m
[2m2026-02-07 19:52.03[0m [[32m[1minfo     [0m] [1mModel parameters are saved to logs/quality_env2/dt_random_10/DiscreteDecisionTransformer_20260207194547/model_400.d3[0m
[2m2026-02-07 19:53.36[0m [[32m[1minfo     [0m] [1mDiscreteDecisionTransformer_20260207194547: epoch=5 step=500[0m [36mepoch[0m=[35m5[0m [36mmetrics[0m=[35m{'time_sample_batch': 0.00278933048248291, 'time_algorithm_update': 0.9220921874046326, 'loss': 1.5001371240615844, 'learning_rate': 9.998190142985874e-05, 'time_step': 0.9249584937095642}[0m [36mstep[0m=[35m500[0m
[2m2026-02-07 19:53.36[0m [[32m[1minfo     [0m] [1mModel parameters are saved to logs/quality_env2/dt_random_10/DiscreteDecisionTransformer_20260207194547/model_500.d3[0m
[2m2026-02-07 19:55.09[0m [[32m[1minfo     [0m] [1mDiscreteDecisionTransformer_20260207194547: epoch=6 step=600[0m [36mepoch[0m=[35m6[0m [36mmetrics[0m=[35m{'time_sample_batch': 0.002813754081726074, 'time_algorithm_update': 0.9232642412185669, 'loss': 1.4867728495597838, 'learning_rate': 9.997262058084832e-05, 'time_step': 0.9261554288864136}[0m [36mstep[0m=[35m600[0m
[2m2026-02-07 19:55.09[0m [[32m[1minfo     [0m] [1mModel parameters are saved to logs/quality_env2/dt_random_10/DiscreteDecisionTransformer_20260207194547/model_600.d3[0m
[2m2026-02-07 19:56.42[0m [[32m[1minfo     [0m] [1mDiscreteDecisionTransformer_20260207194547: epoch=7 step=700[0m [36mepoch[0m=[35m7[0m [36mmetrics[0m=[35m{'time_sample_batch': 0.0027902889251708984, 'time_algorithm_update': 0.921991868019104, 'loss': 1.4892230904102326, 'learning_rate': 9.996143135228786e-05, 'time_step': 0.92485755443573}[0m [36mstep[0m=[35m700[0m
[2m2026-02-07 19:56.42[0m [[32m[1minfo     [0m] [1mModel parameters are saved to logs/quality_env2/dt_random_10/DiscreteDecisionTransformer_20260207194547/model_700.d3[0m
[2m2026-02-07 19:58.15[0m [[32m[1minfo     [0m] [1mDiscreteDecisionTransformer_20260207194547: epoch=8 step=800[0m [36mepoch[0m=[35m8[0m [36mmetrics[0m=[35m{'time_sample_batch': 0.0027584171295166014, 'time_algorithm_update': 0.9284662246704102, 'loss': 1.4913125479221343, 'learning_rate': 9.994831844828051e-05, 'time_step': 0.931300094127655}[0m [36mstep[0m=[35m800[0m
[2m2026-02-07 19:58.16[0m [[32m[1minfo     [0m] [1mModel parameters are saved to logs/quality_env2/dt_random_10/DiscreteDecisionTransformer_20260207194547/model_800.d3[0m
[2m2026-02-07 19:59.50[0m [[32m[1minfo     [0m] [1mDiscreteDecisionTransformer_20260207194547: epoch=9 step=900[0m [36mepoch[0m=[35m9[0m [36mmetrics[0m=[35m{'time_sample_batch': 0.0027819013595581053, 'time_algorithm_update': 0.9351975655555725, 'loss': 1.4897371292114259, 'learning_rate': 9.993327449330709e-05, 'time_step': 0.9380542421340943}[0m [36mstep[0m=[35m900[0m
[2m2026-02-07 19:59.50[0m [[32m[1minfo     [0m] [1mModel parameters are saved to logs/quality_env2/dt_random_10/DiscreteDecisionTransformer_20260207194547/model_900.d3[0m
[2m2026-02-07 20:01.23[0m [[32m[1minfo     [0m] [1mDiscreteDecisionTransformer_20260207194547: epoch=10 step=1000[0m [36mepoch[0m=[35m10[0m [36mmetrics[0m=[35m{'time_sample_batch': 0.0027686119079589843, 'time_algorithm_update': 0.9227855134010315, 'loss': 1.493629229068756, 'learning_rate': 9.991627639399104e-05, 'time_step': 0.9256305766105651}[0m [36mstep[0m=[35m1000[0m
[2m2026-02-07 20:01.23[0m [[32m[1minfo     [0m] [1mModel parameters are saved to logs/quality_env2/dt_random_10/DiscreteDecisionTransformer_20260207194547/model_1000.d3[0m
2026-02-07 20:01:23,950 - INFO - Saved DT model to /home/eyal.amdur/K2D/results/models/DT/quality_env2/quality_env2/dt_model_random_10.d3
DT Model saved to: /home/eyal.amdur/K2D/results/models/DT/quality_env2/quality_env2/dt_model_random_10.d3

=== Evaluation ===

Evaluating dt_ground_truth_10...
2026-02-07 20:01:24,388 - INFO - Loaded DT model from /home/eyal.amdur/K2D/results/models/DT/quality_env2/quality_env2/dt_model_ground_truth_10.d3
Room 0 | has_key=0
+---+---+---+---+---+---+---+---+---+---+
| . | . | . | . | . | . | . | . | . | . |
+---+---+---+---+---+---+---+---+---+---+
| . | . | . | . | . | . | . | . | . | . |
+---+---+---+---+---+---+---+---+---+---+
| . | . | . | . | . | . | . | . | . | . |
+---+---+---+---+---+---+---+---+---+---+
| . | . | . | . | . | . | . | . | . | . |
+---+---+---+---+---+---+---+---+---+---+
| . | . | . | . | . | . | . | . | . | . |
+---+---+---+---+---+---+---+---+---+---+
| . | . | . | . | . | . | . | . | . | . |
+---+---+---+---+---+---+---+---+---+---+
| . | . | . | . | . | . | . | . | . | . |
+---+---+---+---+---+---+---+---+---+---+
| . | . | . | . | . | . | . | . | . | . |
+---+---+---+---+---+---+---+---+---+---+
| . | . | . | . | . | . | . | . | K | . |
+---+---+---+---+---+---+---+---+---+---+
| A | . | . | . | . | . | . | . | . | . |
+---+---+---+---+---+---+---+---+---+---+
agent's action is:  up
Room 0 | has_key=0
+---+---+---+---+---+---+---+---+---+---+
| . | . | . | . | . | . | . | . | . | . |
+---+---+---+---+---+---+---+---+---+---+
| . | . | . | . | . | . | . | . | . | . |
+---+---+---+---+---+---+---+---+---+---+
| . | . | . | . | . | . | . | . | . | . |
+---+---+---+---+---+---+---+---+---+---+
| . | . | . | . | . | . | . | . | . | . |
+---+---+---+---+---+---+---+---+---+---+
| . | . | . | . | . | . | . | . | . | . |
+---+---+---+---+---+---+---+---+---+---+
| . | . | . | . | . | . | . | . | . | . |
+---+---+---+---+---+---+---+---+---+---+
| . | . | . | . | . | . | . | . | . | . |
+---+---+---+---+---+---+---+---+---+---+
| . | . | . | . | . | . | . | . | . | . |
+---+---+---+---+---+---+---+---+---+---+
| A | . | . | . | . | . | . | . | K | . |
+---+---+---+---+---+---+---+---+---+---+
| . | . | . | . | . | . | . | . | . | . |
+---+---+---+---+---+---+---+---+---+---+
agent's action is:  right
Room 0 | has_key=0
+---+---+---+---+---+---+---+---+---+---+
| . | . | . | . | . | . | . | . | . | . |
+---+---+---+---+---+---+---+---+---+---+
| . | . | . | . | . | . | . | . | . | . |
+---+---+---+---+---+---+---+---+---+---+
| . | . | . | . | . | . | . | . | . | . |
+---+---+---+---+---+---+---+---+---+---+
| . | . | . | . | . | . | . | . | . | . |
+---+---+---+---+---+---+---+---+---+---+
| . | . | . | . | . | . | . | . | . | . |
+---+---+---+---+---+---+---+---+---+---+
| . | . | . | . | . | . | . | . | . | . |
+---+---+---+---+---+---+---+---+---+---+
| . | . | . | . | . | . | . | . | . | . |
+---+---+---+---+---+---+---+---+---+---+
| . | . | . | . | . | . | . | . | . | . |
+---+---+---+---+---+---+---+---+---+---+
| . | A | . | . | . | . | . | . | K | . |
+---+---+---+---+---+---+---+---+---+---+
| . | . | . | . | . | . | . | . | . | . |
+---+---+---+---+---+---+---+---+---+---+
agent's action is:  right
Room 0 | has_key=0
+---+---+---+---+---+---+---+---+---+---+
| . | . | . | . | . | . | . | . | . | . |
+---+---+---+---+---+---+---+---+---+---+
| . | . | . | . | . | . | . | . | . | . |
+---+---+---+---+---+---+---+---+---+---+
| . | . | . | . | . | . | . | . | . | . |
+---+---+---+---+---+---+---+---+---+---+
| . | . | . | . | . | . | . | . | . | . |
+---+---+---+---+---+---+---+---+---+---+
| . | . | . | . | . | . | . | . | . | . |
+---+---+---+---+---+---+---+---+---+---+
| . | . | . | . | . | . | . | . | . | . |
+---+---+---+---+---+---+---+---+---+---+
| . | . | . | . | . | . | . | . | . | . |
+---+---+---+---+---+---+---+---+---+---+
| . | . | . | . | . | . | . | . | . | . |
+---+---+---+---+---+---+---+---+---+---+
| . | . | A | . | . | . | . | . | K | . |
+---+---+---+---+---+---+---+---+---+---+
| . | . | . | . | . | . | . | . | . | . |
+---+---+---+---+---+---+---+---+---+---+
agent's action is:  right
Room 0 | has_key=0
+---+---+---+---+---+---+---+---+---+---+
| . | . | . | . | . | . | . | . | . | . |
+---+---+---+---+---+---+---+---+---+---+
| . | . | . | . | . | . | . | . | . | . |
+---+---+---+---+---+---+---+---+---+---+
| . | . | . | . | . | . | . | . | . | . |
+---+---+---+---+---+---+---+---+---+---+
| . | . | . | . | . | . | . | . | . | . |
+---+---+---+---+---+---+---+---+---+---+
| . | . | . | . | . | . | . | . | . | . |
+---+---+---+---+---+---+---+---+---+---+
| . | . | . | . | . | . | . | . | . | . |
+---+---+---+---+---+---+---+---+---+---+
| . | . | . | . | . | . | . | . | . | . |
+---+---+---+---+---+---+---+---+---+---+
| . | . | . | . | . | . | . | . | . | . |
+---+---+---+---+---+---+---+---+---+---+
| . | . | . | A | . | . | . | . | K | . |
+---+---+---+---+---+---+---+---+---+---+
| . | . | . | . | . | . | . | . | . | . |
+---+---+---+---+---+---+---+---+---+---+
agent's action is:  right
Room 0 | has_key=0
+---+---+---+---+---+---+---+---+---+---+
| . | . | . | . | . | . | . | . | . | . |
+---+---+---+---+---+---+---+---+---+---+
| . | . | . | . | . | . | . | . | . | . |
+---+---+---+---+---+---+---+---+---+---+
| . | . | . | . | . | . | . | . | . | . |
+---+---+---+---+---+---+---+---+---+---+
| . | . | . | . | . | . | . | . | . | . |
+---+---+---+---+---+---+---+---+---+---+
| . | . | . | . | . | . | . | . | . | . |
+---+---+---+---+---+---+---+---+---+---+
| . | . | . | . | . | . | . | . | . | . |
+---+---+---+---+---+---+---+---+---+---+
| . | . | . | . | . | . | . | . | . | . |
+---+---+---+---+---+---+---+---+---+---+
| . | . | . | . | . | . | . | . | . | . |
+---+---+---+---+---+---+---+---+---+---+
| . | . | . | . | A | . | . | . | K | . |
+---+---+---+---+---+---+---+---+---+---+
| . | . | . | . | . | . | . | . | . | . |
+---+---+---+---+---+---+---+---+---+---+
agent's action is:  right
Room 0 | has_key=0
+---+---+---+---+---+---+---+---+---+---+
| . | . | . | . | . | . | . | . | . | . |
+---+---+---+---+---+---+---+---+---+---+
| . | . | . | . | . | . | . | . | . | . |
+---+---+---+---+---+---+---+---+---+---+
| . | . | . | . | . | . | . | . | . | . |
+---+---+---+---+---+---+---+---+---+---+
| . | . | . | . | . | . | . | . | . | . |
+---+---+---+---+---+---+---+---+---+---+
| . | . | . | . | . | . | . | . | . | . |
+---+---+---+---+---+---+---+---+---+---+
| . | . | . | . | . | . | . | . | . | . |
+---+---+---+---+---+---+---+---+---+---+
| . | . | . | . | . | . | . | . | . | . |
+---+---+---+---+---+---+---+---+---+---+
| . | . | . | . | . | . | . | . | . | . |
+---+---+---+---+---+---+---+---+---+---+
| . | . | . | . | . | A | . | . | K | . |
+---+---+---+---+---+---+---+---+---+---+
| . | . | . | . | . | . | . | . | . | . |
+---+---+---+---+---+---+---+---+---+---+
agent's action is:  right
Room 0 | has_key=0
+---+---+---+---+---+---+---+---+---+---+
| . | . | . | . | . | . | . | . | . | . |
+---+---+---+---+---+---+---+---+---+---+
| . | . | . | . | . | . | . | . | . | . |
+---+---+---+---+---+---+---+---+---+---+
| . | . | . | . | . | . | . | . | . | . |
+---+---+---+---+---+---+---+---+---+---+
| . | . | . | . | . | . | . | . | . | . |
+---+---+---+---+---+---+---+---+---+---+
| . | . | . | . | . | . | . | . | . | . |
+---+---+---+---+---+---+---+---+---+---+
| . | . | . | . | . | . | . | . | . | . |
+---+---+---+---+---+---+---+---+---+---+
| . | . | . | . | . | . | . | . | . | . |
+---+---+---+---+---+---+---+---+---+---+
| . | . | . | . | . | . | . | . | . | . |
+---+---+---+---+---+---+---+---+---+---+
| . | . | . | . | . | . | A | . | K | . |
+---+---+---+---+---+---+---+---+---+---+
| . | . | . | . | . | . | . | . | . | . |
+---+---+---+---+---+---+---+---+---+---+
agent's action is:  right
Room 0 | has_key=0
+---+---+---+---+---+---+---+---+---+---+
| . | . | . | . | . | . | . | . | . | . |
+---+---+---+---+---+---+---+---+---+---+
| . | . | . | . | . | . | . | . | . | . |
+---+---+---+---+---+---+---+---+---+---+
| . | . | . | . | . | . | . | . | . | . |
+---+---+---+---+---+---+---+---+---+---+
| . | . | . | . | . | . | . | . | . | . |
+---+---+---+---+---+---+---+---+---+---+
| . | . | . | . | . | . | . | . | . | . |
+---+---+---+---+---+---+---+---+---+---+
| . | . | . | . | . | . | . | . | . | . |
+---+---+---+---+---+---+---+---+---+---+
| . | . | . | . | . | . | . | . | . | . |
+---+---+---+---+---+---+---+---+---+---+
| . | . | . | . | . | . | . | . | . | . |
+---+---+---+---+---+---+---+---+---+---+
| . | . | . | . | . | . | . | A | K | . |
+---+---+---+---+---+---+---+---+---+---+
| . | . | . | . | . | . | . | . | . | . |
+---+---+---+---+---+---+---+---+---+---+
agent's action is:  right
Room 0 | has_key=0
+---+---+---+---+---+---+---+---+---+---+
| . | . | . | . | . | . | . | . | . | . |
+---+---+---+---+---+---+---+---+---+---+
| . | . | . | . | . | . | . | . | . | . |
+---+---+---+---+---+---+---+---+---+---+
| . | . | . | . | . | . | . | . | . | . |
+---+---+---+---+---+---+---+---+---+---+
| . | . | . | . | . | . | . | . | . | . |
+---+---+---+---+---+---+---+---+---+---+
| . | . | . | . | . | . | . | . | . | . |
+---+---+---+---+---+---+---+---+---+---+
| . | . | . | . | . | . | . | . | . | . |
+---+---+---+---+---+---+---+---+---+---+
| . | . | . | . | . | . | . | . | . | . |
+---+---+---+---+---+---+---+---+---+---+
| . | . | . | . | . | . | . | . | . | . |
+---+---+---+---+---+---+---+---+---+---+
| . | . | . | . | . | . | . | . | A | . |
+---+---+---+---+---+---+---+---+---+---+
| . | . | . | . | . | . | . | . | . | . |
+---+---+---+---+---+---+---+---+---+---+
agent's action is:  pick up key
Room 0 | has_key=1
+---+---+---+---+---+---+---+---+---+---+
| . | . | . | . | . | . | . | . | . | . |
+---+---+---+---+---+---+---+---+---+---+
| . | . | . | . | . | . | . | . | . | . |
+---+---+---+---+---+---+---+---+---+---+
| . | . | . | . | . | . | . | . | . | . |
+---+---+---+---+---+---+---+---+---+---+
| . | . | . | . | . | . | . | . | . | . |
+---+---+---+---+---+---+---+---+---+---+
| . | . | . | . | . | . | . | . | . | . |
+---+---+---+---+---+---+---+---+---+---+
| . | . | . | . | . | . | . | . | . | . |
+---+---+---+---+---+---+---+---+---+---+
| . | . | . | . | . | . | . | . | . | . |
+---+---+---+---+---+---+---+---+---+---+
| . | . | . | . | . | . | . | . | . | . |
+---+---+---+---+---+---+---+---+---+---+
| . | . | . | . | . | . | . | . | A | . |
+---+---+---+---+---+---+---+---+---+---+
| . | . | . | . | . | . | . | . | . | . |
+---+---+---+---+---+---+---+---+---+---+
agent's action is:  up
Room 0 | has_key=1
+---+---+---+---+---+---+---+---+---+---+
| . | . | . | . | . | . | . | . | . | . |
+---+---+---+---+---+---+---+---+---+---+
| . | . | . | . | . | . | . | . | . | . |
+---+---+---+---+---+---+---+---+---+---+
| . | . | . | . | . | . | . | . | . | . |
+---+---+---+---+---+---+---+---+---+---+
| . | . | . | . | . | . | . | . | . | . |
+---+---+---+---+---+---+---+---+---+---+
| . | . | . | . | . | . | . | . | . | . |
+---+---+---+---+---+---+---+---+---+---+
| . | . | . | . | . | . | . | . | . | . |
+---+---+---+---+---+---+---+---+---+---+
| . | . | . | . | . | . | . | . | . | . |
+---+---+---+---+---+---+---+---+---+---+
| . | . | . | . | . | . | . | . | A | . |
+---+---+---+---+---+---+---+---+---+---+
| . | . | . | . | . | . | . | . | . | . |
+---+---+---+---+---+---+---+---+---+---+
| . | . | . | . | . | . | . | . | . | . |
+---+---+---+---+---+---+---+---+---+---+
agent's action is:  up
Room 0 | has_key=1
+---+---+---+---+---+---+---+---+---+---+
| . | . | . | . | . | . | . | . | . | . |
+---+---+---+---+---+---+---+---+---+---+
| . | . | . | . | . | . | . | . | . | . |
+---+---+---+---+---+---+---+---+---+---+
| . | . | . | . | . | . | . | . | . | . |
+---+---+---+---+---+---+---+---+---+---+
| . | . | . | . | . | . | . | . | . | . |
+---+---+---+---+---+---+---+---+---+---+
| . | . | . | . | . | . | . | . | . | . |
+---+---+---+---+---+---+---+---+---+---+
| . | . | . | . | . | . | . | . | . | . |
+---+---+---+---+---+---+---+---+---+---+
| . | . | . | . | . | . | . | . | A | . |
+---+---+---+---+---+---+---+---+---+---+
| . | . | . | . | . | . | . | . | . | . |
+---+---+---+---+---+---+---+---+---+---+
| . | . | . | . | . | . | . | . | . | . |
+---+---+---+---+---+---+---+---+---+---+
| . | . | . | . | . | . | . | . | . | . |
+---+---+---+---+---+---+---+---+---+---+
agent's action is:  up
Room 0 | has_key=1
+---+---+---+---+---+---+---+---+---+---+
| . | . | . | . | . | . | . | . | . | . |
+---+---+---+---+---+---+---+---+---+---+
| . | . | . | . | . | . | . | . | . | . |
+---+---+---+---+---+---+---+---+---+---+
| . | . | . | . | . | . | . | . | . | . |
+---+---+---+---+---+---+---+---+---+---+
| . | . | . | . | . | . | . | . | . | . |
+---+---+---+---+---+---+---+---+---+---+
| . | . | . | . | . | . | . | . | . | . |
+---+---+---+---+---+---+---+---+---+---+
| . | . | . | . | . | . | . | . | A | . |
+---+---+---+---+---+---+---+---+---+---+
| . | . | . | . | . | . | . | . | . | . |
+---+---+---+---+---+---+---+---+---+---+
| . | . | . | . | . | . | . | . | . | . |
+---+---+---+---+---+---+---+---+---+---+
| . | . | . | . | . | . | . | . | . | . |
+---+---+---+---+---+---+---+---+---+---+
| . | . | . | . | . | . | . | . | . | . |
+---+---+---+---+---+---+---+---+---+---+
agent's action is:  up
Room 0 | has_key=1
+---+---+---+---+---+---+---+---+---+---+
| . | . | . | . | . | . | . | . | . | . |
+---+---+---+---+---+---+---+---+---+---+
| . | . | . | . | . | . | . | . | . | . |
+---+---+---+---+---+---+---+---+---+---+
| . | . | . | . | . | . | . | . | . | . |
+---+---+---+---+---+---+---+---+---+---+
| . | . | . | . | . | . | . | . | . | . |
+---+---+---+---+---+---+---+---+---+---+
| . | . | . | . | . | . | . | . | A | . |
+---+---+---+---+---+---+---+---+---+---+
| . | . | . | . | . | . | . | . | . | . |
+---+---+---+---+---+---+---+---+---+---+
| . | . | . | . | . | . | . | . | . | . |
+---+---+---+---+---+---+---+---+---+---+
| . | . | . | . | . | . | . | . | . | . |
+---+---+---+---+---+---+---+---+---+---+
| . | . | . | . | . | . | . | . | . | . |
+---+---+---+---+---+---+---+---+---+---+
| . | . | . | . | . | . | . | . | . | . |
+---+---+---+---+---+---+---+---+---+---+
agent's action is:  up
Room 0 | has_key=1
+---+---+---+---+---+---+---+---+---+---+
| . | . | . | . | . | . | . | . | . | . |
+---+---+---+---+---+---+---+---+---+---+
| . | . | . | . | . | . | . | . | . | . |
+---+---+---+---+---+---+---+---+---+---+
| . | . | . | . | . | . | . | . | . | . |
+---+---+---+---+---+---+---+---+---+---+
| . | . | . | . | . | . | . | . | A | . |
+---+---+---+---+---+---+---+---+---+---+
| . | . | . | . | . | . | . | . | . | . |
+---+---+---+---+---+---+---+---+---+---+
| . | . | . | . | . | . | . | . | . | . |
+---+---+---+---+---+---+---+---+---+---+
| . | . | . | . | . | . | . | . | . | . |
+---+---+---+---+---+---+---+---+---+---+
| . | . | . | . | . | . | . | . | . | . |
+---+---+---+---+---+---+---+---+---+---+
| . | . | . | . | . | . | . | . | . | . |
+---+---+---+---+---+---+---+---+---+---+
| . | . | . | . | . | . | . | . | . | . |
+---+---+---+---+---+---+---+---+---+---+
agent's action is:  up
Room 0 | has_key=1
+---+---+---+---+---+---+---+---+---+---+
| . | . | . | . | . | . | . | . | . | . |
+---+---+---+---+---+---+---+---+---+---+
| . | . | . | . | . | . | . | . | . | . |
+---+---+---+---+---+---+---+---+---+---+
| . | . | . | . | . | . | . | . | A | . |
+---+---+---+---+---+---+---+---+---+---+
| . | . | . | . | . | . | . | . | . | . |
+---+---+---+---+---+---+---+---+---+---+
| . | . | . | . | . | . | . | . | . | . |
+---+---+---+---+---+---+---+---+---+---+
| . | . | . | . | . | . | . | . | . | . |
+---+---+---+---+---+---+---+---+---+---+
| . | . | . | . | . | . | . | . | . | . |
+---+---+---+---+---+---+---+---+---+---+
| . | . | . | . | . | . | . | . | . | . |
+---+---+---+---+---+---+---+---+---+---+
| . | . | . | . | . | . | . | . | . | . |
+---+---+---+---+---+---+---+---+---+---+
| . | . | . | . | . | . | . | . | . | . |
+---+---+---+---+---+---+---+---+---+---+
agent's action is:  up
Room 0 | has_key=1
+---+---+---+---+---+---+---+---+---+---+
| . | . | . | . | . | . | . | . | . | . |
+---+---+---+---+---+---+---+---+---+---+
| . | . | . | . | . | . | . | . | A | . |
+---+---+---+---+---+---+---+---+---+---+
| . | . | . | . | . | . | . | . | . | . |
+---+---+---+---+---+---+---+---+---+---+
| . | . | . | . | . | . | . | . | . | . |
+---+---+---+---+---+---+---+---+---+---+
| . | . | . | . | . | . | . | . | . | . |
+---+---+---+---+---+---+---+---+---+---+
| . | . | . | . | . | . | . | . | . | . |
+---+---+---+---+---+---+---+---+---+---+
| . | . | . | . | . | . | . | . | . | . |
+---+---+---+---+---+---+---+---+---+---+
| . | . | . | . | . | . | . | . | . | . |
+---+---+---+---+---+---+---+---+---+---+
| . | . | . | . | . | . | . | . | . | . |
+---+---+---+---+---+---+---+---+---+---+
| . | . | . | . | . | . | . | . | . | . |
+---+---+---+---+---+---+---+---+---+---+
agent's action is:  up
Room 0 | has_key=1
+---+---+---+---+---+---+---+---+---+---+
| . | . | . | . | . | . | . | . | A | . |
+---+---+---+---+---+---+---+---+---+---+
| . | . | . | . | . | . | . | . | . | . |
+---+---+---+---+---+---+---+---+---+---+
| . | . | . | . | . | . | . | . | . | . |
+---+---+---+---+---+---+---+---+---+---+
| . | . | . | . | . | . | . | . | . | . |
+---+---+---+---+---+---+---+---+---+---+
| . | . | . | . | . | . | . | . | . | . |
+---+---+---+---+---+---+---+---+---+---+
| . | . | . | . | . | . | . | . | . | . |
+---+---+---+---+---+---+---+---+---+---+
| . | . | . | . | . | . | . | . | . | . |
+---+---+---+---+---+---+---+---+---+---+
| . | . | . | . | . | . | . | . | . | . |
+---+---+---+---+---+---+---+---+---+---+
| . | . | . | . | . | . | . | . | . | . |
+---+---+---+---+---+---+---+---+---+---+
| . | . | . | . | . | . | . | . | . | . |
+---+---+---+---+---+---+---+---+---+---+
agent's action is:  up
Room 0 | has_key=1
+---+---+---+---+---+---+---+---+---+---+
| . | . | . | . | . | . | . | . | A | . |
+---+---+---+---+---+---+---+---+---+---+
| . | . | . | . | . | . | . | . | . | . |
+---+---+---+---+---+---+---+---+---+---+
| . | . | . | . | . | . | . | . | . | . |
+---+---+---+---+---+---+---+---+---+---+
| . | . | . | . | . | . | . | . | . | . |
+---+---+---+---+---+---+---+---+---+---+
| . | . | . | . | . | . | . | . | . | . |
+---+---+---+---+---+---+---+---+---+---+
| . | . | . | . | . | . | . | . | . | . |
+---+---+---+---+---+---+---+---+---+---+
| . | . | . | . | . | . | . | . | . | . |
+---+---+---+---+---+---+---+---+---+---+
| . | . | . | . | . | . | . | . | . | . |
+---+---+---+---+---+---+---+---+---+---+
| . | . | . | . | . | . | . | . | . | . |
+---+---+---+---+---+---+---+---+---+---+
| . | . | . | . | . | . | . | . | . | . |
+---+---+---+---+---+---+---+---+---+---+
agent's action is:  up
Room 1 | has_key=1
+---+---+---+---+---+---+---+---+---+---+
| . | . | . | . | . | . | . | . | . | . |
+---+---+---+---+---+---+---+---+---+---+
| . | . | . | . | . | . | . | . | . | . |
+---+---+---+---+---+---+---+---+---+---+
| . | . | . | . | . | . | . | . | . | . |
+---+---+---+---+---+---+---+---+---+---+
| . | . | . | . | . | . | . | . | . | . |
+---+---+---+---+---+---+---+---+---+---+
| . | . | . | . | . | . | . | . | . | . |
+---+---+---+---+---+---+---+---+---+---+
| . | . | . | . | . | . | . | . | . | . |
+---+---+---+---+---+---+---+---+---+---+
| . | . | . | . | . | . | . | . | . | . |
+---+---+---+---+---+---+---+---+---+---+
| . | . | . | . | . | . | . | . | . | . |
+---+---+---+---+---+---+---+---+---+---+
| . | . | . | . | . | . | . | . | . | . |
+---+---+---+---+---+---+---+---+---+---+
| A | . | . | . | . | . | . | . | . | . |
+---+---+---+---+---+---+---+---+---+---+
agent's action is:  up
Room 1 | has_key=1
+---+---+---+---+---+---+---+---+---+---+
| . | . | . | . | . | . | . | . | . | . |
+---+---+---+---+---+---+---+---+---+---+
| . | . | . | . | . | . | . | . | . | . |
+---+---+---+---+---+---+---+---+---+---+
| . | . | . | . | . | . | . | . | . | . |
+---+---+---+---+---+---+---+---+---+---+
| . | . | . | . | . | . | . | . | . | . |
+---+---+---+---+---+---+---+---+---+---+
| . | . | . | . | . | . | . | . | . | . |
+---+---+---+---+---+---+---+---+---+---+
| . | . | . | . | . | . | . | . | . | . |
+---+---+---+---+---+---+---+---+---+---+
| . | . | . | . | . | . | . | . | . | . |
+---+---+---+---+---+---+---+---+---+---+
| . | . | . | . | . | . | . | . | . | . |
+---+---+---+---+---+---+---+---+---+---+
| A | . | . | . | . | . | . | . | . | . |
+---+---+---+---+---+---+---+---+---+---+
| . | . | . | . | . | . | . | . | . | . |
+---+---+---+---+---+---+---+---+---+---+
agent's action is:  up
Room 1 | has_key=1
+---+---+---+---+---+---+---+---+---+---+
| . | . | . | . | . | . | . | . | . | . |
+---+---+---+---+---+---+---+---+---+---+
| . | . | . | . | . | . | . | . | . | . |
+---+---+---+---+---+---+---+---+---+---+
| . | . | . | . | . | . | . | . | . | . |
+---+---+---+---+---+---+---+---+---+---+
| . | . | . | . | . | . | . | . | . | . |
+---+---+---+---+---+---+---+---+---+---+
| . | . | . | . | . | . | . | . | . | . |
+---+---+---+---+---+---+---+---+---+---+
| . | . | . | . | . | . | . | . | . | . |
+---+---+---+---+---+---+---+---+---+---+
| . | . | . | . | . | . | . | . | . | . |
+---+---+---+---+---+---+---+---+---+---+
| A | . | . | . | . | . | . | . | . | . |
+---+---+---+---+---+---+---+---+---+---+
| . | . | . | . | . | . | . | . | . | . |
+---+---+---+---+---+---+---+---+---+---+
| . | . | . | . | . | . | . | . | . | . |
+---+---+---+---+---+---+---+---+---+---+
agent's action is:  up
Room 1 | has_key=1
+---+---+---+---+---+---+---+---+---+---+
| . | . | . | . | . | . | . | . | . | . |
+---+---+---+---+---+---+---+---+---+---+
| . | . | . | . | . | . | . | . | . | . |
+---+---+---+---+---+---+---+---+---+---+
| . | . | . | . | . | . | . | . | . | . |
+---+---+---+---+---+---+---+---+---+---+
| . | . | . | . | . | . | . | . | . | . |
+---+---+---+---+---+---+---+---+---+---+
| . | . | . | . | . | . | . | . | . | . |
+---+---+---+---+---+---+---+---+---+---+
| . | . | . | . | . | . | . | . | . | . |
+---+---+---+---+---+---+---+---+---+---+
| A | . | . | . | . | . | . | . | . | . |
+---+---+---+---+---+---+---+---+---+---+
| . | . | . | . | . | . | . | . | . | . |
+---+---+---+---+---+---+---+---+---+---+
| . | . | . | . | . | . | . | . | . | . |
+---+---+---+---+---+---+---+---+---+---+
| . | . | . | . | . | . | . | . | . | . |
+---+---+---+---+---+---+---+---+---+---+
agent's action is:  up
Room 1 | has_key=1
+---+---+---+---+---+---+---+---+---+---+
| . | . | . | . | . | . | . | . | . | . |
+---+---+---+---+---+---+---+---+---+---+
| . | . | . | . | . | . | . | . | . | . |
+---+---+---+---+---+---+---+---+---+---+
| . | . | . | . | . | . | . | . | . | . |
+---+---+---+---+---+---+---+---+---+---+
| . | . | . | . | . | . | . | . | . | . |
+---+---+---+---+---+---+---+---+---+---+
| . | . | . | . | . | . | . | . | . | . |
+---+---+---+---+---+---+---+---+---+---+
| A | . | . | . | . | . | . | . | . | . |
+---+---+---+---+---+---+---+---+---+---+
| . | . | . | . | . | . | . | . | . | . |
+---+---+---+---+---+---+---+---+---+---+
| . | . | . | . | . | . | . | . | . | . |
+---+---+---+---+---+---+---+---+---+---+
| . | . | . | . | . | . | . | . | . | . |
+---+---+---+---+---+---+---+---+---+---+
| . | . | . | . | . | . | . | . | . | . |
+---+---+---+---+---+---+---+---+---+---+
agent's action is:  up
Room 1 | has_key=1
+---+---+---+---+---+---+---+---+---+---+
| . | . | . | . | . | . | . | . | . | . |
+---+---+---+---+---+---+---+---+---+---+
| . | . | . | . | . | . | . | . | . | . |
+---+---+---+---+---+---+---+---+---+---+
| . | . | . | . | . | . | . | . | . | . |
+---+---+---+---+---+---+---+---+---+---+
| . | . | . | . | . | . | . | . | . | . |
+---+---+---+---+---+---+---+---+---+---+
| A | . | . | . | . | . | . | . | . | . |
+---+---+---+---+---+---+---+---+---+---+
| . | . | . | . | . | . | . | . | . | . |
+---+---+---+---+---+---+---+---+---+---+
| . | . | . | . | . | . | . | . | . | . |
+---+---+---+---+---+---+---+---+---+---+
| . | . | . | . | . | . | . | . | . | . |
+---+---+---+---+---+---+---+---+---+---+
| . | . | . | . | . | . | . | . | . | . |
+---+---+---+---+---+---+---+---+---+---+
| . | . | . | . | . | . | . | . | . | . |
+---+---+---+---+---+---+---+---+---+---+
agent's action is:  up
Room 1 | has_key=1
+---+---+---+---+---+---+---+---+---+---+
| . | . | . | . | . | . | . | . | . | . |
+---+---+---+---+---+---+---+---+---+---+
| . | . | . | . | . | . | . | . | . | . |
+---+---+---+---+---+---+---+---+---+---+
| . | . | . | . | . | . | . | . | . | . |
+---+---+---+---+---+---+---+---+---+---+
| A | . | . | . | . | . | . | . | . | . |
+---+---+---+---+---+---+---+---+---+---+
| . | . | . | . | . | . | . | . | . | . |
+---+---+---+---+---+---+---+---+---+---+
| . | . | . | . | . | . | . | . | . | . |
+---+---+---+---+---+---+---+---+---+---+
| . | . | . | . | . | . | . | . | . | . |
+---+---+---+---+---+---+---+---+---+---+
| . | . | . | . | . | . | . | . | . | . |
+---+---+---+---+---+---+---+---+---+---+
| . | . | . | . | . | . | . | . | . | . |
+---+---+---+---+---+---+---+---+---+---+
| . | . | . | . | . | . | . | . | . | . |
+---+---+---+---+---+---+---+---+---+---+
agent's action is:  up
Room 1 | has_key=1
+---+---+---+---+---+---+---+---+---+---+
| . | . | . | . | . | . | . | . | . | . |
+---+---+---+---+---+---+---+---+---+---+
| . | . | . | . | . | . | . | . | . | . |
+---+---+---+---+---+---+---+---+---+---+
| A | . | . | . | . | . | . | . | . | . |
+---+---+---+---+---+---+---+---+---+---+
| . | . | . | . | . | . | . | . | . | . |
+---+---+---+---+---+---+---+---+---+---+
| . | . | . | . | . | . | . | . | . | . |
+---+---+---+---+---+---+---+---+---+---+
| . | . | . | . | . | . | . | . | . | . |
+---+---+---+---+---+---+---+---+---+---+
| . | . | . | . | . | . | . | . | . | . |
+---+---+---+---+---+---+---+---+---+---+
| . | . | . | . | . | . | . | . | . | . |
+---+---+---+---+---+---+---+---+---+---+
| . | . | . | . | . | . | . | . | . | . |
+---+---+---+---+---+---+---+---+---+---+
| . | . | . | . | . | . | . | . | . | . |
+---+---+---+---+---+---+---+---+---+---+
agent's action is:  up
Room 1 | has_key=1
+---+---+---+---+---+---+---+---+---+---+
| . | . | . | . | . | . | . | . | . | . |
+---+---+---+---+---+---+---+---+---+---+
| A | . | . | . | . | . | . | . | . | . |
+---+---+---+---+---+---+---+---+---+---+
| . | . | . | . | . | . | . | . | . | . |
+---+---+---+---+---+---+---+---+---+---+
| . | . | . | . | . | . | . | . | . | . |
+---+---+---+---+---+---+---+---+---+---+
| . | . | . | . | . | . | . | . | . | . |
+---+---+---+---+---+---+---+---+---+---+
| . | . | . | . | . | . | . | . | . | . |
+---+---+---+---+---+---+---+---+---+---+
| . | . | . | . | . | . | . | . | . | . |
+---+---+---+---+---+---+---+---+---+---+
| . | . | . | . | . | . | . | . | . | . |
+---+---+---+---+---+---+---+---+---+---+
| . | . | . | . | . | . | . | . | . | . |
+---+---+---+---+---+---+---+---+---+---+
| . | . | . | . | . | . | . | . | . | . |
+---+---+---+---+---+---+---+---+---+---+
agent's action is:  up
Room 1 | has_key=1
+---+---+---+---+---+---+---+---+---+---+
| A | . | . | . | . | . | . | . | . | . |
+---+---+---+---+---+---+---+---+---+---+
| . | . | . | . | . | . | . | . | . | . |
+---+---+---+---+---+---+---+---+---+---+
| . | . | . | . | . | . | . | . | . | . |
+---+---+---+---+---+---+---+---+---+---+
| . | . | . | . | . | . | . | . | . | . |
+---+---+---+---+---+---+---+---+---+---+
| . | . | . | . | . | . | . | . | . | . |
+---+---+---+---+---+---+---+---+---+---+
| . | . | . | . | . | . | . | . | . | . |
+---+---+---+---+---+---+---+---+---+---+
| . | . | . | . | . | . | . | . | . | . |
+---+---+---+---+---+---+---+---+---+---+
| . | . | . | . | . | . | . | . | . | . |
+---+---+---+---+---+---+---+---+---+---+
| . | . | . | . | . | . | . | . | . | . |
+---+---+---+---+---+---+---+---+---+---+
| . | . | . | . | . | . | . | . | . | . |
+---+---+---+---+---+---+---+---+---+---+
agent's action is:  up
Room 1 | has_key=1
+---+---+---+---+---+---+---+---+---+---+
| A | . | . | . | . | . | . | . | . | . |
+---+---+---+---+---+---+---+---+---+---+
| . | . | . | . | . | . | . | . | . | . |
+---+---+---+---+---+---+---+---+---+---+
| . | . | . | . | . | . | . | . | . | . |
+---+---+---+---+---+---+---+---+---+---+
| . | . | . | . | . | . | . | . | . | . |
+---+---+---+---+---+---+---+---+---+---+
| . | . | . | . | . | . | . | . | . | . |
+---+---+---+---+---+---+---+---+---+---+
| . | . | . | . | . | . | . | . | . | . |
+---+---+---+---+---+---+---+---+---+---+
| . | . | . | . | . | . | . | . | . | . |
+---+---+---+---+---+---+---+---+---+---+
| . | . | . | . | . | . | . | . | . | . |
+---+---+---+---+---+---+---+---+---+---+
| . | . | . | . | . | . | . | . | . | . |
+---+---+---+---+---+---+---+---+---+---+
| . | . | . | . | . | . | . | . | . | . |
+---+---+---+---+---+---+---+---+---+---+
agent's action is:  up
Room 1 | has_key=1
+---+---+---+---+---+---+---+---+---+---+
| A | . | . | . | . | . | . | . | . | . |
+---+---+---+---+---+---+---+---+---+---+
| . | . | . | . | . | . | . | . | . | . |
+---+---+---+---+---+---+---+---+---+---+
| . | . | . | . | . | . | . | . | . | . |
+---+---+---+---+---+---+---+---+---+---+
| . | . | . | . | . | . | . | . | . | . |
+---+---+---+---+---+---+---+---+---+---+
| . | . | . | . | . | . | . | . | . | . |
+---+---+---+---+---+---+---+---+---+---+
| . | . | . | . | . | . | . | . | . | . |
+---+---+---+---+---+---+---+---+---+---+
| . | . | . | . | . | . | . | . | . | . |
+---+---+---+---+---+---+---+---+---+---+
| . | . | . | . | . | . | . | . | . | . |
+---+---+---+---+---+---+---+---+---+---+
| . | . | . | . | . | . | . | . | . | . |
+---+---+---+---+---+---+---+---+---+---+
| . | . | . | . | . | . | . | . | . | . |
+---+---+---+---+---+---+---+---+---+---+
agent's action is:  up
Room 1 | has_key=1
+---+---+---+---+---+---+---+---+---+---+
| A | . | . | . | . | . | . | . | . | . |
+---+---+---+---+---+---+---+---+---+---+
| . | . | . | . | . | . | . | . | . | . |
+---+---+---+---+---+---+---+---+---+---+
| . | . | . | . | . | . | . | . | . | . |
+---+---+---+---+---+---+---+---+---+---+
| . | . | . | . | . | . | . | . | . | . |
+---+---+---+---+---+---+---+---+---+---+
| . | . | . | . | . | . | . | . | . | . |
+---+---+---+---+---+---+---+---+---+---+
| . | . | . | . | . | . | . | . | . | . |
+---+---+---+---+---+---+---+---+---+---+
| . | . | . | . | . | . | . | . | . | . |
+---+---+---+---+---+---+---+---+---+---+
| . | . | . | . | . | . | . | . | . | . |
+---+---+---+---+---+---+---+---+---+---+
| . | . | . | . | . | . | . | . | . | . |
+---+---+---+---+---+---+---+---+---+---+
| . | . | . | . | . | . | . | . | . | . |
+---+---+---+---+---+---+---+---+---+---+
agent's action is:  up
Room 1 | has_key=1
+---+---+---+---+---+---+---+---+---+---+
| A | . | . | . | . | . | . | . | . | . |
+---+---+---+---+---+---+---+---+---+---+
| . | . | . | . | . | . | . | . | . | . |
+---+---+---+---+---+---+---+---+---+---+
| . | . | . | . | . | . | . | . | . | . |
+---+---+---+---+---+---+---+---+---+---+
| . | . | . | . | . | . | . | . | . | . |
+---+---+---+---+---+---+---+---+---+---+
| . | . | . | . | . | . | . | . | . | . |
+---+---+---+---+---+---+---+---+---+---+
| . | . | . | . | . | . | . | . | . | . |
+---+---+---+---+---+---+---+---+---+---+
| . | . | . | . | . | . | . | . | . | . |
+---+---+---+---+---+---+---+---+---+---+
| . | . | . | . | . | . | . | . | . | . |
+---+---+---+---+---+---+---+---+---+---+
| . | . | . | . | . | . | . | . | . | . |
+---+---+---+---+---+---+---+---+---+---+
| . | . | . | . | . | . | . | . | . | . |
+---+---+---+---+---+---+---+---+---+---+
agent's action is:  up
Room 1 | has_key=1
+---+---+---+---+---+---+---+---+---+---+
| A | . | . | . | . | . | . | . | . | . |
+---+---+---+---+---+---+---+---+---+---+
| . | . | . | . | . | . | . | . | . | . |
+---+---+---+---+---+---+---+---+---+---+
| . | . | . | . | . | . | . | . | . | . |
+---+---+---+---+---+---+---+---+---+---+
| . | . | . | . | . | . | . | . | . | . |
+---+---+---+---+---+---+---+---+---+---+
| . | . | . | . | . | . | . | . | . | . |
+---+---+---+---+---+---+---+---+---+---+
| . | . | . | . | . | . | . | . | . | . |
+---+---+---+---+---+---+---+---+---+---+
| . | . | . | . | . | . | . | . | . | . |
+---+---+---+---+---+---+---+---+---+---+
| . | . | . | . | . | . | . | . | . | . |
+---+---+---+---+---+---+---+---+---+---+
| . | . | . | . | . | . | . | . | . | . |
+---+---+---+---+---+---+---+---+---+---+
| . | . | . | . | . | . | . | . | . | . |
+---+---+---+---+---+---+---+---+---+---+
agent's action is:  up
Room 1 | has_key=1
+---+---+---+---+---+---+---+---+---+---+
| A | . | . | . | . | . | . | . | . | . |
+---+---+---+---+---+---+---+---+---+---+
| . | . | . | . | . | . | . | . | . | . |
+---+---+---+---+---+---+---+---+---+---+
| . | . | . | . | . | . | . | . | . | . |
+---+---+---+---+---+---+---+---+---+---+
| . | . | . | . | . | . | . | . | . | . |
+---+---+---+---+---+---+---+---+---+---+
| . | . | . | . | . | . | . | . | . | . |
+---+---+---+---+---+---+---+---+---+---+
| . | . | . | . | . | . | . | . | . | . |
+---+---+---+---+---+---+---+---+---+---+
| . | . | . | . | . | . | . | . | . | . |
+---+---+---+---+---+---+---+---+---+---+
| . | . | . | . | . | . | . | . | . | . |
+---+---+---+---+---+---+---+---+---+---+
| . | . | . | . | . | . | . | . | . | . |
+---+---+---+---+---+---+---+---+---+---+
| . | . | . | . | . | . | . | . | . | . |
+---+---+---+---+---+---+---+---+---+---+
agent's action is:  up
Room 1 | has_key=1
+---+---+---+---+---+---+---+---+---+---+
| A | . | . | . | . | . | . | . | . | . |
+---+---+---+---+---+---+---+---+---+---+
| . | . | . | . | . | . | . | . | . | . |
+---+---+---+---+---+---+---+---+---+---+
| . | . | . | . | . | . | . | . | . | . |
+---+---+---+---+---+---+---+---+---+---+
| . | . | . | . | . | . | . | . | . | . |
+---+---+---+---+---+---+---+---+---+---+
| . | . | . | . | . | . | . | . | . | . |
+---+---+---+---+---+---+---+---+---+---+
| . | . | . | . | . | . | . | . | . | . |
+---+---+---+---+---+---+---+---+---+---+
| . | . | . | . | . | . | . | . | . | . |
+---+---+---+---+---+---+---+---+---+---+
| . | . | . | . | . | . | . | . | . | . |
+---+---+---+---+---+---+---+---+---+---+
| . | . | . | . | . | . | . | . | . | . |
+---+---+---+---+---+---+---+---+---+---+
| . | . | . | . | . | . | . | . | . | . |
+---+---+---+---+---+---+---+---+---+---+
agent's action is:  up
Room 1 | has_key=1
+---+---+---+---+---+---+---+---+---+---+
| A | . | . | . | . | . | . | . | . | . |
+---+---+---+---+---+---+---+---+---+---+
| . | . | . | . | . | . | . | . | . | . |
+---+---+---+---+---+---+---+---+---+---+
| . | . | . | . | . | . | . | . | . | . |
+---+---+---+---+---+---+---+---+---+---+
| . | . | . | . | . | . | . | . | . | . |
+---+---+---+---+---+---+---+---+---+---+
| . | . | . | . | . | . | . | . | . | . |
+---+---+---+---+---+---+---+---+---+---+
| . | . | . | . | . | . | . | . | . | . |
+---+---+---+---+---+---+---+---+---+---+
| . | . | . | . | . | . | . | . | . | . |
+---+---+---+---+---+---+---+---+---+---+
| . | . | . | . | . | . | . | . | . | . |
+---+---+---+---+---+---+---+---+---+---+
| . | . | . | . | . | . | . | . | . | . |
+---+---+---+---+---+---+---+---+---+---+
| . | . | . | . | . | . | . | . | . | . |
+---+---+---+---+---+---+---+---+---+---+
agent's action is:  up
Room 1 | has_key=1
+---+---+---+---+---+---+---+---+---+---+
| A | . | . | . | . | . | . | . | . | . |
+---+---+---+---+---+---+---+---+---+---+
| . | . | . | . | . | . | . | . | . | . |
+---+---+---+---+---+---+---+---+---+---+
| . | . | . | . | . | . | . | . | . | . |
+---+---+---+---+---+---+---+---+---+---+
| . | . | . | . | . | . | . | . | . | . |
+---+---+---+---+---+---+---+---+---+---+
| . | . | . | . | . | . | . | . | . | . |
+---+---+---+---+---+---+---+---+---+---+
| . | . | . | . | . | . | . | . | . | . |
+---+---+---+---+---+---+---+---+---+---+
| . | . | . | . | . | . | . | . | . | . |
+---+---+---+---+---+---+---+---+---+---+
| . | . | . | . | . | . | . | . | . | . |
+---+---+---+---+---+---+---+---+---+---+
| . | . | . | . | . | . | . | . | . | . |
+---+---+---+---+---+---+---+---+---+---+
| . | . | . | . | . | . | . | . | . | . |
+---+---+---+---+---+---+---+---+---+---+
agent's action is:  up
Room 1 | has_key=1
+---+---+---+---+---+---+---+---+---+---+
| A | . | . | . | . | . | . | . | . | . |
+---+---+---+---+---+---+---+---+---+---+
| . | . | . | . | . | . | . | . | . | . |
+---+---+---+---+---+---+---+---+---+---+
| . | . | . | . | . | . | . | . | . | . |
+---+---+---+---+---+---+---+---+---+---+
| . | . | . | . | . | . | . | . | . | . |
+---+---+---+---+---+---+---+---+---+---+
| . | . | . | . | . | . | . | . | . | . |
+---+---+---+---+---+---+---+---+---+---+
| . | . | . | . | . | . | . | . | . | . |
+---+---+---+---+---+---+---+---+---+---+
| . | . | . | . | . | . | . | . | . | . |
+---+---+---+---+---+---+---+---+---+---+
| . | . | . | . | . | . | . | . | . | . |
+---+---+---+---+---+---+---+---+---+---+
| . | . | . | . | . | . | . | . | . | . |
+---+---+---+---+---+---+---+---+---+---+
| . | . | . | . | . | . | . | . | . | . |
+---+---+---+---+---+---+---+---+---+---+
agent's action is:  up
Room 2 | has_key=1
+---+---+---+---+---+---+---+---+---+---+
| . | . | . | . | D | . | . | . | . | . |
+---+---+---+---+---+---+---+---+---+---+
| . | . | . | . | . | . | . | . | . | . |
+---+---+---+---+---+---+---+---+---+---+
| . | . | . | . | . | . | . | . | . | . |
+---+---+---+---+---+---+---+---+---+---+
| . | . | . | . | . | . | . | . | . | . |
+---+---+---+---+---+---+---+---+---+---+
| . | . | . | . | . | . | . | . | . | . |
+---+---+---+---+---+---+---+---+---+---+
| . | . | . | . | . | . | . | . | . | . |
+---+---+---+---+---+---+---+---+---+---+
| . | . | . | . | . | . | . | . | . | . |
+---+---+---+---+---+---+---+---+---+---+
| . | . | . | . | . | . | . | . | . | . |
+---+---+---+---+---+---+---+---+---+---+
| . | . | . | . | . | . | . | . | . | . |
+---+---+---+---+---+---+---+---+---+---+
| A | . | . | . | . | . | . | . | . | . |
+---+---+---+---+---+---+---+---+---+---+
agent's action is:  up
Room 2 | has_key=1
+---+---+---+---+---+---+---+---+---+---+
| . | . | . | . | D | . | . | . | . | . |
+---+---+---+---+---+---+---+---+---+---+
| . | . | . | . | . | . | . | . | . | . |
+---+---+---+---+---+---+---+---+---+---+
| . | . | . | . | . | . | . | . | . | . |
+---+---+---+---+---+---+---+---+---+---+
| . | . | . | . | . | . | . | . | . | . |
+---+---+---+---+---+---+---+---+---+---+
| . | . | . | . | . | . | . | . | . | . |
+---+---+---+---+---+---+---+---+---+---+
| . | . | . | . | . | . | . | . | . | . |
+---+---+---+---+---+---+---+---+---+---+
| . | . | . | . | . | . | . | . | . | . |
+---+---+---+---+---+---+---+---+---+---+
| . | . | . | . | . | . | . | . | . | . |
+---+---+---+---+---+---+---+---+---+---+
| A | . | . | . | . | . | . | . | . | . |
+---+---+---+---+---+---+---+---+---+---+
| . | . | . | . | . | . | . | . | . | . |
+---+---+---+---+---+---+---+---+---+---+
agent's action is:  up
Room 2 | has_key=1
+---+---+---+---+---+---+---+---+---+---+
| . | . | . | . | D | . | . | . | . | . |
+---+---+---+---+---+---+---+---+---+---+
| . | . | . | . | . | . | . | . | . | . |
+---+---+---+---+---+---+---+---+---+---+
| . | . | . | . | . | . | . | . | . | . |
+---+---+---+---+---+---+---+---+---+---+
| . | . | . | . | . | . | . | . | . | . |
+---+---+---+---+---+---+---+---+---+---+
| . | . | . | . | . | . | . | . | . | . |
+---+---+---+---+---+---+---+---+---+---+
| . | . | . | . | . | . | . | . | . | . |
+---+---+---+---+---+---+---+---+---+---+
| . | . | . | . | . | . | . | . | . | . |
+---+---+---+---+---+---+---+---+---+---+
| A | . | . | . | . | . | . | . | . | . |
+---+---+---+---+---+---+---+---+---+---+
| . | . | . | . | . | . | . | . | . | . |
+---+---+---+---+---+---+---+---+---+---+
| . | . | . | . | . | . | . | . | . | . |
+---+---+---+---+---+---+---+---+---+---+
agent's action is:  up
Room 2 | has_key=1
+---+---+---+---+---+---+---+---+---+---+
| . | . | . | . | D | . | . | . | . | . |
+---+---+---+---+---+---+---+---+---+---+
| . | . | . | . | . | . | . | . | . | . |
+---+---+---+---+---+---+---+---+---+---+
| . | . | . | . | . | . | . | . | . | . |
+---+---+---+---+---+---+---+---+---+---+
| . | . | . | . | . | . | . | . | . | . |
+---+---+---+---+---+---+---+---+---+---+
| . | . | . | . | . | . | . | . | . | . |
+---+---+---+---+---+---+---+---+---+---+
| . | . | . | . | . | . | . | . | . | . |
+---+---+---+---+---+---+---+---+---+---+
| A | . | . | . | . | . | . | . | . | . |
+---+---+---+---+---+---+---+---+---+---+
| . | . | . | . | . | . | . | . | . | . |
+---+---+---+---+---+---+---+---+---+---+
| . | . | . | . | . | . | . | . | . | . |
+---+---+---+---+---+---+---+---+---+---+
| . | . | . | . | . | . | . | . | . | . |
+---+---+---+---+---+---+---+---+---+---+
agent's action is:  up
Room 2 | has_key=1
+---+---+---+---+---+---+---+---+---+---+
| . | . | . | . | D | . | . | . | . | . |
+---+---+---+---+---+---+---+---+---+---+
| . | . | . | . | . | . | . | . | . | . |
+---+---+---+---+---+---+---+---+---+---+
| . | . | . | . | . | . | . | . | . | . |
+---+---+---+---+---+---+---+---+---+---+
| . | . | . | . | . | . | . | . | . | . |
+---+---+---+---+---+---+---+---+---+---+
| . | . | . | . | . | . | . | . | . | . |
+---+---+---+---+---+---+---+---+---+---+
| A | . | . | . | . | . | . | . | . | . |
+---+---+---+---+---+---+---+---+---+---+
| . | . | . | . | . | . | . | . | . | . |
+---+---+---+---+---+---+---+---+---+---+
| . | . | . | . | . | . | . | . | . | . |
+---+---+---+---+---+---+---+---+---+---+
| . | . | . | . | . | . | . | . | . | . |
+---+---+---+---+---+---+---+---+---+---+
| . | . | . | . | . | . | . | . | . | . |
+---+---+---+---+---+---+---+---+---+---+
agent's action is:  up
Room 2 | has_key=1
+---+---+---+---+---+---+---+---+---+---+
| . | . | . | . | D | . | . | . | . | . |
+---+---+---+---+---+---+---+---+---+---+
| . | . | . | . | . | . | . | . | . | . |
+---+---+---+---+---+---+---+---+---+---+
| . | . | . | . | . | . | . | . | . | . |
+---+---+---+---+---+---+---+---+---+---+
| . | . | . | . | . | . | . | . | . | . |
+---+---+---+---+---+---+---+---+---+---+
| A | . | . | . | . | . | . | . | . | . |
+---+---+---+---+---+---+---+---+---+---+
| . | . | . | . | . | . | . | . | . | . |
+---+---+---+---+---+---+---+---+---+---+
| . | . | . | . | . | . | . | . | . | . |
+---+---+---+---+---+---+---+---+---+---+
| . | . | . | . | . | . | . | . | . | . |
+---+---+---+---+---+---+---+---+---+---+
| . | . | . | . | . | . | . | . | . | . |
+---+---+---+---+---+---+---+---+---+---+
| . | . | . | . | . | . | . | . | . | . |
+---+---+---+---+---+---+---+---+---+---+
agent's action is:  up
Room 2 | has_key=1
+---+---+---+---+---+---+---+---+---+---+
| . | . | . | . | D | . | . | . | . | . |
+---+---+---+---+---+---+---+---+---+---+
| . | . | . | . | . | . | . | . | . | . |
+---+---+---+---+---+---+---+---+---+---+
| . | . | . | . | . | . | . | . | . | . |
+---+---+---+---+---+---+---+---+---+---+
| A | . | . | . | . | . | . | . | . | . |
+---+---+---+---+---+---+---+---+---+---+
| . | . | . | . | . | . | . | . | . | . |
+---+---+---+---+---+---+---+---+---+---+
| . | . | . | . | . | . | . | . | . | . |
+---+---+---+---+---+---+---+---+---+---+
| . | . | . | . | . | . | . | . | . | . |
+---+---+---+---+---+---+---+---+---+---+
| . | . | . | . | . | . | . | . | . | . |
+---+---+---+---+---+---+---+---+---+---+
| . | . | . | . | . | . | . | . | . | . |
+---+---+---+---+---+---+---+---+---+---+
| . | . | . | . | . | . | . | . | . | . |
+---+---+---+---+---+---+---+---+---+---+
agent's action is:  up
Room 2 | has_key=1
+---+---+---+---+---+---+---+---+---+---+
| . | . | . | . | D | . | . | . | . | . |
+---+---+---+---+---+---+---+---+---+---+
| . | . | . | . | . | . | . | . | . | . |
+---+---+---+---+---+---+---+---+---+---+
| A | . | . | . | . | . | . | . | . | . |
+---+---+---+---+---+---+---+---+---+---+
| . | . | . | . | . | . | . | . | . | . |
+---+---+---+---+---+---+---+---+---+---+
| . | . | . | . | . | . | . | . | . | . |
+---+---+---+---+---+---+---+---+---+---+
| . | . | . | . | . | . | . | . | . | . |
+---+---+---+---+---+---+---+---+---+---+
| . | . | . | . | . | . | . | . | . | . |
+---+---+---+---+---+---+---+---+---+---+
| . | . | . | . | . | . | . | . | . | . |
+---+---+---+---+---+---+---+---+---+---+
| . | . | . | . | . | . | . | . | . | . |
+---+---+---+---+---+---+---+---+---+---+
| . | . | . | . | . | . | . | . | . | . |
+---+---+---+---+---+---+---+---+---+---+
agent's action is:  up
Room 2 | has_key=1
+---+---+---+---+---+---+---+---+---+---+
| . | . | . | . | D | . | . | . | . | . |
+---+---+---+---+---+---+---+---+---+---+
| A | . | . | . | . | . | . | . | . | . |
+---+---+---+---+---+---+---+---+---+---+
| . | . | . | . | . | . | . | . | . | . |
+---+---+---+---+---+---+---+---+---+---+
| . | . | . | . | . | . | . | . | . | . |
+---+---+---+---+---+---+---+---+---+---+
| . | . | . | . | . | . | . | . | . | . |
+---+---+---+---+---+---+---+---+---+---+
| . | . | . | . | . | . | . | . | . | . |
+---+---+---+---+---+---+---+---+---+---+
| . | . | . | . | . | . | . | . | . | . |
+---+---+---+---+---+---+---+---+---+---+
| . | . | . | . | . | . | . | . | . | . |
+---+---+---+---+---+---+---+---+---+---+
| . | . | . | . | . | . | . | . | . | . |
+---+---+---+---+---+---+---+---+---+---+
| . | . | . | . | . | . | . | . | . | . |
+---+---+---+---+---+---+---+---+---+---+
agent's action is:  up
Room 2 | has_key=1
+---+---+---+---+---+---+---+---+---+---+
| A | . | . | . | D | . | . | . | . | . |
+---+---+---+---+---+---+---+---+---+---+
| . | . | . | . | . | . | . | . | . | . |
+---+---+---+---+---+---+---+---+---+---+
| . | . | . | . | . | . | . | . | . | . |
+---+---+---+---+---+---+---+---+---+---+
| . | . | . | . | . | . | . | . | . | . |
+---+---+---+---+---+---+---+---+---+---+
| . | . | . | . | . | . | . | . | . | . |
+---+---+---+---+---+---+---+---+---+---+
| . | . | . | . | . | . | . | . | . | . |
+---+---+---+---+---+---+---+---+---+---+
| . | . | . | . | . | . | . | . | . | . |
+---+---+---+---+---+---+---+---+---+---+
| . | . | . | . | . | . | . | . | . | . |
+---+---+---+---+---+---+---+---+---+---+
| . | . | . | . | . | . | . | . | . | . |
+---+---+---+---+---+---+---+---+---+---+
| . | . | . | . | . | . | . | . | . | . |
+---+---+---+---+---+---+---+---+---+---+
agent's action is:  right
Room 2 | has_key=1
+---+---+---+---+---+---+---+---+---+---+
| . | A | . | . | D | . | . | . | . | . |
+---+---+---+---+---+---+---+---+---+---+
| . | . | . | . | . | . | . | . | . | . |
+---+---+---+---+---+---+---+---+---+---+
| . | . | . | . | . | . | . | . | . | . |
+---+---+---+---+---+---+---+---+---+---+
| . | . | . | . | . | . | . | . | . | . |
+---+---+---+---+---+---+---+---+---+---+
| . | . | . | . | . | . | . | . | . | . |
+---+---+---+---+---+---+---+---+---+---+
| . | . | . | . | . | . | . | . | . | . |
+---+---+---+---+---+---+---+---+---+---+
| . | . | . | . | . | . | . | . | . | . |
+---+---+---+---+---+---+---+---+---+---+
| . | . | . | . | . | . | . | . | . | . |
+---+---+---+---+---+---+---+---+---+---+
| . | . | . | . | . | . | . | . | . | . |
+---+---+---+---+---+---+---+---+---+---+
| . | . | . | . | . | . | . | . | . | . |
+---+---+---+---+---+---+---+---+---+---+
agent's action is:  right
Room 2 | has_key=1
+---+---+---+---+---+---+---+---+---+---+
| . | . | A | . | D | . | . | . | . | . |
+---+---+---+---+---+---+---+---+---+---+
| . | . | . | . | . | . | . | . | . | . |
+---+---+---+---+---+---+---+---+---+---+
| . | . | . | . | . | . | . | . | . | . |
+---+---+---+---+---+---+---+---+---+---+
| . | . | . | . | . | . | . | . | . | . |
+---+---+---+---+---+---+---+---+---+---+
| . | . | . | . | . | . | . | . | . | . |
+---+---+---+---+---+---+---+---+---+---+
| . | . | . | . | . | . | . | . | . | . |
+---+---+---+---+---+---+---+---+---+---+
| . | . | . | . | . | . | . | . | . | . |
+---+---+---+---+---+---+---+---+---+---+
| . | . | . | . | . | . | . | . | . | . |
+---+---+---+---+---+---+---+---+---+---+
| . | . | . | . | . | . | . | . | . | . |
+---+---+---+---+---+---+---+---+---+---+
| . | . | . | . | . | . | . | . | . | . |
+---+---+---+---+---+---+---+---+---+---+
agent's action is:  right
Room 2 | has_key=1
+---+---+---+---+---+---+---+---+---+---+
| . | . | . | A | D | . | . | . | . | . |
+---+---+---+---+---+---+---+---+---+---+
| . | . | . | . | . | . | . | . | . | . |
+---+---+---+---+---+---+---+---+---+---+
| . | . | . | . | . | . | . | . | . | . |
+---+---+---+---+---+---+---+---+---+---+
| . | . | . | . | . | . | . | . | . | . |
+---+---+---+---+---+---+---+---+---+---+
| . | . | . | . | . | . | . | . | . | . |
+---+---+---+---+---+---+---+---+---+---+
| . | . | . | . | . | . | . | . | . | . |
+---+---+---+---+---+---+---+---+---+---+
| . | . | . | . | . | . | . | . | . | . |
+---+---+---+---+---+---+---+---+---+---+
| . | . | . | . | . | . | . | . | . | . |
+---+---+---+---+---+---+---+---+---+---+
| . | . | . | . | . | . | . | . | . | . |
+---+---+---+---+---+---+---+---+---+---+
| . | . | . | . | . | . | . | . | . | . |
+---+---+---+---+---+---+---+---+---+---+
agent's action is:  right
Room 2 | has_key=1
+---+---+---+---+---+---+---+---+---+---+
| . | . | . | . | A | . | . | . | . | . |
+---+---+---+---+---+---+---+---+---+---+
| . | . | . | . | . | . | . | . | . | . |
+---+---+---+---+---+---+---+---+---+---+
| . | . | . | . | . | . | . | . | . | . |
+---+---+---+---+---+---+---+---+---+---+
| . | . | . | . | . | . | . | . | . | . |
+---+---+---+---+---+---+---+---+---+---+
| . | . | . | . | . | . | . | . | . | . |
+---+---+---+---+---+---+---+---+---+---+
| . | . | . | . | . | . | . | . | . | . |
+---+---+---+---+---+---+---+---+---+---+
| . | . | . | . | . | . | . | . | . | . |
+---+---+---+---+---+---+---+---+---+---+
| . | . | . | . | . | . | . | . | . | . |
+---+---+---+---+---+---+---+---+---+---+
| . | . | . | . | . | . | . | . | . | . |
+---+---+---+---+---+---+---+---+---+---+
| . | . | . | . | . | . | . | . | . | . |
+---+---+---+---+---+---+---+---+---+---+
2026-02-07 20:01:24,862 - INFO - DT agent's cumulative_reward: 10.48

Evaluating dt_half_truth_10...
2026-02-07 20:01:25,147 - INFO - Loaded DT model from /home/eyal.amdur/K2D/results/models/DT/quality_env2/quality_env2/dt_model_half_truth_10.d3
Room 0 | has_key=0
+---+---+---+---+---+---+---+---+---+---+
| . | . | . | . | . | . | . | . | . | . |
+---+---+---+---+---+---+---+---+---+---+
| . | . | . | . | . | K | . | . | . | . |
+---+---+---+---+---+---+---+---+---+---+
| . | . | . | . | . | . | . | . | . | . |
+---+---+---+---+---+---+---+---+---+---+
| . | . | . | . | . | . | . | . | . | . |
+---+---+---+---+---+---+---+---+---+---+
| . | . | . | . | . | . | . | . | . | . |
+---+---+---+---+---+---+---+---+---+---+
| . | . | . | . | . | . | . | . | . | . |
+---+---+---+---+---+---+---+---+---+---+
| . | . | . | . | . | . | . | . | . | . |
+---+---+---+---+---+---+---+---+---+---+
| . | . | . | . | . | . | . | . | . | . |
+---+---+---+---+---+---+---+---+---+---+
| . | . | . | . | . | . | . | . | . | . |
+---+---+---+---+---+---+---+---+---+---+
| A | . | . | . | . | . | . | . | . | . |
+---+---+---+---+---+---+---+---+---+---+
agent's action is:  up
Room 0 | has_key=0
+---+---+---+---+---+---+---+---+---+---+
| . | . | . | . | . | . | . | . | . | . |
+---+---+---+---+---+---+---+---+---+---+
| . | . | . | . | . | K | . | . | . | . |
+---+---+---+---+---+---+---+---+---+---+
| . | . | . | . | . | . | . | . | . | . |
+---+---+---+---+---+---+---+---+---+---+
| . | . | . | . | . | . | . | . | . | . |
+---+---+---+---+---+---+---+---+---+---+
| . | . | . | . | . | . | . | . | . | . |
+---+---+---+---+---+---+---+---+---+---+
| . | . | . | . | . | . | . | . | . | . |
+---+---+---+---+---+---+---+---+---+---+
| . | . | . | . | . | . | . | . | . | . |
+---+---+---+---+---+---+---+---+---+---+
| . | . | . | . | . | . | . | . | . | . |
+---+---+---+---+---+---+---+---+---+---+
| A | . | . | . | . | . | . | . | . | . |
+---+---+---+---+---+---+---+---+---+---+
| . | . | . | . | . | . | . | . | . | . |
+---+---+---+---+---+---+---+---+---+---+
agent's action is:  up
Room 0 | has_key=0
+---+---+---+---+---+---+---+---+---+---+
| . | . | . | . | . | . | . | . | . | . |
+---+---+---+---+---+---+---+---+---+---+
| . | . | . | . | . | K | . | . | . | . |
+---+---+---+---+---+---+---+---+---+---+
| . | . | . | . | . | . | . | . | . | . |
+---+---+---+---+---+---+---+---+---+---+
| . | . | . | . | . | . | . | . | . | . |
+---+---+---+---+---+---+---+---+---+---+
| . | . | . | . | . | . | . | . | . | . |
+---+---+---+---+---+---+---+---+---+---+
| . | . | . | . | . | . | . | . | . | . |
+---+---+---+---+---+---+---+---+---+---+
| . | . | . | . | . | . | . | . | . | . |
+---+---+---+---+---+---+---+---+---+---+
| A | . | . | . | . | . | . | . | . | . |
+---+---+---+---+---+---+---+---+---+---+
| . | . | . | . | . | . | . | . | . | . |
+---+---+---+---+---+---+---+---+---+---+
| . | . | . | . | . | . | . | . | . | . |
+---+---+---+---+---+---+---+---+---+---+
agent's action is:  up
Room 0 | has_key=0
+---+---+---+---+---+---+---+---+---+---+
| . | . | . | . | . | . | . | . | . | . |
+---+---+---+---+---+---+---+---+---+---+
| . | . | . | . | . | K | . | . | . | . |
+---+---+---+---+---+---+---+---+---+---+
| . | . | . | . | . | . | . | . | . | . |
+---+---+---+---+---+---+---+---+---+---+
| . | . | . | . | . | . | . | . | . | . |
+---+---+---+---+---+---+---+---+---+---+
| . | . | . | . | . | . | . | . | . | . |
+---+---+---+---+---+---+---+---+---+---+
| . | . | . | . | . | . | . | . | . | . |
+---+---+---+---+---+---+---+---+---+---+
| A | . | . | . | . | . | . | . | . | . |
+---+---+---+---+---+---+---+---+---+---+
| . | . | . | . | . | . | . | . | . | . |
+---+---+---+---+---+---+---+---+---+---+
| . | . | . | . | . | . | . | . | . | . |
+---+---+---+---+---+---+---+---+---+---+
| . | . | . | . | . | . | . | . | . | . |
+---+---+---+---+---+---+---+---+---+---+
agent's action is:  up
Room 0 | has_key=0
+---+---+---+---+---+---+---+---+---+---+
| . | . | . | . | . | . | . | . | . | . |
+---+---+---+---+---+---+---+---+---+---+
| . | . | . | . | . | K | . | . | . | . |
+---+---+---+---+---+---+---+---+---+---+
| . | . | . | . | . | . | . | . | . | . |
+---+---+---+---+---+---+---+---+---+---+
| . | . | . | . | . | . | . | . | . | . |
+---+---+---+---+---+---+---+---+---+---+
| . | . | . | . | . | . | . | . | . | . |
+---+---+---+---+---+---+---+---+---+---+
| A | . | . | . | . | . | . | . | . | . |
+---+---+---+---+---+---+---+---+---+---+
| . | . | . | . | . | . | . | . | . | . |
+---+---+---+---+---+---+---+---+---+---+
| . | . | . | . | . | . | . | . | . | . |
+---+---+---+---+---+---+---+---+---+---+
| . | . | . | . | . | . | . | . | . | . |
+---+---+---+---+---+---+---+---+---+---+
| . | . | . | . | . | . | . | . | . | . |
+---+---+---+---+---+---+---+---+---+---+
agent's action is:  up
Room 0 | has_key=0
+---+---+---+---+---+---+---+---+---+---+
| . | . | . | . | . | . | . | . | . | . |
+---+---+---+---+---+---+---+---+---+---+
| . | . | . | . | . | K | . | . | . | . |
+---+---+---+---+---+---+---+---+---+---+
| . | . | . | . | . | . | . | . | . | . |
+---+---+---+---+---+---+---+---+---+---+
| . | . | . | . | . | . | . | . | . | . |
+---+---+---+---+---+---+---+---+---+---+
| A | . | . | . | . | . | . | . | . | . |
+---+---+---+---+---+---+---+---+---+---+
| . | . | . | . | . | . | . | . | . | . |
+---+---+---+---+---+---+---+---+---+---+
| . | . | . | . | . | . | . | . | . | . |
+---+---+---+---+---+---+---+---+---+---+
| . | . | . | . | . | . | . | . | . | . |
+---+---+---+---+---+---+---+---+---+---+
| . | . | . | . | . | . | . | . | . | . |
+---+---+---+---+---+---+---+---+---+---+
| . | . | . | . | . | . | . | . | . | . |
+---+---+---+---+---+---+---+---+---+---+
agent's action is:  up
Room 0 | has_key=0
+---+---+---+---+---+---+---+---+---+---+
| . | . | . | . | . | . | . | . | . | . |
+---+---+---+---+---+---+---+---+---+---+
| . | . | . | . | . | K | . | . | . | . |
+---+---+---+---+---+---+---+---+---+---+
| . | . | . | . | . | . | . | . | . | . |
+---+---+---+---+---+---+---+---+---+---+
| A | . | . | . | . | . | . | . | . | . |
+---+---+---+---+---+---+---+---+---+---+
| . | . | . | . | . | . | . | . | . | . |
+---+---+---+---+---+---+---+---+---+---+
| . | . | . | . | . | . | . | . | . | . |
+---+---+---+---+---+---+---+---+---+---+
| . | . | . | . | . | . | . | . | . | . |
+---+---+---+---+---+---+---+---+---+---+
| . | . | . | . | . | . | . | . | . | . |
+---+---+---+---+---+---+---+---+---+---+
| . | . | . | . | . | . | . | . | . | . |
+---+---+---+---+---+---+---+---+---+---+
| . | . | . | . | . | . | . | . | . | . |
+---+---+---+---+---+---+---+---+---+---+
agent's action is:  up
Room 0 | has_key=0
+---+---+---+---+---+---+---+---+---+---+
| . | . | . | . | . | . | . | . | . | . |
+---+---+---+---+---+---+---+---+---+---+
| . | . | . | . | . | K | . | . | . | . |
+---+---+---+---+---+---+---+---+---+---+
| A | . | . | . | . | . | . | . | . | . |
+---+---+---+---+---+---+---+---+---+---+
| . | . | . | . | . | . | . | . | . | . |
+---+---+---+---+---+---+---+---+---+---+
| . | . | . | . | . | . | . | . | . | . |
+---+---+---+---+---+---+---+---+---+---+
| . | . | . | . | . | . | . | . | . | . |
+---+---+---+---+---+---+---+---+---+---+
| . | . | . | . | . | . | . | . | . | . |
+---+---+---+---+---+---+---+---+---+---+
| . | . | . | . | . | . | . | . | . | . |
+---+---+---+---+---+---+---+---+---+---+
| . | . | . | . | . | . | . | . | . | . |
+---+---+---+---+---+---+---+---+---+---+
| . | . | . | . | . | . | . | . | . | . |
+---+---+---+---+---+---+---+---+---+---+
agent's action is:  up
Room 0 | has_key=0
+---+---+---+---+---+---+---+---+---+---+
| . | . | . | . | . | . | . | . | . | . |
+---+---+---+---+---+---+---+---+---+---+
| A | . | . | . | . | K | . | . | . | . |
+---+---+---+---+---+---+---+---+---+---+
| . | . | . | . | . | . | . | . | . | . |
+---+---+---+---+---+---+---+---+---+---+
| . | . | . | . | . | . | . | . | . | . |
+---+---+---+---+---+---+---+---+---+---+
| . | . | . | . | . | . | . | . | . | . |
+---+---+---+---+---+---+---+---+---+---+
| . | . | . | . | . | . | . | . | . | . |
+---+---+---+---+---+---+---+---+---+---+
| . | . | . | . | . | . | . | . | . | . |
+---+---+---+---+---+---+---+---+---+---+
| . | . | . | . | . | . | . | . | . | . |
+---+---+---+---+---+---+---+---+---+---+
| . | . | . | . | . | . | . | . | . | . |
+---+---+---+---+---+---+---+---+---+---+
| . | . | . | . | . | . | . | . | . | . |
+---+---+---+---+---+---+---+---+---+---+
agent's action is:  right
Room 0 | has_key=0
+---+---+---+---+---+---+---+---+---+---+
| . | . | . | . | . | . | . | . | . | . |
+---+---+---+---+---+---+---+---+---+---+
| . | A | . | . | . | K | . | . | . | . |
+---+---+---+---+---+---+---+---+---+---+
| . | . | . | . | . | . | . | . | . | . |
+---+---+---+---+---+---+---+---+---+---+
| . | . | . | . | . | . | . | . | . | . |
+---+---+---+---+---+---+---+---+---+---+
| . | . | . | . | . | . | . | . | . | . |
+---+---+---+---+---+---+---+---+---+---+
| . | . | . | . | . | . | . | . | . | . |
+---+---+---+---+---+---+---+---+---+---+
| . | . | . | . | . | . | . | . | . | . |
+---+---+---+---+---+---+---+---+---+---+
| . | . | . | . | . | . | . | . | . | . |
+---+---+---+---+---+---+---+---+---+---+
| . | . | . | . | . | . | . | . | . | . |
+---+---+---+---+---+---+---+---+---+---+
| . | . | . | . | . | . | . | . | . | . |
+---+---+---+---+---+---+---+---+---+---+
agent's action is:  right
Room 0 | has_key=0
+---+---+---+---+---+---+---+---+---+---+
| . | . | . | . | . | . | . | . | . | . |
+---+---+---+---+---+---+---+---+---+---+
| . | . | A | . | . | K | . | . | . | . |
+---+---+---+---+---+---+---+---+---+---+
| . | . | . | . | . | . | . | . | . | . |
+---+---+---+---+---+---+---+---+---+---+
| . | . | . | . | . | . | . | . | . | . |
+---+---+---+---+---+---+---+---+---+---+
| . | . | . | . | . | . | . | . | . | . |
+---+---+---+---+---+---+---+---+---+---+
| . | . | . | . | . | . | . | . | . | . |
+---+---+---+---+---+---+---+---+---+---+
| . | . | . | . | . | . | . | . | . | . |
+---+---+---+---+---+---+---+---+---+---+
| . | . | . | . | . | . | . | . | . | . |
+---+---+---+---+---+---+---+---+---+---+
| . | . | . | . | . | . | . | . | . | . |
+---+---+---+---+---+---+---+---+---+---+
| . | . | . | . | . | . | . | . | . | . |
+---+---+---+---+---+---+---+---+---+---+
agent's action is:  right
Room 0 | has_key=0
+---+---+---+---+---+---+---+---+---+---+
| . | . | . | . | . | . | . | . | . | . |
+---+---+---+---+---+---+---+---+---+---+
| . | . | . | A | . | K | . | . | . | . |
+---+---+---+---+---+---+---+---+---+---+
| . | . | . | . | . | . | . | . | . | . |
+---+---+---+---+---+---+---+---+---+---+
| . | . | . | . | . | . | . | . | . | . |
+---+---+---+---+---+---+---+---+---+---+
| . | . | . | . | . | . | . | . | . | . |
+---+---+---+---+---+---+---+---+---+---+
| . | . | . | . | . | . | . | . | . | . |
+---+---+---+---+---+---+---+---+---+---+
| . | . | . | . | . | . | . | . | . | . |
+---+---+---+---+---+---+---+---+---+---+
| . | . | . | . | . | . | . | . | . | . |
+---+---+---+---+---+---+---+---+---+---+
| . | . | . | . | . | . | . | . | . | . |
+---+---+---+---+---+---+---+---+---+---+
| . | . | . | . | . | . | . | . | . | . |
+---+---+---+---+---+---+---+---+---+---+
agent's action is:  right
Room 0 | has_key=0
+---+---+---+---+---+---+---+---+---+---+
| . | . | . | . | . | . | . | . | . | . |
+---+---+---+---+---+---+---+---+---+---+
| . | . | . | . | A | K | . | . | . | . |
+---+---+---+---+---+---+---+---+---+---+
| . | . | . | . | . | . | . | . | . | . |
+---+---+---+---+---+---+---+---+---+---+
| . | . | . | . | . | . | . | . | . | . |
+---+---+---+---+---+---+---+---+---+---+
| . | . | . | . | . | . | . | . | . | . |
+---+---+---+---+---+---+---+---+---+---+
| . | . | . | . | . | . | . | . | . | . |
+---+---+---+---+---+---+---+---+---+---+
| . | . | . | . | . | . | . | . | . | . |
+---+---+---+---+---+---+---+---+---+---+
| . | . | . | . | . | . | . | . | . | . |
+---+---+---+---+---+---+---+---+---+---+
| . | . | . | . | . | . | . | . | . | . |
+---+---+---+---+---+---+---+---+---+---+
| . | . | . | . | . | . | . | . | . | . |
+---+---+---+---+---+---+---+---+---+---+
agent's action is:  right
Room 0 | has_key=0
+---+---+---+---+---+---+---+---+---+---+
| . | . | . | . | . | . | . | . | . | . |
+---+---+---+---+---+---+---+---+---+---+
| . | . | . | . | . | A | . | . | . | . |
+---+---+---+---+---+---+---+---+---+---+
| . | . | . | . | . | . | . | . | . | . |
+---+---+---+---+---+---+---+---+---+---+
| . | . | . | . | . | . | . | . | . | . |
+---+---+---+---+---+---+---+---+---+---+
| . | . | . | . | . | . | . | . | . | . |
+---+---+---+---+---+---+---+---+---+---+
| . | . | . | . | . | . | . | . | . | . |
+---+---+---+---+---+---+---+---+---+---+
| . | . | . | . | . | . | . | . | . | . |
+---+---+---+---+---+---+---+---+---+---+
| . | . | . | . | . | . | . | . | . | . |
+---+---+---+---+---+---+---+---+---+---+
| . | . | . | . | . | . | . | . | . | . |
+---+---+---+---+---+---+---+---+---+---+
| . | . | . | . | . | . | . | . | . | . |
+---+---+---+---+---+---+---+---+---+---+
agent's action is:  pick up key
Room 0 | has_key=1
+---+---+---+---+---+---+---+---+---+---+
| . | . | . | . | . | . | . | . | . | . |
+---+---+---+---+---+---+---+---+---+---+
| . | . | . | . | . | A | . | . | . | . |
+---+---+---+---+---+---+---+---+---+---+
| . | . | . | . | . | . | . | . | . | . |
+---+---+---+---+---+---+---+---+---+---+
| . | . | . | . | . | . | . | . | . | . |
+---+---+---+---+---+---+---+---+---+---+
| . | . | . | . | . | . | . | . | . | . |
+---+---+---+---+---+---+---+---+---+---+
| . | . | . | . | . | . | . | . | . | . |
+---+---+---+---+---+---+---+---+---+---+
| . | . | . | . | . | . | . | . | . | . |
+---+---+---+---+---+---+---+---+---+---+
| . | . | . | . | . | . | . | . | . | . |
+---+---+---+---+---+---+---+---+---+---+
| . | . | . | . | . | . | . | . | . | . |
+---+---+---+---+---+---+---+---+---+---+
| . | . | . | . | . | . | . | . | . | . |
+---+---+---+---+---+---+---+---+---+---+
agent's action is:  up
Room 0 | has_key=1
+---+---+---+---+---+---+---+---+---+---+
| . | . | . | . | . | A | . | . | . | . |
+---+---+---+---+---+---+---+---+---+---+
| . | . | . | . | . | . | . | . | . | . |
+---+---+---+---+---+---+---+---+---+---+
| . | . | . | . | . | . | . | . | . | . |
+---+---+---+---+---+---+---+---+---+---+
| . | . | . | . | . | . | . | . | . | . |
+---+---+---+---+---+---+---+---+---+---+
| . | . | . | . | . | . | . | . | . | . |
+---+---+---+---+---+---+---+---+---+---+
| . | . | . | . | . | . | . | . | . | . |
+---+---+---+---+---+---+---+---+---+---+
| . | . | . | . | . | . | . | . | . | . |
+---+---+---+---+---+---+---+---+---+---+
| . | . | . | . | . | . | . | . | . | . |
+---+---+---+---+---+---+---+---+---+---+
| . | . | . | . | . | . | . | . | . | . |
+---+---+---+---+---+---+---+---+---+---+
| . | . | . | . | . | . | . | . | . | . |
+---+---+---+---+---+---+---+---+---+---+
agent's action is:  up
Room 0 | has_key=1
+---+---+---+---+---+---+---+---+---+---+
| . | . | . | . | . | A | . | . | . | . |
+---+---+---+---+---+---+---+---+---+---+
| . | . | . | . | . | . | . | . | . | . |
+---+---+---+---+---+---+---+---+---+---+
| . | . | . | . | . | . | . | . | . | . |
+---+---+---+---+---+---+---+---+---+---+
| . | . | . | . | . | . | . | . | . | . |
+---+---+---+---+---+---+---+---+---+---+
| . | . | . | . | . | . | . | . | . | . |
+---+---+---+---+---+---+---+---+---+---+
| . | . | . | . | . | . | . | . | . | . |
+---+---+---+---+---+---+---+---+---+---+
| . | . | . | . | . | . | . | . | . | . |
+---+---+---+---+---+---+---+---+---+---+
| . | . | . | . | . | . | . | . | . | . |
+---+---+---+---+---+---+---+---+---+---+
| . | . | . | . | . | . | . | . | . | . |
+---+---+---+---+---+---+---+---+---+---+
| . | . | . | . | . | . | . | . | . | . |
+---+---+---+---+---+---+---+---+---+---+
agent's action is:  up
Room 0 | has_key=1
+---+---+---+---+---+---+---+---+---+---+
| . | . | . | . | . | A | . | . | . | . |
+---+---+---+---+---+---+---+---+---+---+
| . | . | . | . | . | . | . | . | . | . |
+---+---+---+---+---+---+---+---+---+---+
| . | . | . | . | . | . | . | . | . | . |
+---+---+---+---+---+---+---+---+---+---+
| . | . | . | . | . | . | . | . | . | . |
+---+---+---+---+---+---+---+---+---+---+
| . | . | . | . | . | . | . | . | . | . |
+---+---+---+---+---+---+---+---+---+---+
| . | . | . | . | . | . | . | . | . | . |
+---+---+---+---+---+---+---+---+---+---+
| . | . | . | . | . | . | . | . | . | . |
+---+---+---+---+---+---+---+---+---+---+
| . | . | . | . | . | . | . | . | . | . |
+---+---+---+---+---+---+---+---+---+---+
| . | . | . | . | . | . | . | . | . | . |
+---+---+---+---+---+---+---+---+---+---+
| . | . | . | . | . | . | . | . | . | . |
+---+---+---+---+---+---+---+---+---+---+
agent's action is:  up
Room 0 | has_key=1
+---+---+---+---+---+---+---+---+---+---+
| . | . | . | . | . | A | . | . | . | . |
+---+---+---+---+---+---+---+---+---+---+
| . | . | . | . | . | . | . | . | . | . |
+---+---+---+---+---+---+---+---+---+---+
| . | . | . | . | . | . | . | . | . | . |
+---+---+---+---+---+---+---+---+---+---+
| . | . | . | . | . | . | . | . | . | . |
+---+---+---+---+---+---+---+---+---+---+
| . | . | . | . | . | . | . | . | . | . |
+---+---+---+---+---+---+---+---+---+---+
| . | . | . | . | . | . | . | . | . | . |
+---+---+---+---+---+---+---+---+---+---+
| . | . | . | . | . | . | . | . | . | . |
+---+---+---+---+---+---+---+---+---+---+
| . | . | . | . | . | . | . | . | . | . |
+---+---+---+---+---+---+---+---+---+---+
| . | . | . | . | . | . | . | . | . | . |
+---+---+---+---+---+---+---+---+---+---+
| . | . | . | . | . | . | . | . | . | . |
+---+---+---+---+---+---+---+---+---+---+
agent's action is:  up
Room 0 | has_key=1
+---+---+---+---+---+---+---+---+---+---+
| . | . | . | . | . | A | . | . | . | . |
+---+---+---+---+---+---+---+---+---+---+
| . | . | . | . | . | . | . | . | . | . |
+---+---+---+---+---+---+---+---+---+---+
| . | . | . | . | . | . | . | . | . | . |
+---+---+---+---+---+---+---+---+---+---+
| . | . | . | . | . | . | . | . | . | . |
+---+---+---+---+---+---+---+---+---+---+
| . | . | . | . | . | . | . | . | . | . |
+---+---+---+---+---+---+---+---+---+---+
| . | . | . | . | . | . | . | . | . | . |
+---+---+---+---+---+---+---+---+---+---+
| . | . | . | . | . | . | . | . | . | . |
+---+---+---+---+---+---+---+---+---+---+
| . | . | . | . | . | . | . | . | . | . |
+---+---+---+---+---+---+---+---+---+---+
| . | . | . | . | . | . | . | . | . | . |
+---+---+---+---+---+---+---+---+---+---+
| . | . | . | . | . | . | . | . | . | . |
+---+---+---+---+---+---+---+---+---+---+
agent's action is:  up
Room 1 | has_key=1
+---+---+---+---+---+---+---+---+---+---+
| . | . | . | . | . | . | . | . | . | . |
+---+---+---+---+---+---+---+---+---+---+
| . | . | . | . | . | . | . | . | . | . |
+---+---+---+---+---+---+---+---+---+---+
| . | . | . | . | . | . | . | . | . | . |
+---+---+---+---+---+---+---+---+---+---+
| . | . | . | . | . | . | . | . | . | . |
+---+---+---+---+---+---+---+---+---+---+
| . | . | . | . | . | . | . | . | . | . |
+---+---+---+---+---+---+---+---+---+---+
| . | . | . | . | . | . | . | . | . | . |
+---+---+---+---+---+---+---+---+---+---+
| . | . | . | . | . | . | . | . | . | . |
+---+---+---+---+---+---+---+---+---+---+
| . | . | . | . | . | . | . | . | . | . |
+---+---+---+---+---+---+---+---+---+---+
| . | . | . | . | . | . | . | . | . | . |
+---+---+---+---+---+---+---+---+---+---+
| A | . | . | . | . | . | . | . | . | . |
+---+---+---+---+---+---+---+---+---+---+
agent's action is:  up
Room 1 | has_key=1
+---+---+---+---+---+---+---+---+---+---+
| . | . | . | . | . | . | . | . | . | . |
+---+---+---+---+---+---+---+---+---+---+
| . | . | . | . | . | . | . | . | . | . |
+---+---+---+---+---+---+---+---+---+---+
| . | . | . | . | . | . | . | . | . | . |
+---+---+---+---+---+---+---+---+---+---+
| . | . | . | . | . | . | . | . | . | . |
+---+---+---+---+---+---+---+---+---+---+
| . | . | . | . | . | . | . | . | . | . |
+---+---+---+---+---+---+---+---+---+---+
| . | . | . | . | . | . | . | . | . | . |
+---+---+---+---+---+---+---+---+---+---+
| . | . | . | . | . | . | . | . | . | . |
+---+---+---+---+---+---+---+---+---+---+
| . | . | . | . | . | . | . | . | . | . |
+---+---+---+---+---+---+---+---+---+---+
| A | . | . | . | . | . | . | . | . | . |
+---+---+---+---+---+---+---+---+---+---+
| . | . | . | . | . | . | . | . | . | . |
+---+---+---+---+---+---+---+---+---+---+
agent's action is:  up
Room 1 | has_key=1
+---+---+---+---+---+---+---+---+---+---+
| . | . | . | . | . | . | . | . | . | . |
+---+---+---+---+---+---+---+---+---+---+
| . | . | . | . | . | . | . | . | . | . |
+---+---+---+---+---+---+---+---+---+---+
| . | . | . | . | . | . | . | . | . | . |
+---+---+---+---+---+---+---+---+---+---+
| . | . | . | . | . | . | . | . | . | . |
+---+---+---+---+---+---+---+---+---+---+
| . | . | . | . | . | . | . | . | . | . |
+---+---+---+---+---+---+---+---+---+---+
| . | . | . | . | . | . | . | . | . | . |
+---+---+---+---+---+---+---+---+---+---+
| . | . | . | . | . | . | . | . | . | . |
+---+---+---+---+---+---+---+---+---+---+
| A | . | . | . | . | . | . | . | . | . |
+---+---+---+---+---+---+---+---+---+---+
| . | . | . | . | . | . | . | . | . | . |
+---+---+---+---+---+---+---+---+---+---+
| . | . | . | . | . | . | . | . | . | . |
+---+---+---+---+---+---+---+---+---+---+
agent's action is:  up
Room 1 | has_key=1
+---+---+---+---+---+---+---+---+---+---+
| . | . | . | . | . | . | . | . | . | . |
+---+---+---+---+---+---+---+---+---+---+
| . | . | . | . | . | . | . | . | . | . |
+---+---+---+---+---+---+---+---+---+---+
| . | . | . | . | . | . | . | . | . | . |
+---+---+---+---+---+---+---+---+---+---+
| . | . | . | . | . | . | . | . | . | . |
+---+---+---+---+---+---+---+---+---+---+
| . | . | . | . | . | . | . | . | . | . |
+---+---+---+---+---+---+---+---+---+---+
| . | . | . | . | . | . | . | . | . | . |
+---+---+---+---+---+---+---+---+---+---+
| A | . | . | . | . | . | . | . | . | . |
+---+---+---+---+---+---+---+---+---+---+
| . | . | . | . | . | . | . | . | . | . |
+---+---+---+---+---+---+---+---+---+---+
| . | . | . | . | . | . | . | . | . | . |
+---+---+---+---+---+---+---+---+---+---+
| . | . | . | . | . | . | . | . | . | . |
+---+---+---+---+---+---+---+---+---+---+
agent's action is:  up
Room 1 | has_key=1
+---+---+---+---+---+---+---+---+---+---+
| . | . | . | . | . | . | . | . | . | . |
+---+---+---+---+---+---+---+---+---+---+
| . | . | . | . | . | . | . | . | . | . |
+---+---+---+---+---+---+---+---+---+---+
| . | . | . | . | . | . | . | . | . | . |
+---+---+---+---+---+---+---+---+---+---+
| . | . | . | . | . | . | . | . | . | . |
+---+---+---+---+---+---+---+---+---+---+
| . | . | . | . | . | . | . | . | . | . |
+---+---+---+---+---+---+---+---+---+---+
| A | . | . | . | . | . | . | . | . | . |
+---+---+---+---+---+---+---+---+---+---+
| . | . | . | . | . | . | . | . | . | . |
+---+---+---+---+---+---+---+---+---+---+
| . | . | . | . | . | . | . | . | . | . |
+---+---+---+---+---+---+---+---+---+---+
| . | . | . | . | . | . | . | . | . | . |
+---+---+---+---+---+---+---+---+---+---+
| . | . | . | . | . | . | . | . | . | . |
+---+---+---+---+---+---+---+---+---+---+
agent's action is:  up
Room 1 | has_key=1
+---+---+---+---+---+---+---+---+---+---+
| . | . | . | . | . | . | . | . | . | . |
+---+---+---+---+---+---+---+---+---+---+
| . | . | . | . | . | . | . | . | . | . |
+---+---+---+---+---+---+---+---+---+---+
| . | . | . | . | . | . | . | . | . | . |
+---+---+---+---+---+---+---+---+---+---+
| . | . | . | . | . | . | . | . | . | . |
+---+---+---+---+---+---+---+---+---+---+
| A | . | . | . | . | . | . | . | . | . |
+---+---+---+---+---+---+---+---+---+---+
| . | . | . | . | . | . | . | . | . | . |
+---+---+---+---+---+---+---+---+---+---+
| . | . | . | . | . | . | . | . | . | . |
+---+---+---+---+---+---+---+---+---+---+
| . | . | . | . | . | . | . | . | . | . |
+---+---+---+---+---+---+---+---+---+---+
| . | . | . | . | . | . | . | . | . | . |
+---+---+---+---+---+---+---+---+---+---+
| . | . | . | . | . | . | . | . | . | . |
+---+---+---+---+---+---+---+---+---+---+
agent's action is:  up
Room 1 | has_key=1
+---+---+---+---+---+---+---+---+---+---+
| . | . | . | . | . | . | . | . | . | . |
+---+---+---+---+---+---+---+---+---+---+
| . | . | . | . | . | . | . | . | . | . |
+---+---+---+---+---+---+---+---+---+---+
| . | . | . | . | . | . | . | . | . | . |
+---+---+---+---+---+---+---+---+---+---+
| A | . | . | . | . | . | . | . | . | . |
+---+---+---+---+---+---+---+---+---+---+
| . | . | . | . | . | . | . | . | . | . |
+---+---+---+---+---+---+---+---+---+---+
| . | . | . | . | . | . | . | . | . | . |
+---+---+---+---+---+---+---+---+---+---+
| . | . | . | . | . | . | . | . | . | . |
+---+---+---+---+---+---+---+---+---+---+
| . | . | . | . | . | . | . | . | . | . |
+---+---+---+---+---+---+---+---+---+---+
| . | . | . | . | . | . | . | . | . | . |
+---+---+---+---+---+---+---+---+---+---+
| . | . | . | . | . | . | . | . | . | . |
+---+---+---+---+---+---+---+---+---+---+
agent's action is:  up
Room 1 | has_key=1
+---+---+---+---+---+---+---+---+---+---+
| . | . | . | . | . | . | . | . | . | . |
+---+---+---+---+---+---+---+---+---+---+
| . | . | . | . | . | . | . | . | . | . |
+---+---+---+---+---+---+---+---+---+---+
| A | . | . | . | . | . | . | . | . | . |
+---+---+---+---+---+---+---+---+---+---+
| . | . | . | . | . | . | . | . | . | . |
+---+---+---+---+---+---+---+---+---+---+
| . | . | . | . | . | . | . | . | . | . |
+---+---+---+---+---+---+---+---+---+---+
| . | . | . | . | . | . | . | . | . | . |
+---+---+---+---+---+---+---+---+---+---+
| . | . | . | . | . | . | . | . | . | . |
+---+---+---+---+---+---+---+---+---+---+
| . | . | . | . | . | . | . | . | . | . |
+---+---+---+---+---+---+---+---+---+---+
| . | . | . | . | . | . | . | . | . | . |
+---+---+---+---+---+---+---+---+---+---+
| . | . | . | . | . | . | . | . | . | . |
+---+---+---+---+---+---+---+---+---+---+
agent's action is:  up
Room 1 | has_key=1
+---+---+---+---+---+---+---+---+---+---+
| . | . | . | . | . | . | . | . | . | . |
+---+---+---+---+---+---+---+---+---+---+
| A | . | . | . | . | . | . | . | . | . |
+---+---+---+---+---+---+---+---+---+---+
| . | . | . | . | . | . | . | . | . | . |
+---+---+---+---+---+---+---+---+---+---+
| . | . | . | . | . | . | . | . | . | . |
+---+---+---+---+---+---+---+---+---+---+
| . | . | . | . | . | . | . | . | . | . |
+---+---+---+---+---+---+---+---+---+---+
| . | . | . | . | . | . | . | . | . | . |
+---+---+---+---+---+---+---+---+---+---+
| . | . | . | . | . | . | . | . | . | . |
+---+---+---+---+---+---+---+---+---+---+
| . | . | . | . | . | . | . | . | . | . |
+---+---+---+---+---+---+---+---+---+---+
| . | . | . | . | . | . | . | . | . | . |
+---+---+---+---+---+---+---+---+---+---+
| . | . | . | . | . | . | . | . | . | . |
+---+---+---+---+---+---+---+---+---+---+
agent's action is:  up
Room 1 | has_key=1
+---+---+---+---+---+---+---+---+---+---+
| A | . | . | . | . | . | . | . | . | . |
+---+---+---+---+---+---+---+---+---+---+
| . | . | . | . | . | . | . | . | . | . |
+---+---+---+---+---+---+---+---+---+---+
| . | . | . | . | . | . | . | . | . | . |
+---+---+---+---+---+---+---+---+---+---+
| . | . | . | . | . | . | . | . | . | . |
+---+---+---+---+---+---+---+---+---+---+
| . | . | . | . | . | . | . | . | . | . |
+---+---+---+---+---+---+---+---+---+---+
| . | . | . | . | . | . | . | . | . | . |
+---+---+---+---+---+---+---+---+---+---+
| . | . | . | . | . | . | . | . | . | . |
+---+---+---+---+---+---+---+---+---+---+
| . | . | . | . | . | . | . | . | . | . |
+---+---+---+---+---+---+---+---+---+---+
| . | . | . | . | . | . | . | . | . | . |
+---+---+---+---+---+---+---+---+---+---+
| . | . | . | . | . | . | . | . | . | . |
+---+---+---+---+---+---+---+---+---+---+
agent's action is:  right
Room 1 | has_key=1
+---+---+---+---+---+---+---+---+---+---+
| . | A | . | . | . | . | . | . | . | . |
+---+---+---+---+---+---+---+---+---+---+
| . | . | . | . | . | . | . | . | . | . |
+---+---+---+---+---+---+---+---+---+---+
| . | . | . | . | . | . | . | . | . | . |
+---+---+---+---+---+---+---+---+---+---+
| . | . | . | . | . | . | . | . | . | . |
+---+---+---+---+---+---+---+---+---+---+
| . | . | . | . | . | . | . | . | . | . |
+---+---+---+---+---+---+---+---+---+---+
| . | . | . | . | . | . | . | . | . | . |
+---+---+---+---+---+---+---+---+---+---+
| . | . | . | . | . | . | . | . | . | . |
+---+---+---+---+---+---+---+---+---+---+
| . | . | . | . | . | . | . | . | . | . |
+---+---+---+---+---+---+---+---+---+---+
| . | . | . | . | . | . | . | . | . | . |
+---+---+---+---+---+---+---+---+---+---+
| . | . | . | . | . | . | . | . | . | . |
+---+---+---+---+---+---+---+---+---+---+
agent's action is:  right
Room 1 | has_key=1
+---+---+---+---+---+---+---+---+---+---+
| . | . | A | . | . | . | . | . | . | . |
+---+---+---+---+---+---+---+---+---+---+
| . | . | . | . | . | . | . | . | . | . |
+---+---+---+---+---+---+---+---+---+---+
| . | . | . | . | . | . | . | . | . | . |
+---+---+---+---+---+---+---+---+---+---+
| . | . | . | . | . | . | . | . | . | . |
+---+---+---+---+---+---+---+---+---+---+
| . | . | . | . | . | . | . | . | . | . |
+---+---+---+---+---+---+---+---+---+---+
| . | . | . | . | . | . | . | . | . | . |
+---+---+---+---+---+---+---+---+---+---+
| . | . | . | . | . | . | . | . | . | . |
+---+---+---+---+---+---+---+---+---+---+
| . | . | . | . | . | . | . | . | . | . |
+---+---+---+---+---+---+---+---+---+---+
| . | . | . | . | . | . | . | . | . | . |
+---+---+---+---+---+---+---+---+---+---+
| . | . | . | . | . | . | . | . | . | . |
+---+---+---+---+---+---+---+---+---+---+
agent's action is:  right
Room 1 | has_key=1
+---+---+---+---+---+---+---+---+---+---+
| . | . | . | A | . | . | . | . | . | . |
+---+---+---+---+---+---+---+---+---+---+
| . | . | . | . | . | . | . | . | . | . |
+---+---+---+---+---+---+---+---+---+---+
| . | . | . | . | . | . | . | . | . | . |
+---+---+---+---+---+---+---+---+---+---+
| . | . | . | . | . | . | . | . | . | . |
+---+---+---+---+---+---+---+---+---+---+
| . | . | . | . | . | . | . | . | . | . |
+---+---+---+---+---+---+---+---+---+---+
| . | . | . | . | . | . | . | . | . | . |
+---+---+---+---+---+---+---+---+---+---+
| . | . | . | . | . | . | . | . | . | . |
+---+---+---+---+---+---+---+---+---+---+
| . | . | . | . | . | . | . | . | . | . |
+---+---+---+---+---+---+---+---+---+---+
| . | . | . | . | . | . | . | . | . | . |
+---+---+---+---+---+---+---+---+---+---+
| . | . | . | . | . | . | . | . | . | . |
+---+---+---+---+---+---+---+---+---+---+
agent's action is:  right
Room 1 | has_key=1
+---+---+---+---+---+---+---+---+---+---+
| . | . | . | . | A | . | . | . | . | . |
+---+---+---+---+---+---+---+---+---+---+
| . | . | . | . | . | . | . | . | . | . |
+---+---+---+---+---+---+---+---+---+---+
| . | . | . | . | . | . | . | . | . | . |
+---+---+---+---+---+---+---+---+---+---+
| . | . | . | . | . | . | . | . | . | . |
+---+---+---+---+---+---+---+---+---+---+
| . | . | . | . | . | . | . | . | . | . |
+---+---+---+---+---+---+---+---+---+---+
| . | . | . | . | . | . | . | . | . | . |
+---+---+---+---+---+---+---+---+---+---+
| . | . | . | . | . | . | . | . | . | . |
+---+---+---+---+---+---+---+---+---+---+
| . | . | . | . | . | . | . | . | . | . |
+---+---+---+---+---+---+---+---+---+---+
| . | . | . | . | . | . | . | . | . | . |
+---+---+---+---+---+---+---+---+---+---+
| . | . | . | . | . | . | . | . | . | . |
+---+---+---+---+---+---+---+---+---+---+
agent's action is:  up
Room 1 | has_key=1
+---+---+---+---+---+---+---+---+---+---+
| . | . | . | . | A | . | . | . | . | . |
+---+---+---+---+---+---+---+---+---+---+
| . | . | . | . | . | . | . | . | . | . |
+---+---+---+---+---+---+---+---+---+---+
| . | . | . | . | . | . | . | . | . | . |
+---+---+---+---+---+---+---+---+---+---+
| . | . | . | . | . | . | . | . | . | . |
+---+---+---+---+---+---+---+---+---+---+
| . | . | . | . | . | . | . | . | . | . |
+---+---+---+---+---+---+---+---+---+---+
| . | . | . | . | . | . | . | . | . | . |
+---+---+---+---+---+---+---+---+---+---+
| . | . | . | . | . | . | . | . | . | . |
+---+---+---+---+---+---+---+---+---+---+
| . | . | . | . | . | . | . | . | . | . |
+---+---+---+---+---+---+---+---+---+---+
| . | . | . | . | . | . | . | . | . | . |
+---+---+---+---+---+---+---+---+---+---+
| . | . | . | . | . | . | . | . | . | . |
+---+---+---+---+---+---+---+---+---+---+
agent's action is:  up
Room 1 | has_key=1
+---+---+---+---+---+---+---+---+---+---+
| . | . | . | . | A | . | . | . | . | . |
+---+---+---+---+---+---+---+---+---+---+
| . | . | . | . | . | . | . | . | . | . |
+---+---+---+---+---+---+---+---+---+---+
| . | . | . | . | . | . | . | . | . | . |
+---+---+---+---+---+---+---+---+---+---+
| . | . | . | . | . | . | . | . | . | . |
+---+---+---+---+---+---+---+---+---+---+
| . | . | . | . | . | . | . | . | . | . |
+---+---+---+---+---+---+---+---+---+---+
| . | . | . | . | . | . | . | . | . | . |
+---+---+---+---+---+---+---+---+---+---+
| . | . | . | . | . | . | . | . | . | . |
+---+---+---+---+---+---+---+---+---+---+
| . | . | . | . | . | . | . | . | . | . |
+---+---+---+---+---+---+---+---+---+---+
| . | . | . | . | . | . | . | . | . | . |
+---+---+---+---+---+---+---+---+---+---+
| . | . | . | . | . | . | . | . | . | . |
+---+---+---+---+---+---+---+---+---+---+
agent's action is:  up
Room 1 | has_key=1
+---+---+---+---+---+---+---+---+---+---+
| . | . | . | . | A | . | . | . | . | . |
+---+---+---+---+---+---+---+---+---+---+
| . | . | . | . | . | . | . | . | . | . |
+---+---+---+---+---+---+---+---+---+---+
| . | . | . | . | . | . | . | . | . | . |
+---+---+---+---+---+---+---+---+---+---+
| . | . | . | . | . | . | . | . | . | . |
+---+---+---+---+---+---+---+---+---+---+
| . | . | . | . | . | . | . | . | . | . |
+---+---+---+---+---+---+---+---+---+---+
| . | . | . | . | . | . | . | . | . | . |
+---+---+---+---+---+---+---+---+---+---+
| . | . | . | . | . | . | . | . | . | . |
+---+---+---+---+---+---+---+---+---+---+
| . | . | . | . | . | . | . | . | . | . |
+---+---+---+---+---+---+---+---+---+---+
| . | . | . | . | . | . | . | . | . | . |
+---+---+---+---+---+---+---+---+---+---+
| . | . | . | . | . | . | . | . | . | . |
+---+---+---+---+---+---+---+---+---+---+
agent's action is:  up
Room 1 | has_key=1
+---+---+---+---+---+---+---+---+---+---+
| . | . | . | . | A | . | . | . | . | . |
+---+---+---+---+---+---+---+---+---+---+
| . | . | . | . | . | . | . | . | . | . |
+---+---+---+---+---+---+---+---+---+---+
| . | . | . | . | . | . | . | . | . | . |
+---+---+---+---+---+---+---+---+---+---+
| . | . | . | . | . | . | . | . | . | . |
+---+---+---+---+---+---+---+---+---+---+
| . | . | . | . | . | . | . | . | . | . |
+---+---+---+---+---+---+---+---+---+---+
| . | . | . | . | . | . | . | . | . | . |
+---+---+---+---+---+---+---+---+---+---+
| . | . | . | . | . | . | . | . | . | . |
+---+---+---+---+---+---+---+---+---+---+
| . | . | . | . | . | . | . | . | . | . |
+---+---+---+---+---+---+---+---+---+---+
| . | . | . | . | . | . | . | . | . | . |
+---+---+---+---+---+---+---+---+---+---+
| . | . | . | . | . | . | . | . | . | . |
+---+---+---+---+---+---+---+---+---+---+
agent's action is:  up
Room 1 | has_key=1
+---+---+---+---+---+---+---+---+---+---+
| . | . | . | . | A | . | . | . | . | . |
+---+---+---+---+---+---+---+---+---+---+
| . | . | . | . | . | . | . | . | . | . |
+---+---+---+---+---+---+---+---+---+---+
| . | . | . | . | . | . | . | . | . | . |
+---+---+---+---+---+---+---+---+---+---+
| . | . | . | . | . | . | . | . | . | . |
+---+---+---+---+---+---+---+---+---+---+
| . | . | . | . | . | . | . | . | . | . |
+---+---+---+---+---+---+---+---+---+---+
| . | . | . | . | . | . | . | . | . | . |
+---+---+---+---+---+---+---+---+---+---+
| . | . | . | . | . | . | . | . | . | . |
+---+---+---+---+---+---+---+---+---+---+
| . | . | . | . | . | . | . | . | . | . |
+---+---+---+---+---+---+---+---+---+---+
| . | . | . | . | . | . | . | . | . | . |
+---+---+---+---+---+---+---+---+---+---+
| . | . | . | . | . | . | . | . | . | . |
+---+---+---+---+---+---+---+---+---+---+
agent's action is:  up
Room 1 | has_key=1
+---+---+---+---+---+---+---+---+---+---+
| . | . | . | . | A | . | . | . | . | . |
+---+---+---+---+---+---+---+---+---+---+
| . | . | . | . | . | . | . | . | . | . |
+---+---+---+---+---+---+---+---+---+---+
| . | . | . | . | . | . | . | . | . | . |
+---+---+---+---+---+---+---+---+---+---+
| . | . | . | . | . | . | . | . | . | . |
+---+---+---+---+---+---+---+---+---+---+
| . | . | . | . | . | . | . | . | . | . |
+---+---+---+---+---+---+---+---+---+---+
| . | . | . | . | . | . | . | . | . | . |
+---+---+---+---+---+---+---+---+---+---+
| . | . | . | . | . | . | . | . | . | . |
+---+---+---+---+---+---+---+---+---+---+
| . | . | . | . | . | . | . | . | . | . |
+---+---+---+---+---+---+---+---+---+---+
| . | . | . | . | . | . | . | . | . | . |
+---+---+---+---+---+---+---+---+---+---+
| . | . | . | . | . | . | . | . | . | . |
+---+---+---+---+---+---+---+---+---+---+
agent's action is:  up
Room 2 | has_key=1
+---+---+---+---+---+---+---+---+---+---+
| . | . | . | . | D | . | . | . | . | . |
+---+---+---+---+---+---+---+---+---+---+
| . | . | . | . | . | . | . | . | . | . |
+---+---+---+---+---+---+---+---+---+---+
| . | . | . | . | . | . | . | . | . | . |
+---+---+---+---+---+---+---+---+---+---+
| . | . | . | . | . | . | . | . | . | . |
+---+---+---+---+---+---+---+---+---+---+
| . | . | . | . | . | . | . | . | . | . |
+---+---+---+---+---+---+---+---+---+---+
| . | . | . | . | . | . | . | . | . | . |
+---+---+---+---+---+---+---+---+---+---+
| . | . | . | . | . | . | . | . | . | . |
+---+---+---+---+---+---+---+---+---+---+
| . | . | . | . | . | . | . | . | . | . |
+---+---+---+---+---+---+---+---+---+---+
| . | . | . | . | . | . | . | . | . | . |
+---+---+---+---+---+---+---+---+---+---+
| A | . | . | . | . | . | . | . | . | . |
+---+---+---+---+---+---+---+---+---+---+
agent's action is:  up
Room 2 | has_key=1
+---+---+---+---+---+---+---+---+---+---+
| . | . | . | . | D | . | . | . | . | . |
+---+---+---+---+---+---+---+---+---+---+
| . | . | . | . | . | . | . | . | . | . |
+---+---+---+---+---+---+---+---+---+---+
| . | . | . | . | . | . | . | . | . | . |
+---+---+---+---+---+---+---+---+---+---+
| . | . | . | . | . | . | . | . | . | . |
+---+---+---+---+---+---+---+---+---+---+
| . | . | . | . | . | . | . | . | . | . |
+---+---+---+---+---+---+---+---+---+---+
| . | . | . | . | . | . | . | . | . | . |
+---+---+---+---+---+---+---+---+---+---+
| . | . | . | . | . | . | . | . | . | . |
+---+---+---+---+---+---+---+---+---+---+
| . | . | . | . | . | . | . | . | . | . |
+---+---+---+---+---+---+---+---+---+---+
| A | . | . | . | . | . | . | . | . | . |
+---+---+---+---+---+---+---+---+---+---+
| . | . | . | . | . | . | . | . | . | . |
+---+---+---+---+---+---+---+---+---+---+
agent's action is:  up
Room 2 | has_key=1
+---+---+---+---+---+---+---+---+---+---+
| . | . | . | . | D | . | . | . | . | . |
+---+---+---+---+---+---+---+---+---+---+
| . | . | . | . | . | . | . | . | . | . |
+---+---+---+---+---+---+---+---+---+---+
| . | . | . | . | . | . | . | . | . | . |
+---+---+---+---+---+---+---+---+---+---+
| . | . | . | . | . | . | . | . | . | . |
+---+---+---+---+---+---+---+---+---+---+
| . | . | . | . | . | . | . | . | . | . |
+---+---+---+---+---+---+---+---+---+---+
| . | . | . | . | . | . | . | . | . | . |
+---+---+---+---+---+---+---+---+---+---+
| . | . | . | . | . | . | . | . | . | . |
+---+---+---+---+---+---+---+---+---+---+
| A | . | . | . | . | . | . | . | . | . |
+---+---+---+---+---+---+---+---+---+---+
| . | . | . | . | . | . | . | . | . | . |
+---+---+---+---+---+---+---+---+---+---+
| . | . | . | . | . | . | . | . | . | . |
+---+---+---+---+---+---+---+---+---+---+
agent's action is:  up
Room 2 | has_key=1
+---+---+---+---+---+---+---+---+---+---+
| . | . | . | . | D | . | . | . | . | . |
+---+---+---+---+---+---+---+---+---+---+
| . | . | . | . | . | . | . | . | . | . |
+---+---+---+---+---+---+---+---+---+---+
| . | . | . | . | . | . | . | . | . | . |
+---+---+---+---+---+---+---+---+---+---+
| . | . | . | . | . | . | . | . | . | . |
+---+---+---+---+---+---+---+---+---+---+
| . | . | . | . | . | . | . | . | . | . |
+---+---+---+---+---+---+---+---+---+---+
| . | . | . | . | . | . | . | . | . | . |
+---+---+---+---+---+---+---+---+---+---+
| A | . | . | . | . | . | . | . | . | . |
+---+---+---+---+---+---+---+---+---+---+
| . | . | . | . | . | . | . | . | . | . |
+---+---+---+---+---+---+---+---+---+---+
| . | . | . | . | . | . | . | . | . | . |
+---+---+---+---+---+---+---+---+---+---+
| . | . | . | . | . | . | . | . | . | . |
+---+---+---+---+---+---+---+---+---+---+
agent's action is:  up
Room 2 | has_key=1
+---+---+---+---+---+---+---+---+---+---+
| . | . | . | . | D | . | . | . | . | . |
+---+---+---+---+---+---+---+---+---+---+
| . | . | . | . | . | . | . | . | . | . |
+---+---+---+---+---+---+---+---+---+---+
| . | . | . | . | . | . | . | . | . | . |
+---+---+---+---+---+---+---+---+---+---+
| . | . | . | . | . | . | . | . | . | . |
+---+---+---+---+---+---+---+---+---+---+
| . | . | . | . | . | . | . | . | . | . |
+---+---+---+---+---+---+---+---+---+---+
| A | . | . | . | . | . | . | . | . | . |
+---+---+---+---+---+---+---+---+---+---+
| . | . | . | . | . | . | . | . | . | . |
+---+---+---+---+---+---+---+---+---+---+
| . | . | . | . | . | . | . | . | . | . |
+---+---+---+---+---+---+---+---+---+---+
| . | . | . | . | . | . | . | . | . | . |
+---+---+---+---+---+---+---+---+---+---+
| . | . | . | . | . | . | . | . | . | . |
+---+---+---+---+---+---+---+---+---+---+
agent's action is:  up
Room 2 | has_key=1
+---+---+---+---+---+---+---+---+---+---+
| . | . | . | . | D | . | . | . | . | . |
+---+---+---+---+---+---+---+---+---+---+
| . | . | . | . | . | . | . | . | . | . |
+---+---+---+---+---+---+---+---+---+---+
| . | . | . | . | . | . | . | . | . | . |
+---+---+---+---+---+---+---+---+---+---+
| . | . | . | . | . | . | . | . | . | . |
+---+---+---+---+---+---+---+---+---+---+
| A | . | . | . | . | . | . | . | . | . |
+---+---+---+---+---+---+---+---+---+---+
| . | . | . | . | . | . | . | . | . | . |
+---+---+---+---+---+---+---+---+---+---+
| . | . | . | . | . | . | . | . | . | . |
+---+---+---+---+---+---+---+---+---+---+
| . | . | . | . | . | . | . | . | . | . |
+---+---+---+---+---+---+---+---+---+---+
| . | . | . | . | . | . | . | . | . | . |
+---+---+---+---+---+---+---+---+---+---+
| . | . | . | . | . | . | . | . | . | . |
+---+---+---+---+---+---+---+---+---+---+
agent's action is:  up
Room 2 | has_key=1
+---+---+---+---+---+---+---+---+---+---+
| . | . | . | . | D | . | . | . | . | . |
+---+---+---+---+---+---+---+---+---+---+
| . | . | . | . | . | . | . | . | . | . |
+---+---+---+---+---+---+---+---+---+---+
| . | . | . | . | . | . | . | . | . | . |
+---+---+---+---+---+---+---+---+---+---+
| A | . | . | . | . | . | . | . | . | . |
+---+---+---+---+---+---+---+---+---+---+
| . | . | . | . | . | . | . | . | . | . |
+---+---+---+---+---+---+---+---+---+---+
| . | . | . | . | . | . | . | . | . | . |
+---+---+---+---+---+---+---+---+---+---+
| . | . | . | . | . | . | . | . | . | . |
+---+---+---+---+---+---+---+---+---+---+
| . | . | . | . | . | . | . | . | . | . |
+---+---+---+---+---+---+---+---+---+---+
| . | . | . | . | . | . | . | . | . | . |
+---+---+---+---+---+---+---+---+---+---+
| . | . | . | . | . | . | . | . | . | . |
+---+---+---+---+---+---+---+---+---+---+
agent's action is:  up
Room 2 | has_key=1
+---+---+---+---+---+---+---+---+---+---+
| . | . | . | . | D | . | . | . | . | . |
+---+---+---+---+---+---+---+---+---+---+
| . | . | . | . | . | . | . | . | . | . |
+---+---+---+---+---+---+---+---+---+---+
| A | . | . | . | . | . | . | . | . | . |
+---+---+---+---+---+---+---+---+---+---+
| . | . | . | . | . | . | . | . | . | . |
+---+---+---+---+---+---+---+---+---+---+
| . | . | . | . | . | . | . | . | . | . |
+---+---+---+---+---+---+---+---+---+---+
| . | . | . | . | . | . | . | . | . | . |
+---+---+---+---+---+---+---+---+---+---+
| . | . | . | . | . | . | . | . | . | . |
+---+---+---+---+---+---+---+---+---+---+
| . | . | . | . | . | . | . | . | . | . |
+---+---+---+---+---+---+---+---+---+---+
| . | . | . | . | . | . | . | . | . | . |
+---+---+---+---+---+---+---+---+---+---+
| . | . | . | . | . | . | . | . | . | . |
+---+---+---+---+---+---+---+---+---+---+
agent's action is:  up
Room 2 | has_key=1
+---+---+---+---+---+---+---+---+---+---+
| . | . | . | . | D | . | . | . | . | . |
+---+---+---+---+---+---+---+---+---+---+
| A | . | . | . | . | . | . | . | . | . |
+---+---+---+---+---+---+---+---+---+---+
| . | . | . | . | . | . | . | . | . | . |
+---+---+---+---+---+---+---+---+---+---+
| . | . | . | . | . | . | . | . | . | . |
+---+---+---+---+---+---+---+---+---+---+
| . | . | . | . | . | . | . | . | . | . |
+---+---+---+---+---+---+---+---+---+---+
| . | . | . | . | . | . | . | . | . | . |
+---+---+---+---+---+---+---+---+---+---+
| . | . | . | . | . | . | . | . | . | . |
+---+---+---+---+---+---+---+---+---+---+
| . | . | . | . | . | . | . | . | . | . |
+---+---+---+---+---+---+---+---+---+---+
| . | . | . | . | . | . | . | . | . | . |
+---+---+---+---+---+---+---+---+---+---+
| . | . | . | . | . | . | . | . | . | . |
+---+---+---+---+---+---+---+---+---+---+
agent's action is:  up
Room 2 | has_key=1
+---+---+---+---+---+---+---+---+---+---+
| A | . | . | . | D | . | . | . | . | . |
+---+---+---+---+---+---+---+---+---+---+
| . | . | . | . | . | . | . | . | . | . |
+---+---+---+---+---+---+---+---+---+---+
| . | . | . | . | . | . | . | . | . | . |
+---+---+---+---+---+---+---+---+---+---+
| . | . | . | . | . | . | . | . | . | . |
+---+---+---+---+---+---+---+---+---+---+
| . | . | . | . | . | . | . | . | . | . |
+---+---+---+---+---+---+---+---+---+---+
| . | . | . | . | . | . | . | . | . | . |
+---+---+---+---+---+---+---+---+---+---+
| . | . | . | . | . | . | . | . | . | . |
+---+---+---+---+---+---+---+---+---+---+
| . | . | . | . | . | . | . | . | . | . |
+---+---+---+---+---+---+---+---+---+---+
| . | . | . | . | . | . | . | . | . | . |
+---+---+---+---+---+---+---+---+---+---+
| . | . | . | . | . | . | . | . | . | . |
+---+---+---+---+---+---+---+---+---+---+
agent's action is:  right
Room 2 | has_key=1
+---+---+---+---+---+---+---+---+---+---+
| . | A | . | . | D | . | . | . | . | . |
+---+---+---+---+---+---+---+---+---+---+
| . | . | . | . | . | . | . | . | . | . |
+---+---+---+---+---+---+---+---+---+---+
| . | . | . | . | . | . | . | . | . | . |
+---+---+---+---+---+---+---+---+---+---+
| . | . | . | . | . | . | . | . | . | . |
+---+---+---+---+---+---+---+---+---+---+
| . | . | . | . | . | . | . | . | . | . |
+---+---+---+---+---+---+---+---+---+---+
| . | . | . | . | . | . | . | . | . | . |
+---+---+---+---+---+---+---+---+---+---+
| . | . | . | . | . | . | . | . | . | . |
+---+---+---+---+---+---+---+---+---+---+
| . | . | . | . | . | . | . | . | . | . |
+---+---+---+---+---+---+---+---+---+---+
| . | . | . | . | . | . | . | . | . | . |
+---+---+---+---+---+---+---+---+---+---+
| . | . | . | . | . | . | . | . | . | . |
+---+---+---+---+---+---+---+---+---+---+
agent's action is:  right
Room 2 | has_key=1
+---+---+---+---+---+---+---+---+---+---+
| . | . | A | . | D | . | . | . | . | . |
+---+---+---+---+---+---+---+---+---+---+
| . | . | . | . | . | . | . | . | . | . |
+---+---+---+---+---+---+---+---+---+---+
| . | . | . | . | . | . | . | . | . | . |
+---+---+---+---+---+---+---+---+---+---+
| . | . | . | . | . | . | . | . | . | . |
+---+---+---+---+---+---+---+---+---+---+
| . | . | . | . | . | . | . | . | . | . |
+---+---+---+---+---+---+---+---+---+---+
| . | . | . | . | . | . | . | . | . | . |
+---+---+---+---+---+---+---+---+---+---+
| . | . | . | . | . | . | . | . | . | . |
+---+---+---+---+---+---+---+---+---+---+
| . | . | . | . | . | . | . | . | . | . |
+---+---+---+---+---+---+---+---+---+---+
| . | . | . | . | . | . | . | . | . | . |
+---+---+---+---+---+---+---+---+---+---+
| . | . | . | . | . | . | . | . | . | . |
+---+---+---+---+---+---+---+---+---+---+
agent's action is:  right
Room 2 | has_key=1
+---+---+---+---+---+---+---+---+---+---+
| . | . | . | A | D | . | . | . | . | . |
+---+---+---+---+---+---+---+---+---+---+
| . | . | . | . | . | . | . | . | . | . |
+---+---+---+---+---+---+---+---+---+---+
| . | . | . | . | . | . | . | . | . | . |
+---+---+---+---+---+---+---+---+---+---+
| . | . | . | . | . | . | . | . | . | . |
+---+---+---+---+---+---+---+---+---+---+
| . | . | . | . | . | . | . | . | . | . |
+---+---+---+---+---+---+---+---+---+---+
| . | . | . | . | . | . | . | . | . | . |
+---+---+---+---+---+---+---+---+---+---+
| . | . | . | . | . | . | . | . | . | . |
+---+---+---+---+---+---+---+---+---+---+
| . | . | . | . | . | . | . | . | . | . |
+---+---+---+---+---+---+---+---+---+---+
| . | . | . | . | . | . | . | . | . | . |
+---+---+---+---+---+---+---+---+---+---+
| . | . | . | . | . | . | . | . | . | . |
+---+---+---+---+---+---+---+---+---+---+
agent's action is:  right
Room 2 | has_key=1
+---+---+---+---+---+---+---+---+---+---+
| . | . | . | . | A | . | . | . | . | . |
+---+---+---+---+---+---+---+---+---+---+
| . | . | . | . | . | . | . | . | . | . |
+---+---+---+---+---+---+---+---+---+---+
| . | . | . | . | . | . | . | . | . | . |
+---+---+---+---+---+---+---+---+---+---+
| . | . | . | . | . | . | . | . | . | . |
+---+---+---+---+---+---+---+---+---+---+
| . | . | . | . | . | . | . | . | . | . |
+---+---+---+---+---+---+---+---+---+---+
| . | . | . | . | . | . | . | . | . | . |
+---+---+---+---+---+---+---+---+---+---+
| . | . | . | . | . | . | . | . | . | . |
+---+---+---+---+---+---+---+---+---+---+
| . | . | . | . | . | . | . | . | . | . |
+---+---+---+---+---+---+---+---+---+---+
| . | . | . | . | . | . | . | . | . | . |
+---+---+---+---+---+---+---+---+---+---+
| . | . | . | . | . | . | . | . | . | . |
+---+---+---+---+---+---+---+---+---+---+
2026-02-07 20:01:25,608 - INFO - DT agent's cumulative_reward: 10.48

Evaluating dt_random_10...
2026-02-07 20:01:25,887 - INFO - Loaded DT model from /home/eyal.amdur/K2D/results/models/DT/quality_env2/quality_env2/dt_model_random_10.d3
Room 0 | has_key=0
+---+---+---+---+---+---+---+---+---+---+
| . | . | . | . | . | . | . | . | . | . |
+---+---+---+---+---+---+---+---+---+---+
| . | . | . | . | . | . | . | . | . | . |
+---+---+---+---+---+---+---+---+---+---+
| . | . | . | . | . | . | . | . | . | . |
+---+---+---+---+---+---+---+---+---+---+
| . | . | . | . | . | . | . | . | . | . |
+---+---+---+---+---+---+---+---+---+---+
| . | . | . | . | . | . | . | . | . | . |
+---+---+---+---+---+---+---+---+---+---+
| . | . | K | . | . | . | . | . | . | . |
+---+---+---+---+---+---+---+---+---+---+
| . | . | . | . | . | . | . | . | . | . |
+---+---+---+---+---+---+---+---+---+---+
| . | . | . | . | . | . | . | . | . | . |
+---+---+---+---+---+---+---+---+---+---+
| . | . | . | . | . | . | . | . | . | . |
+---+---+---+---+---+---+---+---+---+---+
| A | . | . | . | . | . | . | . | . | . |
+---+---+---+---+---+---+---+---+---+---+
agent's action is:  right
Room 0 | has_key=0
+---+---+---+---+---+---+---+---+---+---+
| . | . | . | . | . | . | . | . | . | . |
+---+---+---+---+---+---+---+---+---+---+
| . | . | . | . | . | . | . | . | . | . |
+---+---+---+---+---+---+---+---+---+---+
| . | . | . | . | . | . | . | . | . | . |
+---+---+---+---+---+---+---+---+---+---+
| . | . | . | . | . | . | . | . | . | . |
+---+---+---+---+---+---+---+---+---+---+
| . | . | . | . | . | . | . | . | . | . |
+---+---+---+---+---+---+---+---+---+---+
| . | . | K | . | . | . | . | . | . | . |
+---+---+---+---+---+---+---+---+---+---+
| . | . | . | . | . | . | . | . | . | . |
+---+---+---+---+---+---+---+---+---+---+
| . | . | . | . | . | . | . | . | . | . |
+---+---+---+---+---+---+---+---+---+---+
| . | . | . | . | . | . | . | . | . | . |
+---+---+---+---+---+---+---+---+---+---+
| . | A | . | . | . | . | . | . | . | . |
+---+---+---+---+---+---+---+---+---+---+
agent's action is:  right
Room 0 | has_key=0
+---+---+---+---+---+---+---+---+---+---+
| . | . | . | . | . | . | . | . | . | . |
+---+---+---+---+---+---+---+---+---+---+
| . | . | . | . | . | . | . | . | . | . |
+---+---+---+---+---+---+---+---+---+---+
| . | . | . | . | . | . | . | . | . | . |
+---+---+---+---+---+---+---+---+---+---+
| . | . | . | . | . | . | . | . | . | . |
+---+---+---+---+---+---+---+---+---+---+
| . | . | . | . | . | . | . | . | . | . |
+---+---+---+---+---+---+---+---+---+---+
| . | . | K | . | . | . | . | . | . | . |
+---+---+---+---+---+---+---+---+---+---+
| . | . | . | . | . | . | . | . | . | . |
+---+---+---+---+---+---+---+---+---+---+
| . | . | . | . | . | . | . | . | . | . |
+---+---+---+---+---+---+---+---+---+---+
| . | . | . | . | . | . | . | . | . | . |
+---+---+---+---+---+---+---+---+---+---+
| . | . | A | . | . | . | . | . | . | . |
+---+---+---+---+---+---+---+---+---+---+
agent's action is:  right
Room 0 | has_key=0
+---+---+---+---+---+---+---+---+---+---+
| . | . | . | . | . | . | . | . | . | . |
+---+---+---+---+---+---+---+---+---+---+
| . | . | . | . | . | . | . | . | . | . |
+---+---+---+---+---+---+---+---+---+---+
| . | . | . | . | . | . | . | . | . | . |
+---+---+---+---+---+---+---+---+---+---+
| . | . | . | . | . | . | . | . | . | . |
+---+---+---+---+---+---+---+---+---+---+
| . | . | . | . | . | . | . | . | . | . |
+---+---+---+---+---+---+---+---+---+---+
| . | . | K | . | . | . | . | . | . | . |
+---+---+---+---+---+---+---+---+---+---+
| . | . | . | . | . | . | . | . | . | . |
+---+---+---+---+---+---+---+---+---+---+
| . | . | . | . | . | . | . | . | . | . |
+---+---+---+---+---+---+---+---+---+---+
| . | . | . | . | . | . | . | . | . | . |
+---+---+---+---+---+---+---+---+---+---+
| . | . | . | A | . | . | . | . | . | . |
+---+---+---+---+---+---+---+---+---+---+
agent's action is:  right
Room 0 | has_key=0
+---+---+---+---+---+---+---+---+---+---+
| . | . | . | . | . | . | . | . | . | . |
+---+---+---+---+---+---+---+---+---+---+
| . | . | . | . | . | . | . | . | . | . |
+---+---+---+---+---+---+---+---+---+---+
| . | . | . | . | . | . | . | . | . | . |
+---+---+---+---+---+---+---+---+---+---+
| . | . | . | . | . | . | . | . | . | . |
+---+---+---+---+---+---+---+---+---+---+
| . | . | . | . | . | . | . | . | . | . |
+---+---+---+---+---+---+---+---+---+---+
| . | . | K | . | . | . | . | . | . | . |
+---+---+---+---+---+---+---+---+---+---+
| . | . | . | . | . | . | . | . | . | . |
+---+---+---+---+---+---+---+---+---+---+
| . | . | . | . | . | . | . | . | . | . |
+---+---+---+---+---+---+---+---+---+---+
| . | . | . | . | . | . | . | . | . | . |
+---+---+---+---+---+---+---+---+---+---+
| . | . | . | . | A | . | . | . | . | . |
+---+---+---+---+---+---+---+---+---+---+
agent's action is:  right
Room 0 | has_key=0
+---+---+---+---+---+---+---+---+---+---+
| . | . | . | . | . | . | . | . | . | . |
+---+---+---+---+---+---+---+---+---+---+
| . | . | . | . | . | . | . | . | . | . |
+---+---+---+---+---+---+---+---+---+---+
| . | . | . | . | . | . | . | . | . | . |
+---+---+---+---+---+---+---+---+---+---+
| . | . | . | . | . | . | . | . | . | . |
+---+---+---+---+---+---+---+---+---+---+
| . | . | . | . | . | . | . | . | . | . |
+---+---+---+---+---+---+---+---+---+---+
| . | . | K | . | . | . | . | . | . | . |
+---+---+---+---+---+---+---+---+---+---+
| . | . | . | . | . | . | . | . | . | . |
+---+---+---+---+---+---+---+---+---+---+
| . | . | . | . | . | . | . | . | . | . |
+---+---+---+---+---+---+---+---+---+---+
| . | . | . | . | . | . | . | . | . | . |
+---+---+---+---+---+---+---+---+---+---+
| . | . | . | . | . | A | . | . | . | . |
+---+---+---+---+---+---+---+---+---+---+
agent's action is:  pick up key
Room 0 | has_key=0
+---+---+---+---+---+---+---+---+---+---+
| . | . | . | . | . | . | . | . | . | . |
+---+---+---+---+---+---+---+---+---+---+
| . | . | . | . | . | . | . | . | . | . |
+---+---+---+---+---+---+---+---+---+---+
| . | . | . | . | . | . | . | . | . | . |
+---+---+---+---+---+---+---+---+---+---+
| . | . | . | . | . | . | . | . | . | . |
+---+---+---+---+---+---+---+---+---+---+
| . | . | . | . | . | . | . | . | . | . |
+---+---+---+---+---+---+---+---+---+---+
| . | . | K | . | . | . | . | . | . | . |
+---+---+---+---+---+---+---+---+---+---+
| . | . | . | . | . | . | . | . | . | . |
+---+---+---+---+---+---+---+---+---+---+
| . | . | . | . | . | . | . | . | . | . |
+---+---+---+---+---+---+---+---+---+---+
| . | . | . | . | . | . | . | . | . | . |
+---+---+---+---+---+---+---+---+---+---+
| . | . | . | . | . | A | . | . | . | . |
+---+---+---+---+---+---+---+---+---+---+
agent's action is:  pick up key
Room 0 | has_key=0
+---+---+---+---+---+---+---+---+---+---+
| . | . | . | . | . | . | . | . | . | . |
+---+---+---+---+---+---+---+---+---+---+
| . | . | . | . | . | . | . | . | . | . |
+---+---+---+---+---+---+---+---+---+---+
| . | . | . | . | . | . | . | . | . | . |
+---+---+---+---+---+---+---+---+---+---+
| . | . | . | . | . | . | . | . | . | . |
+---+---+---+---+---+---+---+---+---+---+
| . | . | . | . | . | . | . | . | . | . |
+---+---+---+---+---+---+---+---+---+---+
| . | . | K | . | . | . | . | . | . | . |
+---+---+---+---+---+---+---+---+---+---+
| . | . | . | . | . | . | . | . | . | . |
+---+---+---+---+---+---+---+---+---+---+
| . | . | . | . | . | . | . | . | . | . |
+---+---+---+---+---+---+---+---+---+---+
| . | . | . | . | . | . | . | . | . | . |
+---+---+---+---+---+---+---+---+---+---+
| . | . | . | . | . | A | . | . | . | . |
+---+---+---+---+---+---+---+---+---+---+
agent's action is:  pick up key
Room 0 | has_key=0
+---+---+---+---+---+---+---+---+---+---+
| . | . | . | . | . | . | . | . | . | . |
+---+---+---+---+---+---+---+---+---+---+
| . | . | . | . | . | . | . | . | . | . |
+---+---+---+---+---+---+---+---+---+---+
| . | . | . | . | . | . | . | . | . | . |
+---+---+---+---+---+---+---+---+---+---+
| . | . | . | . | . | . | . | . | . | . |
+---+---+---+---+---+---+---+---+---+---+
| . | . | . | . | . | . | . | . | . | . |
+---+---+---+---+---+---+---+---+---+---+
| . | . | K | . | . | . | . | . | . | . |
+---+---+---+---+---+---+---+---+---+---+
| . | . | . | . | . | . | . | . | . | . |
+---+---+---+---+---+---+---+---+---+---+
| . | . | . | . | . | . | . | . | . | . |
+---+---+---+---+---+---+---+---+---+---+
| . | . | . | . | . | . | . | . | . | . |
+---+---+---+---+---+---+---+---+---+---+
| . | . | . | . | . | A | . | . | . | . |
+---+---+---+---+---+---+---+---+---+---+
agent's action is:  pick up key
Room 0 | has_key=0
+---+---+---+---+---+---+---+---+---+---+
| . | . | . | . | . | . | . | . | . | . |
+---+---+---+---+---+---+---+---+---+---+
| . | . | . | . | . | . | . | . | . | . |
+---+---+---+---+---+---+---+---+---+---+
| . | . | . | . | . | . | . | . | . | . |
+---+---+---+---+---+---+---+---+---+---+
| . | . | . | . | . | . | . | . | . | . |
+---+---+---+---+---+---+---+---+---+---+
| . | . | . | . | . | . | . | . | . | . |
+---+---+---+---+---+---+---+---+---+---+
| . | . | K | . | . | . | . | . | . | . |
+---+---+---+---+---+---+---+---+---+---+
| . | . | . | . | . | . | . | . | . | . |
+---+---+---+---+---+---+---+---+---+---+
| . | . | . | . | . | . | . | . | . | . |
+---+---+---+---+---+---+---+---+---+---+
| . | . | . | . | . | . | . | . | . | . |
+---+---+---+---+---+---+---+---+---+---+
| . | . | . | . | . | A | . | . | . | . |
+---+---+---+---+---+---+---+---+---+---+
agent's action is:  pick up key
Room 0 | has_key=0
+---+---+---+---+---+---+---+---+---+---+
| . | . | . | . | . | . | . | . | . | . |
+---+---+---+---+---+---+---+---+---+---+
| . | . | . | . | . | . | . | . | . | . |
+---+---+---+---+---+---+---+---+---+---+
| . | . | . | . | . | . | . | . | . | . |
+---+---+---+---+---+---+---+---+---+---+
| . | . | . | . | . | . | . | . | . | . |
+---+---+---+---+---+---+---+---+---+---+
| . | . | . | . | . | . | . | . | . | . |
+---+---+---+---+---+---+---+---+---+---+
| . | . | K | . | . | . | . | . | . | . |
+---+---+---+---+---+---+---+---+---+---+
| . | . | . | . | . | . | . | . | . | . |
+---+---+---+---+---+---+---+---+---+---+
| . | . | . | . | . | . | . | . | . | . |
+---+---+---+---+---+---+---+---+---+---+
| . | . | . | . | . | . | . | . | . | . |
+---+---+---+---+---+---+---+---+---+---+
| . | . | . | . | . | A | . | . | . | . |
+---+---+---+---+---+---+---+---+---+---+
agent's action is:  pick up key
Room 0 | has_key=0
+---+---+---+---+---+---+---+---+---+---+
| . | . | . | . | . | . | . | . | . | . |
+---+---+---+---+---+---+---+---+---+---+
| . | . | . | . | . | . | . | . | . | . |
+---+---+---+---+---+---+---+---+---+---+
| . | . | . | . | . | . | . | . | . | . |
+---+---+---+---+---+---+---+---+---+---+
| . | . | . | . | . | . | . | . | . | . |
+---+---+---+---+---+---+---+---+---+---+
| . | . | . | . | . | . | . | . | . | . |
+---+---+---+---+---+---+---+---+---+---+
| . | . | K | . | . | . | . | . | . | . |
+---+---+---+---+---+---+---+---+---+---+
| . | . | . | . | . | . | . | . | . | . |
+---+---+---+---+---+---+---+---+---+---+
| . | . | . | . | . | . | . | . | . | . |
+---+---+---+---+---+---+---+---+---+---+
| . | . | . | . | . | . | . | . | . | . |
+---+---+---+---+---+---+---+---+---+---+
| . | . | . | . | . | A | . | . | . | . |
+---+---+---+---+---+---+---+---+---+---+
agent's action is:  pick up key
Room 0 | has_key=0
+---+---+---+---+---+---+---+---+---+---+
| . | . | . | . | . | . | . | . | . | . |
+---+---+---+---+---+---+---+---+---+---+
| . | . | . | . | . | . | . | . | . | . |
+---+---+---+---+---+---+---+---+---+---+
| . | . | . | . | . | . | . | . | . | . |
+---+---+---+---+---+---+---+---+---+---+
| . | . | . | . | . | . | . | . | . | . |
+---+---+---+---+---+---+---+---+---+---+
| . | . | . | . | . | . | . | . | . | . |
+---+---+---+---+---+---+---+---+---+---+
| . | . | K | . | . | . | . | . | . | . |
+---+---+---+---+---+---+---+---+---+---+
| . | . | . | . | . | . | . | . | . | . |
+---+---+---+---+---+---+---+---+---+---+
| . | . | . | . | . | . | . | . | . | . |
+---+---+---+---+---+---+---+---+---+---+
| . | . | . | . | . | . | . | . | . | . |
+---+---+---+---+---+---+---+---+---+---+
| . | . | . | . | . | A | . | . | . | . |
+---+---+---+---+---+---+---+---+---+---+
agent's action is:  pick up key
Room 0 | has_key=0
+---+---+---+---+---+---+---+---+---+---+
| . | . | . | . | . | . | . | . | . | . |
+---+---+---+---+---+---+---+---+---+---+
| . | . | . | . | . | . | . | . | . | . |
+---+---+---+---+---+---+---+---+---+---+
| . | . | . | . | . | . | . | . | . | . |
+---+---+---+---+---+---+---+---+---+---+
| . | . | . | . | . | . | . | . | . | . |
+---+---+---+---+---+---+---+---+---+---+
| . | . | . | . | . | . | . | . | . | . |
+---+---+---+---+---+---+---+---+---+---+
| . | . | K | . | . | . | . | . | . | . |
+---+---+---+---+---+---+---+---+---+---+
| . | . | . | . | . | . | . | . | . | . |
+---+---+---+---+---+---+---+---+---+---+
| . | . | . | . | . | . | . | . | . | . |
+---+---+---+---+---+---+---+---+---+---+
| . | . | . | . | . | . | . | . | . | . |
+---+---+---+---+---+---+---+---+---+---+
| . | . | . | . | . | A | . | . | . | . |
+---+---+---+---+---+---+---+---+---+---+
agent's action is:  pick up key
Room 0 | has_key=0
+---+---+---+---+---+---+---+---+---+---+
| . | . | . | . | . | . | . | . | . | . |
+---+---+---+---+---+---+---+---+---+---+
| . | . | . | . | . | . | . | . | . | . |
+---+---+---+---+---+---+---+---+---+---+
| . | . | . | . | . | . | . | . | . | . |
+---+---+---+---+---+---+---+---+---+---+
| . | . | . | . | . | . | . | . | . | . |
+---+---+---+---+---+---+---+---+---+---+
| . | . | . | . | . | . | . | . | . | . |
+---+---+---+---+---+---+---+---+---+---+
| . | . | K | . | . | . | . | . | . | . |
+---+---+---+---+---+---+---+---+---+---+
| . | . | . | . | . | . | . | . | . | . |
+---+---+---+---+---+---+---+---+---+---+
| . | . | . | . | . | . | . | . | . | . |
+---+---+---+---+---+---+---+---+---+---+
| . | . | . | . | . | . | . | . | . | . |
+---+---+---+---+---+---+---+---+---+---+
| . | . | . | . | . | A | . | . | . | . |
+---+---+---+---+---+---+---+---+---+---+
agent's action is:  pick up key
Room 0 | has_key=0
+---+---+---+---+---+---+---+---+---+---+
| . | . | . | . | . | . | . | . | . | . |
+---+---+---+---+---+---+---+---+---+---+
| . | . | . | . | . | . | . | . | . | . |
+---+---+---+---+---+---+---+---+---+---+
| . | . | . | . | . | . | . | . | . | . |
+---+---+---+---+---+---+---+---+---+---+
| . | . | . | . | . | . | . | . | . | . |
+---+---+---+---+---+---+---+---+---+---+
| . | . | . | . | . | . | . | . | . | . |
+---+---+---+---+---+---+---+---+---+---+
| . | . | K | . | . | . | . | . | . | . |
+---+---+---+---+---+---+---+---+---+---+
| . | . | . | . | . | . | . | . | . | . |
+---+---+---+---+---+---+---+---+---+---+
| . | . | . | . | . | . | . | . | . | . |
+---+---+---+---+---+---+---+---+---+---+
| . | . | . | . | . | . | . | . | . | . |
+---+---+---+---+---+---+---+---+---+---+
| . | . | . | . | . | A | . | . | . | . |
+---+---+---+---+---+---+---+---+---+---+
agent's action is:  pick up key
Room 0 | has_key=0
+---+---+---+---+---+---+---+---+---+---+
| . | . | . | . | . | . | . | . | . | . |
+---+---+---+---+---+---+---+---+---+---+
| . | . | . | . | . | . | . | . | . | . |
+---+---+---+---+---+---+---+---+---+---+
| . | . | . | . | . | . | . | . | . | . |
+---+---+---+---+---+---+---+---+---+---+
| . | . | . | . | . | . | . | . | . | . |
+---+---+---+---+---+---+---+---+---+---+
| . | . | . | . | . | . | . | . | . | . |
+---+---+---+---+---+---+---+---+---+---+
| . | . | K | . | . | . | . | . | . | . |
+---+---+---+---+---+---+---+---+---+---+
| . | . | . | . | . | . | . | . | . | . |
+---+---+---+---+---+---+---+---+---+---+
| . | . | . | . | . | . | . | . | . | . |
+---+---+---+---+---+---+---+---+---+---+
| . | . | . | . | . | . | . | . | . | . |
+---+---+---+---+---+---+---+---+---+---+
| . | . | . | . | . | A | . | . | . | . |
+---+---+---+---+---+---+---+---+---+---+
agent's action is:  pick up key
Room 0 | has_key=0
+---+---+---+---+---+---+---+---+---+---+
| . | . | . | . | . | . | . | . | . | . |
+---+---+---+---+---+---+---+---+---+---+
| . | . | . | . | . | . | . | . | . | . |
+---+---+---+---+---+---+---+---+---+---+
| . | . | . | . | . | . | . | . | . | . |
+---+---+---+---+---+---+---+---+---+---+
| . | . | . | . | . | . | . | . | . | . |
+---+---+---+---+---+---+---+---+---+---+
| . | . | . | . | . | . | . | . | . | . |
+---+---+---+---+---+---+---+---+---+---+
| . | . | K | . | . | . | . | . | . | . |
+---+---+---+---+---+---+---+---+---+---+
| . | . | . | . | . | . | . | . | . | . |
+---+---+---+---+---+---+---+---+---+---+
| . | . | . | . | . | . | . | . | . | . |
+---+---+---+---+---+---+---+---+---+---+
| . | . | . | . | . | . | . | . | . | . |
+---+---+---+---+---+---+---+---+---+---+
| . | . | . | . | . | A | . | . | . | . |
+---+---+---+---+---+---+---+---+---+---+
agent's action is:  pick up key
Room 0 | has_key=0
+---+---+---+---+---+---+---+---+---+---+
| . | . | . | . | . | . | . | . | . | . |
+---+---+---+---+---+---+---+---+---+---+
| . | . | . | . | . | . | . | . | . | . |
+---+---+---+---+---+---+---+---+---+---+
| . | . | . | . | . | . | . | . | . | . |
+---+---+---+---+---+---+---+---+---+---+
| . | . | . | . | . | . | . | . | . | . |
+---+---+---+---+---+---+---+---+---+---+
| . | . | . | . | . | . | . | . | . | . |
+---+---+---+---+---+---+---+---+---+---+
| . | . | K | . | . | . | . | . | . | . |
+---+---+---+---+---+---+---+---+---+---+
| . | . | . | . | . | . | . | . | . | . |
+---+---+---+---+---+---+---+---+---+---+
| . | . | . | . | . | . | . | . | . | . |
+---+---+---+---+---+---+---+---+---+---+
| . | . | . | . | . | . | . | . | . | . |
+---+---+---+---+---+---+---+---+---+---+
| . | . | . | . | . | A | . | . | . | . |
+---+---+---+---+---+---+---+---+---+---+
agent's action is:  pick up key
Room 0 | has_key=0
+---+---+---+---+---+---+---+---+---+---+
| . | . | . | . | . | . | . | . | . | . |
+---+---+---+---+---+---+---+---+---+---+
| . | . | . | . | . | . | . | . | . | . |
+---+---+---+---+---+---+---+---+---+---+
| . | . | . | . | . | . | . | . | . | . |
+---+---+---+---+---+---+---+---+---+---+
| . | . | . | . | . | . | . | . | . | . |
+---+---+---+---+---+---+---+---+---+---+
| . | . | . | . | . | . | . | . | . | . |
+---+---+---+---+---+---+---+---+---+---+
| . | . | K | . | . | . | . | . | . | . |
+---+---+---+---+---+---+---+---+---+---+
| . | . | . | . | . | . | . | . | . | . |
+---+---+---+---+---+---+---+---+---+---+
| . | . | . | . | . | . | . | . | . | . |
+---+---+---+---+---+---+---+---+---+---+
| . | . | . | . | . | . | . | . | . | . |
+---+---+---+---+---+---+---+---+---+---+
| . | . | . | . | . | A | . | . | . | . |
+---+---+---+---+---+---+---+---+---+---+
agent's action is:  pick up key
Room 1 | has_key=0
+---+---+---+---+---+---+---+---+---+---+
| . | . | . | . | . | . | . | . | . | . |
+---+---+---+---+---+---+---+---+---+---+
| . | . | . | . | . | . | . | . | . | . |
+---+---+---+---+---+---+---+---+---+---+
| . | . | . | . | . | . | . | . | . | . |
+---+---+---+---+---+---+---+---+---+---+
| . | . | . | . | . | . | . | . | . | . |
+---+---+---+---+---+---+---+---+---+---+
| . | . | . | . | . | . | . | . | . | . |
+---+---+---+---+---+---+---+---+---+---+
| . | . | . | . | . | . | . | . | . | . |
+---+---+---+---+---+---+---+---+---+---+
| . | . | . | . | . | . | . | . | . | . |
+---+---+---+---+---+---+---+---+---+---+
| . | . | . | . | . | . | . | . | . | . |
+---+---+---+---+---+---+---+---+---+---+
| . | . | . | . | . | . | . | . | . | . |
+---+---+---+---+---+---+---+---+---+---+
| A | . | . | . | . | . | . | . | . | . |
+---+---+---+---+---+---+---+---+---+---+
agent's action is:  right
Room 1 | has_key=0
+---+---+---+---+---+---+---+---+---+---+
| . | . | . | . | . | . | . | . | . | . |
+---+---+---+---+---+---+---+---+---+---+
| . | . | . | . | . | . | . | . | . | . |
+---+---+---+---+---+---+---+---+---+---+
| . | . | . | . | . | . | . | . | . | . |
+---+---+---+---+---+---+---+---+---+---+
| . | . | . | . | . | . | . | . | . | . |
+---+---+---+---+---+---+---+---+---+---+
| . | . | . | . | . | . | . | . | . | . |
+---+---+---+---+---+---+---+---+---+---+
| . | . | . | . | . | . | . | . | . | . |
+---+---+---+---+---+---+---+---+---+---+
| . | . | . | . | . | . | . | . | . | . |
+---+---+---+---+---+---+---+---+---+---+
| . | . | . | . | . | . | . | . | . | . |
+---+---+---+---+---+---+---+---+---+---+
| . | . | . | . | . | . | . | . | . | . |
+---+---+---+---+---+---+---+---+---+---+
| . | A | . | . | . | . | . | . | . | . |
+---+---+---+---+---+---+---+---+---+---+
agent's action is:  right
Room 1 | has_key=0
+---+---+---+---+---+---+---+---+---+---+
| . | . | . | . | . | . | . | . | . | . |
+---+---+---+---+---+---+---+---+---+---+
| . | . | . | . | . | . | . | . | . | . |
+---+---+---+---+---+---+---+---+---+---+
| . | . | . | . | . | . | . | . | . | . |
+---+---+---+---+---+---+---+---+---+---+
| . | . | . | . | . | . | . | . | . | . |
+---+---+---+---+---+---+---+---+---+---+
| . | . | . | . | . | . | . | . | . | . |
+---+---+---+---+---+---+---+---+---+---+
| . | . | . | . | . | . | . | . | . | . |
+---+---+---+---+---+---+---+---+---+---+
| . | . | . | . | . | . | . | . | . | . |
+---+---+---+---+---+---+---+---+---+---+
| . | . | . | . | . | . | . | . | . | . |
+---+---+---+---+---+---+---+---+---+---+
| . | . | . | . | . | . | . | . | . | . |
+---+---+---+---+---+---+---+---+---+---+
| . | . | A | . | . | . | . | . | . | . |
+---+---+---+---+---+---+---+---+---+---+
agent's action is:  right
Room 1 | has_key=0
+---+---+---+---+---+---+---+---+---+---+
| . | . | . | . | . | . | . | . | . | . |
+---+---+---+---+---+---+---+---+---+---+
| . | . | . | . | . | . | . | . | . | . |
+---+---+---+---+---+---+---+---+---+---+
| . | . | . | . | . | . | . | . | . | . |
+---+---+---+---+---+---+---+---+---+---+
| . | . | . | . | . | . | . | . | . | . |
+---+---+---+---+---+---+---+---+---+---+
| . | . | . | . | . | . | . | . | . | . |
+---+---+---+---+---+---+---+---+---+---+
| . | . | . | . | . | . | . | . | . | . |
+---+---+---+---+---+---+---+---+---+---+
| . | . | . | . | . | . | . | . | . | . |
+---+---+---+---+---+---+---+---+---+---+
| . | . | . | . | . | . | . | . | . | . |
+---+---+---+---+---+---+---+---+---+---+
| . | . | . | . | . | . | . | . | . | . |
+---+---+---+---+---+---+---+---+---+---+
| . | . | . | A | . | . | . | . | . | . |
+---+---+---+---+---+---+---+---+---+---+
agent's action is:  right
Room 1 | has_key=0
+---+---+---+---+---+---+---+---+---+---+
| . | . | . | . | . | . | . | . | . | . |
+---+---+---+---+---+---+---+---+---+---+
| . | . | . | . | . | . | . | . | . | . |
+---+---+---+---+---+---+---+---+---+---+
| . | . | . | . | . | . | . | . | . | . |
+---+---+---+---+---+---+---+---+---+---+
| . | . | . | . | . | . | . | . | . | . |
+---+---+---+---+---+---+---+---+---+---+
| . | . | . | . | . | . | . | . | . | . |
+---+---+---+---+---+---+---+---+---+---+
| . | . | . | . | . | . | . | . | . | . |
+---+---+---+---+---+---+---+---+---+---+
| . | . | . | . | . | . | . | . | . | . |
+---+---+---+---+---+---+---+---+---+---+
| . | . | . | . | . | . | . | . | . | . |
+---+---+---+---+---+---+---+---+---+---+
| . | . | . | . | . | . | . | . | . | . |
+---+---+---+---+---+---+---+---+---+---+
| . | . | . | . | A | . | . | . | . | . |
+---+---+---+---+---+---+---+---+---+---+
agent's action is:  right
Room 1 | has_key=0
+---+---+---+---+---+---+---+---+---+---+
| . | . | . | . | . | . | . | . | . | . |
+---+---+---+---+---+---+---+---+---+---+
| . | . | . | . | . | . | . | . | . | . |
+---+---+---+---+---+---+---+---+---+---+
| . | . | . | . | . | . | . | . | . | . |
+---+---+---+---+---+---+---+---+---+---+
| . | . | . | . | . | . | . | . | . | . |
+---+---+---+---+---+---+---+---+---+---+
| . | . | . | . | . | . | . | . | . | . |
+---+---+---+---+---+---+---+---+---+---+
| . | . | . | . | . | . | . | . | . | . |
+---+---+---+---+---+---+---+---+---+---+
| . | . | . | . | . | . | . | . | . | . |
+---+---+---+---+---+---+---+---+---+---+
| . | . | . | . | . | . | . | . | . | . |
+---+---+---+---+---+---+---+---+---+---+
| . | . | . | . | . | . | . | . | . | . |
+---+---+---+---+---+---+---+---+---+---+
| . | . | . | . | . | A | . | . | . | . |
+---+---+---+---+---+---+---+---+---+---+
agent's action is:  pick up key
Room 1 | has_key=0
+---+---+---+---+---+---+---+---+---+---+
| . | . | . | . | . | . | . | . | . | . |
+---+---+---+---+---+---+---+---+---+---+
| . | . | . | . | . | . | . | . | . | . |
+---+---+---+---+---+---+---+---+---+---+
| . | . | . | . | . | . | . | . | . | . |
+---+---+---+---+---+---+---+---+---+---+
| . | . | . | . | . | . | . | . | . | . |
+---+---+---+---+---+---+---+---+---+---+
| . | . | . | . | . | . | . | . | . | . |
+---+---+---+---+---+---+---+---+---+---+
| . | . | . | . | . | . | . | . | . | . |
+---+---+---+---+---+---+---+---+---+---+
| . | . | . | . | . | . | . | . | . | . |
+---+---+---+---+---+---+---+---+---+---+
| . | . | . | . | . | . | . | . | . | . |
+---+---+---+---+---+---+---+---+---+---+
| . | . | . | . | . | . | . | . | . | . |
+---+---+---+---+---+---+---+---+---+---+
| . | . | . | . | . | A | . | . | . | . |
+---+---+---+---+---+---+---+---+---+---+
agent's action is:  pick up key
Room 1 | has_key=0
+---+---+---+---+---+---+---+---+---+---+
| . | . | . | . | . | . | . | . | . | . |
+---+---+---+---+---+---+---+---+---+---+
| . | . | . | . | . | . | . | . | . | . |
+---+---+---+---+---+---+---+---+---+---+
| . | . | . | . | . | . | . | . | . | . |
+---+---+---+---+---+---+---+---+---+---+
| . | . | . | . | . | . | . | . | . | . |
+---+---+---+---+---+---+---+---+---+---+
| . | . | . | . | . | . | . | . | . | . |
+---+---+---+---+---+---+---+---+---+---+
| . | . | . | . | . | . | . | . | . | . |
+---+---+---+---+---+---+---+---+---+---+
| . | . | . | . | . | . | . | . | . | . |
+---+---+---+---+---+---+---+---+---+---+
| . | . | . | . | . | . | . | . | . | . |
+---+---+---+---+---+---+---+---+---+---+
| . | . | . | . | . | . | . | . | . | . |
+---+---+---+---+---+---+---+---+---+---+
| . | . | . | . | . | A | . | . | . | . |
+---+---+---+---+---+---+---+---+---+---+
agent's action is:  pick up key
Room 1 | has_key=0
+---+---+---+---+---+---+---+---+---+---+
| . | . | . | . | . | . | . | . | . | . |
+---+---+---+---+---+---+---+---+---+---+
| . | . | . | . | . | . | . | . | . | . |
+---+---+---+---+---+---+---+---+---+---+
| . | . | . | . | . | . | . | . | . | . |
+---+---+---+---+---+---+---+---+---+---+
| . | . | . | . | . | . | . | . | . | . |
+---+---+---+---+---+---+---+---+---+---+
| . | . | . | . | . | . | . | . | . | . |
+---+---+---+---+---+---+---+---+---+---+
| . | . | . | . | . | . | . | . | . | . |
+---+---+---+---+---+---+---+---+---+---+
| . | . | . | . | . | . | . | . | . | . |
+---+---+---+---+---+---+---+---+---+---+
| . | . | . | . | . | . | . | . | . | . |
+---+---+---+---+---+---+---+---+---+---+
| . | . | . | . | . | . | . | . | . | . |
+---+---+---+---+---+---+---+---+---+---+
| . | . | . | . | . | A | . | . | . | . |
+---+---+---+---+---+---+---+---+---+---+
agent's action is:  pick up key
Room 1 | has_key=0
+---+---+---+---+---+---+---+---+---+---+
| . | . | . | . | . | . | . | . | . | . |
+---+---+---+---+---+---+---+---+---+---+
| . | . | . | . | . | . | . | . | . | . |
+---+---+---+---+---+---+---+---+---+---+
| . | . | . | . | . | . | . | . | . | . |
+---+---+---+---+---+---+---+---+---+---+
| . | . | . | . | . | . | . | . | . | . |
+---+---+---+---+---+---+---+---+---+---+
| . | . | . | . | . | . | . | . | . | . |
+---+---+---+---+---+---+---+---+---+---+
| . | . | . | . | . | . | . | . | . | . |
+---+---+---+---+---+---+---+---+---+---+
| . | . | . | . | . | . | . | . | . | . |
+---+---+---+---+---+---+---+---+---+---+
| . | . | . | . | . | . | . | . | . | . |
+---+---+---+---+---+---+---+---+---+---+
| . | . | . | . | . | . | . | . | . | . |
+---+---+---+---+---+---+---+---+---+---+
| . | . | . | . | . | A | . | . | . | . |
+---+---+---+---+---+---+---+---+---+---+
agent's action is:  right
Room 1 | has_key=0
+---+---+---+---+---+---+---+---+---+---+
| . | . | . | . | . | . | . | . | . | . |
+---+---+---+---+---+---+---+---+---+---+
| . | . | . | . | . | . | . | . | . | . |
+---+---+---+---+---+---+---+---+---+---+
| . | . | . | . | . | . | . | . | . | . |
+---+---+---+---+---+---+---+---+---+---+
| . | . | . | . | . | . | . | . | . | . |
+---+---+---+---+---+---+---+---+---+---+
| . | . | . | . | . | . | . | . | . | . |
+---+---+---+---+---+---+---+---+---+---+
| . | . | . | . | . | . | . | . | . | . |
+---+---+---+---+---+---+---+---+---+---+
| . | . | . | . | . | . | . | . | . | . |
+---+---+---+---+---+---+---+---+---+---+
| . | . | . | . | . | . | . | . | . | . |
+---+---+---+---+---+---+---+---+---+---+
| . | . | . | . | . | . | . | . | . | . |
+---+---+---+---+---+---+---+---+---+---+
| . | . | . | . | . | . | A | . | . | . |
+---+---+---+---+---+---+---+---+---+---+
agent's action is:  pick up key
Room 1 | has_key=0
+---+---+---+---+---+---+---+---+---+---+
| . | . | . | . | . | . | . | . | . | . |
+---+---+---+---+---+---+---+---+---+---+
| . | . | . | . | . | . | . | . | . | . |
+---+---+---+---+---+---+---+---+---+---+
| . | . | . | . | . | . | . | . | . | . |
+---+---+---+---+---+---+---+---+---+---+
| . | . | . | . | . | . | . | . | . | . |
+---+---+---+---+---+---+---+---+---+---+
| . | . | . | . | . | . | . | . | . | . |
+---+---+---+---+---+---+---+---+---+---+
| . | . | . | . | . | . | . | . | . | . |
+---+---+---+---+---+---+---+---+---+---+
| . | . | . | . | . | . | . | . | . | . |
+---+---+---+---+---+---+---+---+---+---+
| . | . | . | . | . | . | . | . | . | . |
+---+---+---+---+---+---+---+---+---+---+
| . | . | . | . | . | . | . | . | . | . |
+---+---+---+---+---+---+---+---+---+---+
| . | . | . | . | . | . | A | . | . | . |
+---+---+---+---+---+---+---+---+---+---+
agent's action is:  pick up key
Room 1 | has_key=0
+---+---+---+---+---+---+---+---+---+---+
| . | . | . | . | . | . | . | . | . | . |
+---+---+---+---+---+---+---+---+---+---+
| . | . | . | . | . | . | . | . | . | . |
+---+---+---+---+---+---+---+---+---+---+
| . | . | . | . | . | . | . | . | . | . |
+---+---+---+---+---+---+---+---+---+---+
| . | . | . | . | . | . | . | . | . | . |
+---+---+---+---+---+---+---+---+---+---+
| . | . | . | . | . | . | . | . | . | . |
+---+---+---+---+---+---+---+---+---+---+
| . | . | . | . | . | . | . | . | . | . |
+---+---+---+---+---+---+---+---+---+---+
| . | . | . | . | . | . | . | . | . | . |
+---+---+---+---+---+---+---+---+---+---+
| . | . | . | . | . | . | . | . | . | . |
+---+---+---+---+---+---+---+---+---+---+
| . | . | . | . | . | . | . | . | . | . |
+---+---+---+---+---+---+---+---+---+---+
| . | . | . | . | . | . | A | . | . | . |
+---+---+---+---+---+---+---+---+---+---+
agent's action is:  pick up key
Room 1 | has_key=0
+---+---+---+---+---+---+---+---+---+---+
| . | . | . | . | . | . | . | . | . | . |
+---+---+---+---+---+---+---+---+---+---+
| . | . | . | . | . | . | . | . | . | . |
+---+---+---+---+---+---+---+---+---+---+
| . | . | . | . | . | . | . | . | . | . |
+---+---+---+---+---+---+---+---+---+---+
| . | . | . | . | . | . | . | . | . | . |
+---+---+---+---+---+---+---+---+---+---+
| . | . | . | . | . | . | . | . | . | . |
+---+---+---+---+---+---+---+---+---+---+
| . | . | . | . | . | . | . | . | . | . |
+---+---+---+---+---+---+---+---+---+---+
| . | . | . | . | . | . | . | . | . | . |
+---+---+---+---+---+---+---+---+---+---+
| . | . | . | . | . | . | . | . | . | . |
+---+---+---+---+---+---+---+---+---+---+
| . | . | . | . | . | . | . | . | . | . |
+---+---+---+---+---+---+---+---+---+---+
| . | . | . | . | . | . | A | . | . | . |
+---+---+---+---+---+---+---+---+---+---+
agent's action is:  pick up key
Room 1 | has_key=0
+---+---+---+---+---+---+---+---+---+---+
| . | . | . | . | . | . | . | . | . | . |
+---+---+---+---+---+---+---+---+---+---+
| . | . | . | . | . | . | . | . | . | . |
+---+---+---+---+---+---+---+---+---+---+
| . | . | . | . | . | . | . | . | . | . |
+---+---+---+---+---+---+---+---+---+---+
| . | . | . | . | . | . | . | . | . | . |
+---+---+---+---+---+---+---+---+---+---+
| . | . | . | . | . | . | . | . | . | . |
+---+---+---+---+---+---+---+---+---+---+
| . | . | . | . | . | . | . | . | . | . |
+---+---+---+---+---+---+---+---+---+---+
| . | . | . | . | . | . | . | . | . | . |
+---+---+---+---+---+---+---+---+---+---+
| . | . | . | . | . | . | . | . | . | . |
+---+---+---+---+---+---+---+---+---+---+
| . | . | . | . | . | . | . | . | . | . |
+---+---+---+---+---+---+---+---+---+---+
| . | . | . | . | . | . | A | . | . | . |
+---+---+---+---+---+---+---+---+---+---+
agent's action is:  pick up key
Room 1 | has_key=0
+---+---+---+---+---+---+---+---+---+---+
| . | . | . | . | . | . | . | . | . | . |
+---+---+---+---+---+---+---+---+---+---+
| . | . | . | . | . | . | . | . | . | . |
+---+---+---+---+---+---+---+---+---+---+
| . | . | . | . | . | . | . | . | . | . |
+---+---+---+---+---+---+---+---+---+---+
| . | . | . | . | . | . | . | . | . | . |
+---+---+---+---+---+---+---+---+---+---+
| . | . | . | . | . | . | . | . | . | . |
+---+---+---+---+---+---+---+---+---+---+
| . | . | . | . | . | . | . | . | . | . |
+---+---+---+---+---+---+---+---+---+---+
| . | . | . | . | . | . | . | . | . | . |
+---+---+---+---+---+---+---+---+---+---+
| . | . | . | . | . | . | . | . | . | . |
+---+---+---+---+---+---+---+---+---+---+
| . | . | . | . | . | . | . | . | . | . |
+---+---+---+---+---+---+---+---+---+---+
| . | . | . | . | . | . | A | . | . | . |
+---+---+---+---+---+---+---+---+---+---+
agent's action is:  pick up key
Room 1 | has_key=0
+---+---+---+---+---+---+---+---+---+---+
| . | . | . | . | . | . | . | . | . | . |
+---+---+---+---+---+---+---+---+---+---+
| . | . | . | . | . | . | . | . | . | . |
+---+---+---+---+---+---+---+---+---+---+
| . | . | . | . | . | . | . | . | . | . |
+---+---+---+---+---+---+---+---+---+---+
| . | . | . | . | . | . | . | . | . | . |
+---+---+---+---+---+---+---+---+---+---+
| . | . | . | . | . | . | . | . | . | . |
+---+---+---+---+---+---+---+---+---+---+
| . | . | . | . | . | . | . | . | . | . |
+---+---+---+---+---+---+---+---+---+---+
| . | . | . | . | . | . | . | . | . | . |
+---+---+---+---+---+---+---+---+---+---+
| . | . | . | . | . | . | . | . | . | . |
+---+---+---+---+---+---+---+---+---+---+
| . | . | . | . | . | . | . | . | . | . |
+---+---+---+---+---+---+---+---+---+---+
| . | . | . | . | . | . | A | . | . | . |
+---+---+---+---+---+---+---+---+---+---+
agent's action is:  pick up key
Room 1 | has_key=0
+---+---+---+---+---+---+---+---+---+---+
| . | . | . | . | . | . | . | . | . | . |
+---+---+---+---+---+---+---+---+---+---+
| . | . | . | . | . | . | . | . | . | . |
+---+---+---+---+---+---+---+---+---+---+
| . | . | . | . | . | . | . | . | . | . |
+---+---+---+---+---+---+---+---+---+---+
| . | . | . | . | . | . | . | . | . | . |
+---+---+---+---+---+---+---+---+---+---+
| . | . | . | . | . | . | . | . | . | . |
+---+---+---+---+---+---+---+---+---+---+
| . | . | . | . | . | . | . | . | . | . |
+---+---+---+---+---+---+---+---+---+---+
| . | . | . | . | . | . | . | . | . | . |
+---+---+---+---+---+---+---+---+---+---+
| . | . | . | . | . | . | . | . | . | . |
+---+---+---+---+---+---+---+---+---+---+
| . | . | . | . | . | . | . | . | . | . |
+---+---+---+---+---+---+---+---+---+---+
| . | . | . | . | . | . | A | . | . | . |
+---+---+---+---+---+---+---+---+---+---+
agent's action is:  pick up key
Room 1 | has_key=0
+---+---+---+---+---+---+---+---+---+---+
| . | . | . | . | . | . | . | . | . | . |
+---+---+---+---+---+---+---+---+---+---+
| . | . | . | . | . | . | . | . | . | . |
+---+---+---+---+---+---+---+---+---+---+
| . | . | . | . | . | . | . | . | . | . |
+---+---+---+---+---+---+---+---+---+---+
| . | . | . | . | . | . | . | . | . | . |
+---+---+---+---+---+---+---+---+---+---+
| . | . | . | . | . | . | . | . | . | . |
+---+---+---+---+---+---+---+---+---+---+
| . | . | . | . | . | . | . | . | . | . |
+---+---+---+---+---+---+---+---+---+---+
| . | . | . | . | . | . | . | . | . | . |
+---+---+---+---+---+---+---+---+---+---+
| . | . | . | . | . | . | . | . | . | . |
+---+---+---+---+---+---+---+---+---+---+
| . | . | . | . | . | . | . | . | . | . |
+---+---+---+---+---+---+---+---+---+---+
| . | . | . | . | . | . | A | . | . | . |
+---+---+---+---+---+---+---+---+---+---+
agent's action is:  pick up key
Room 1 | has_key=0
+---+---+---+---+---+---+---+---+---+---+
| . | . | . | . | . | . | . | . | . | . |
+---+---+---+---+---+---+---+---+---+---+
| . | . | . | . | . | . | . | . | . | . |
+---+---+---+---+---+---+---+---+---+---+
| . | . | . | . | . | . | . | . | . | . |
+---+---+---+---+---+---+---+---+---+---+
| . | . | . | . | . | . | . | . | . | . |
+---+---+---+---+---+---+---+---+---+---+
| . | . | . | . | . | . | . | . | . | . |
+---+---+---+---+---+---+---+---+---+---+
| . | . | . | . | . | . | . | . | . | . |
+---+---+---+---+---+---+---+---+---+---+
| . | . | . | . | . | . | . | . | . | . |
+---+---+---+---+---+---+---+---+---+---+
| . | . | . | . | . | . | . | . | . | . |
+---+---+---+---+---+---+---+---+---+---+
| . | . | . | . | . | . | . | . | . | . |
+---+---+---+---+---+---+---+---+---+---+
| . | . | . | . | . | . | A | . | . | . |
+---+---+---+---+---+---+---+---+---+---+
agent's action is:  pick up key
Room 2 | has_key=0
+---+---+---+---+---+---+---+---+---+---+
| . | . | . | . | D | . | . | . | . | . |
+---+---+---+---+---+---+---+---+---+---+
| . | . | . | . | . | . | . | . | . | . |
+---+---+---+---+---+---+---+---+---+---+
| . | . | . | . | . | . | . | . | . | . |
+---+---+---+---+---+---+---+---+---+---+
| . | . | . | . | . | . | . | . | . | . |
+---+---+---+---+---+---+---+---+---+---+
| . | . | . | . | . | . | . | . | . | . |
+---+---+---+---+---+---+---+---+---+---+
| . | . | . | . | . | . | . | . | . | . |
+---+---+---+---+---+---+---+---+---+---+
| . | . | . | . | . | . | . | . | . | . |
+---+---+---+---+---+---+---+---+---+---+
| . | . | . | . | . | . | . | . | . | . |
+---+---+---+---+---+---+---+---+---+---+
| . | . | . | . | . | . | . | . | . | . |
+---+---+---+---+---+---+---+---+---+---+
| A | . | . | . | . | . | . | . | . | . |
+---+---+---+---+---+---+---+---+---+---+
agent's action is:  right
Room 2 | has_key=0
+---+---+---+---+---+---+---+---+---+---+
| . | . | . | . | D | . | . | . | . | . |
+---+---+---+---+---+---+---+---+---+---+
| . | . | . | . | . | . | . | . | . | . |
+---+---+---+---+---+---+---+---+---+---+
| . | . | . | . | . | . | . | . | . | . |
+---+---+---+---+---+---+---+---+---+---+
| . | . | . | . | . | . | . | . | . | . |
+---+---+---+---+---+---+---+---+---+---+
| . | . | . | . | . | . | . | . | . | . |
+---+---+---+---+---+---+---+---+---+---+
| . | . | . | . | . | . | . | . | . | . |
+---+---+---+---+---+---+---+---+---+---+
| . | . | . | . | . | . | . | . | . | . |
+---+---+---+---+---+---+---+---+---+---+
| . | . | . | . | . | . | . | . | . | . |
+---+---+---+---+---+---+---+---+---+---+
| . | . | . | . | . | . | . | . | . | . |
+---+---+---+---+---+---+---+---+---+---+
| . | A | . | . | . | . | . | . | . | . |
+---+---+---+---+---+---+---+---+---+---+
agent's action is:  right
Room 2 | has_key=0
+---+---+---+---+---+---+---+---+---+---+
| . | . | . | . | D | . | . | . | . | . |
+---+---+---+---+---+---+---+---+---+---+
| . | . | . | . | . | . | . | . | . | . |
+---+---+---+---+---+---+---+---+---+---+
| . | . | . | . | . | . | . | . | . | . |
+---+---+---+---+---+---+---+---+---+---+
| . | . | . | . | . | . | . | . | . | . |
+---+---+---+---+---+---+---+---+---+---+
| . | . | . | . | . | . | . | . | . | . |
+---+---+---+---+---+---+---+---+---+---+
| . | . | . | . | . | . | . | . | . | . |
+---+---+---+---+---+---+---+---+---+---+
| . | . | . | . | . | . | . | . | . | . |
+---+---+---+---+---+---+---+---+---+---+
| . | . | . | . | . | . | . | . | . | . |
+---+---+---+---+---+---+---+---+---+---+
| . | . | . | . | . | . | . | . | . | . |
+---+---+---+---+---+---+---+---+---+---+
| . | . | A | . | . | . | . | . | . | . |
+---+---+---+---+---+---+---+---+---+---+
agent's action is:  right
Room 2 | has_key=0
+---+---+---+---+---+---+---+---+---+---+
| . | . | . | . | D | . | . | . | . | . |
+---+---+---+---+---+---+---+---+---+---+
| . | . | . | . | . | . | . | . | . | . |
+---+---+---+---+---+---+---+---+---+---+
| . | . | . | . | . | . | . | . | . | . |
+---+---+---+---+---+---+---+---+---+---+
| . | . | . | . | . | . | . | . | . | . |
+---+---+---+---+---+---+---+---+---+---+
| . | . | . | . | . | . | . | . | . | . |
+---+---+---+---+---+---+---+---+---+---+
| . | . | . | . | . | . | . | . | . | . |
+---+---+---+---+---+---+---+---+---+---+
| . | . | . | . | . | . | . | . | . | . |
+---+---+---+---+---+---+---+---+---+---+
| . | . | . | . | . | . | . | . | . | . |
+---+---+---+---+---+---+---+---+---+---+
| . | . | . | . | . | . | . | . | . | . |
+---+---+---+---+---+---+---+---+---+---+
| . | . | . | A | . | . | . | . | . | . |
+---+---+---+---+---+---+---+---+---+---+
agent's action is:  right
Room 2 | has_key=0
+---+---+---+---+---+---+---+---+---+---+
| . | . | . | . | D | . | . | . | . | . |
+---+---+---+---+---+---+---+---+---+---+
| . | . | . | . | . | . | . | . | . | . |
+---+---+---+---+---+---+---+---+---+---+
| . | . | . | . | . | . | . | . | . | . |
+---+---+---+---+---+---+---+---+---+---+
| . | . | . | . | . | . | . | . | . | . |
+---+---+---+---+---+---+---+---+---+---+
| . | . | . | . | . | . | . | . | . | . |
+---+---+---+---+---+---+---+---+---+---+
| . | . | . | . | . | . | . | . | . | . |
+---+---+---+---+---+---+---+---+---+---+
| . | . | . | . | . | . | . | . | . | . |
+---+---+---+---+---+---+---+---+---+---+
| . | . | . | . | . | . | . | . | . | . |
+---+---+---+---+---+---+---+---+---+---+
| . | . | . | . | . | . | . | . | . | . |
+---+---+---+---+---+---+---+---+---+---+
| . | . | . | . | A | . | . | . | . | . |
+---+---+---+---+---+---+---+---+---+---+
agent's action is:  right
Room 2 | has_key=0
+---+---+---+---+---+---+---+---+---+---+
| . | . | . | . | D | . | . | . | . | . |
+---+---+---+---+---+---+---+---+---+---+
| . | . | . | . | . | . | . | . | . | . |
+---+---+---+---+---+---+---+---+---+---+
| . | . | . | . | . | . | . | . | . | . |
+---+---+---+---+---+---+---+---+---+---+
| . | . | . | . | . | . | . | . | . | . |
+---+---+---+---+---+---+---+---+---+---+
| . | . | . | . | . | . | . | . | . | . |
+---+---+---+---+---+---+---+---+---+---+
| . | . | . | . | . | . | . | . | . | . |
+---+---+---+---+---+---+---+---+---+---+
| . | . | . | . | . | . | . | . | . | . |
+---+---+---+---+---+---+---+---+---+---+
| . | . | . | . | . | . | . | . | . | . |
+---+---+---+---+---+---+---+---+---+---+
| . | . | . | . | . | . | . | . | . | . |
+---+---+---+---+---+---+---+---+---+---+
| . | . | . | . | . | A | . | . | . | . |
+---+---+---+---+---+---+---+---+---+---+
agent's action is:  right
Room 2 | has_key=0
+---+---+---+---+---+---+---+---+---+---+
| . | . | . | . | D | . | . | . | . | . |
+---+---+---+---+---+---+---+---+---+---+
| . | . | . | . | . | . | . | . | . | . |
+---+---+---+---+---+---+---+---+---+---+
| . | . | . | . | . | . | . | . | . | . |
+---+---+---+---+---+---+---+---+---+---+
| . | . | . | . | . | . | . | . | . | . |
+---+---+---+---+---+---+---+---+---+---+
| . | . | . | . | . | . | . | . | . | . |
+---+---+---+---+---+---+---+---+---+---+
| . | . | . | . | . | . | . | . | . | . |
+---+---+---+---+---+---+---+---+---+---+
| . | . | . | . | . | . | . | . | . | . |
+---+---+---+---+---+---+---+---+---+---+
| . | . | . | . | . | . | . | . | . | . |
+---+---+---+---+---+---+---+---+---+---+
| . | . | . | . | . | . | . | . | . | . |
+---+---+---+---+---+---+---+---+---+---+
| . | . | . | . | . | . | A | . | . | . |
+---+---+---+---+---+---+---+---+---+---+
agent's action is:  right
Room 2 | has_key=0
+---+---+---+---+---+---+---+---+---+---+
| . | . | . | . | D | . | . | . | . | . |
+---+---+---+---+---+---+---+---+---+---+
| . | . | . | . | . | . | . | . | . | . |
+---+---+---+---+---+---+---+---+---+---+
| . | . | . | . | . | . | . | . | . | . |
+---+---+---+---+---+---+---+---+---+---+
| . | . | . | . | . | . | . | . | . | . |
+---+---+---+---+---+---+---+---+---+---+
| . | . | . | . | . | . | . | . | . | . |
+---+---+---+---+---+---+---+---+---+---+
| . | . | . | . | . | . | . | . | . | . |
+---+---+---+---+---+---+---+---+---+---+
| . | . | . | . | . | . | . | . | . | . |
+---+---+---+---+---+---+---+---+---+---+
| . | . | . | . | . | . | . | . | . | . |
+---+---+---+---+---+---+---+---+---+---+
| . | . | . | . | . | . | . | . | . | . |
+---+---+---+---+---+---+---+---+---+---+
| . | . | . | . | . | . | . | A | . | . |
+---+---+---+---+---+---+---+---+---+---+
agent's action is:  right
Room 2 | has_key=0
+---+---+---+---+---+---+---+---+---+---+
| . | . | . | . | D | . | . | . | . | . |
+---+---+---+---+---+---+---+---+---+---+
| . | . | . | . | . | . | . | . | . | . |
+---+---+---+---+---+---+---+---+---+---+
| . | . | . | . | . | . | . | . | . | . |
+---+---+---+---+---+---+---+---+---+---+
| . | . | . | . | . | . | . | . | . | . |
+---+---+---+---+---+---+---+---+---+---+
| . | . | . | . | . | . | . | . | . | . |
+---+---+---+---+---+---+---+---+---+---+
| . | . | . | . | . | . | . | . | . | . |
+---+---+---+---+---+---+---+---+---+---+
| . | . | . | . | . | . | . | . | . | . |
+---+---+---+---+---+---+---+---+---+---+
| . | . | . | . | . | . | . | . | . | . |
+---+---+---+---+---+---+---+---+---+---+
| . | . | . | . | . | . | . | . | . | . |
+---+---+---+---+---+---+---+---+---+---+
| . | . | . | . | . | . | . | . | A | . |
+---+---+---+---+---+---+---+---+---+---+
agent's action is:  pick up key
Room 2 | has_key=0
+---+---+---+---+---+---+---+---+---+---+
| . | . | . | . | D | . | . | . | . | . |
+---+---+---+---+---+---+---+---+---+---+
| . | . | . | . | . | . | . | . | . | . |
+---+---+---+---+---+---+---+---+---+---+
| . | . | . | . | . | . | . | . | . | . |
+---+---+---+---+---+---+---+---+---+---+
| . | . | . | . | . | . | . | . | . | . |
+---+---+---+---+---+---+---+---+---+---+
| . | . | . | . | . | . | . | . | . | . |
+---+---+---+---+---+---+---+---+---+---+
| . | . | . | . | . | . | . | . | . | . |
+---+---+---+---+---+---+---+---+---+---+
| . | . | . | . | . | . | . | . | . | . |
+---+---+---+---+---+---+---+---+---+---+
| . | . | . | . | . | . | . | . | . | . |
+---+---+---+---+---+---+---+---+---+---+
| . | . | . | . | . | . | . | . | . | . |
+---+---+---+---+---+---+---+---+---+---+
| . | . | . | . | . | . | . | . | A | . |
+---+---+---+---+---+---+---+---+---+---+
agent's action is:  pick up key
Room 2 | has_key=0
+---+---+---+---+---+---+---+---+---+---+
| . | . | . | . | D | . | . | . | . | . |
+---+---+---+---+---+---+---+---+---+---+
| . | . | . | . | . | . | . | . | . | . |
+---+---+---+---+---+---+---+---+---+---+
| . | . | . | . | . | . | . | . | . | . |
+---+---+---+---+---+---+---+---+---+---+
| . | . | . | . | . | . | . | . | . | . |
+---+---+---+---+---+---+---+---+---+---+
| . | . | . | . | . | . | . | . | . | . |
+---+---+---+---+---+---+---+---+---+---+
| . | . | . | . | . | . | . | . | . | . |
+---+---+---+---+---+---+---+---+---+---+
| . | . | . | . | . | . | . | . | . | . |
+---+---+---+---+---+---+---+---+---+---+
| . | . | . | . | . | . | . | . | . | . |
+---+---+---+---+---+---+---+---+---+---+
| . | . | . | . | . | . | . | . | . | . |
+---+---+---+---+---+---+---+---+---+---+
| . | . | . | . | . | . | . | . | A | . |
+---+---+---+---+---+---+---+---+---+---+
agent's action is:  pick up key
Room 2 | has_key=0
+---+---+---+---+---+---+---+---+---+---+
| . | . | . | . | D | . | . | . | . | . |
+---+---+---+---+---+---+---+---+---+---+
| . | . | . | . | . | . | . | . | . | . |
+---+---+---+---+---+---+---+---+---+---+
| . | . | . | . | . | . | . | . | . | . |
+---+---+---+---+---+---+---+---+---+---+
| . | . | . | . | . | . | . | . | . | . |
+---+---+---+---+---+---+---+---+---+---+
| . | . | . | . | . | . | . | . | . | . |
+---+---+---+---+---+---+---+---+---+---+
| . | . | . | . | . | . | . | . | . | . |
+---+---+---+---+---+---+---+---+---+---+
| . | . | . | . | . | . | . | . | . | . |
+---+---+---+---+---+---+---+---+---+---+
| . | . | . | . | . | . | . | . | . | . |
+---+---+---+---+---+---+---+---+---+---+
| . | . | . | . | . | . | . | . | . | . |
+---+---+---+---+---+---+---+---+---+---+
| . | . | . | . | . | . | . | . | A | . |
+---+---+---+---+---+---+---+---+---+---+
agent's action is:  pick up key
Room 2 | has_key=0
+---+---+---+---+---+---+---+---+---+---+
| . | . | . | . | D | . | . | . | . | . |
+---+---+---+---+---+---+---+---+---+---+
| . | . | . | . | . | . | . | . | . | . |
+---+---+---+---+---+---+---+---+---+---+
| . | . | . | . | . | . | . | . | . | . |
+---+---+---+---+---+---+---+---+---+---+
| . | . | . | . | . | . | . | . | . | . |
+---+---+---+---+---+---+---+---+---+---+
| . | . | . | . | . | . | . | . | . | . |
+---+---+---+---+---+---+---+---+---+---+
| . | . | . | . | . | . | . | . | . | . |
+---+---+---+---+---+---+---+---+---+---+
| . | . | . | . | . | . | . | . | . | . |
+---+---+---+---+---+---+---+---+---+---+
| . | . | . | . | . | . | . | . | . | . |
+---+---+---+---+---+---+---+---+---+---+
| . | . | . | . | . | . | . | . | . | . |
+---+---+---+---+---+---+---+---+---+---+
| . | . | . | . | . | . | . | . | A | . |
+---+---+---+---+---+---+---+---+---+---+
agent's action is:  pick up key
Room 2 | has_key=0
+---+---+---+---+---+---+---+---+---+---+
| . | . | . | . | D | . | . | . | . | . |
+---+---+---+---+---+---+---+---+---+---+
| . | . | . | . | . | . | . | . | . | . |
+---+---+---+---+---+---+---+---+---+---+
| . | . | . | . | . | . | . | . | . | . |
+---+---+---+---+---+---+---+---+---+---+
| . | . | . | . | . | . | . | . | . | . |
+---+---+---+---+---+---+---+---+---+---+
| . | . | . | . | . | . | . | . | . | . |
+---+---+---+---+---+---+---+---+---+---+
| . | . | . | . | . | . | . | . | . | . |
+---+---+---+---+---+---+---+---+---+---+
| . | . | . | . | . | . | . | . | . | . |
+---+---+---+---+---+---+---+---+---+---+
| . | . | . | . | . | . | . | . | . | . |
+---+---+---+---+---+---+---+---+---+---+
| . | . | . | . | . | . | . | . | . | . |
+---+---+---+---+---+---+---+---+---+---+
| . | . | . | . | . | . | . | . | A | . |
+---+---+---+---+---+---+---+---+---+---+
agent's action is:  pick up key
Room 2 | has_key=0
+---+---+---+---+---+---+---+---+---+---+
| . | . | . | . | D | . | . | . | . | . |
+---+---+---+---+---+---+---+---+---+---+
| . | . | . | . | . | . | . | . | . | . |
+---+---+---+---+---+---+---+---+---+---+
| . | . | . | . | . | . | . | . | . | . |
+---+---+---+---+---+---+---+---+---+---+
| . | . | . | . | . | . | . | . | . | . |
+---+---+---+---+---+---+---+---+---+---+
| . | . | . | . | . | . | . | . | . | . |
+---+---+---+---+---+---+---+---+---+---+
| . | . | . | . | . | . | . | . | . | . |
+---+---+---+---+---+---+---+---+---+---+
| . | . | . | . | . | . | . | . | . | . |
+---+---+---+---+---+---+---+---+---+---+
| . | . | . | . | . | . | . | . | . | . |
+---+---+---+---+---+---+---+---+---+---+
| . | . | . | . | . | . | . | . | . | . |
+---+---+---+---+---+---+---+---+---+---+
| . | . | . | . | . | . | . | . | A | . |
+---+---+---+---+---+---+---+---+---+---+
agent's action is:  pick up key
Room 2 | has_key=0
+---+---+---+---+---+---+---+---+---+---+
| . | . | . | . | D | . | . | . | . | . |
+---+---+---+---+---+---+---+---+---+---+
| . | . | . | . | . | . | . | . | . | . |
+---+---+---+---+---+---+---+---+---+---+
| . | . | . | . | . | . | . | . | . | . |
+---+---+---+---+---+---+---+---+---+---+
| . | . | . | . | . | . | . | . | . | . |
+---+---+---+---+---+---+---+---+---+---+
| . | . | . | . | . | . | . | . | . | . |
+---+---+---+---+---+---+---+---+---+---+
| . | . | . | . | . | . | . | . | . | . |
+---+---+---+---+---+---+---+---+---+---+
| . | . | . | . | . | . | . | . | . | . |
+---+---+---+---+---+---+---+---+---+---+
| . | . | . | . | . | . | . | . | . | . |
+---+---+---+---+---+---+---+---+---+---+
| . | . | . | . | . | . | . | . | . | . |
+---+---+---+---+---+---+---+---+---+---+
| . | . | . | . | . | . | . | . | A | . |
+---+---+---+---+---+---+---+---+---+---+
agent's action is:  pick up key
Room 2 | has_key=0
+---+---+---+---+---+---+---+---+---+---+
| . | . | . | . | D | . | . | . | . | . |
+---+---+---+---+---+---+---+---+---+---+
| . | . | . | . | . | . | . | . | . | . |
+---+---+---+---+---+---+---+---+---+---+
| . | . | . | . | . | . | . | . | . | . |
+---+---+---+---+---+---+---+---+---+---+
| . | . | . | . | . | . | . | . | . | . |
+---+---+---+---+---+---+---+---+---+---+
| . | . | . | . | . | . | . | . | . | . |
+---+---+---+---+---+---+---+---+---+---+
| . | . | . | . | . | . | . | . | . | . |
+---+---+---+---+---+---+---+---+---+---+
| . | . | . | . | . | . | . | . | . | . |
+---+---+---+---+---+---+---+---+---+---+
| . | . | . | . | . | . | . | . | . | . |
+---+---+---+---+---+---+---+---+---+---+
| . | . | . | . | . | . | . | . | . | . |
+---+---+---+---+---+---+---+---+---+---+
| . | . | . | . | . | . | . | . | A | . |
+---+---+---+---+---+---+---+---+---+---+
agent's action is:  pick up key
Room 2 | has_key=0
+---+---+---+---+---+---+---+---+---+---+
| . | . | . | . | D | . | . | . | . | . |
+---+---+---+---+---+---+---+---+---+---+
| . | . | . | . | . | . | . | . | . | . |
+---+---+---+---+---+---+---+---+---+---+
| . | . | . | . | . | . | . | . | . | . |
+---+---+---+---+---+---+---+---+---+---+
| . | . | . | . | . | . | . | . | . | . |
+---+---+---+---+---+---+---+---+---+---+
| . | . | . | . | . | . | . | . | . | . |
+---+---+---+---+---+---+---+---+---+---+
| . | . | . | . | . | . | . | . | . | . |
+---+---+---+---+---+---+---+---+---+---+
| . | . | . | . | . | . | . | . | . | . |
+---+---+---+---+---+---+---+---+---+---+
| . | . | . | . | . | . | . | . | . | . |
+---+---+---+---+---+---+---+---+---+---+
| . | . | . | . | . | . | . | . | . | . |
+---+---+---+---+---+---+---+---+---+---+
| . | . | . | . | . | . | . | . | A | . |
+---+---+---+---+---+---+---+---+---+---+
agent's action is:  pick up key
Room 2 | has_key=0
+---+---+---+---+---+---+---+---+---+---+
| . | . | . | . | D | . | . | . | . | . |
+---+---+---+---+---+---+---+---+---+---+
| . | . | . | . | . | . | . | . | . | . |
+---+---+---+---+---+---+---+---+---+---+
| . | . | . | . | . | . | . | . | . | . |
+---+---+---+---+---+---+---+---+---+---+
| . | . | . | . | . | . | . | . | . | . |
+---+---+---+---+---+---+---+---+---+---+
| . | . | . | . | . | . | . | . | . | . |
+---+---+---+---+---+---+---+---+---+---+
| . | . | . | . | . | . | . | . | . | . |
+---+---+---+---+---+---+---+---+---+---+
| . | . | . | . | . | . | . | . | . | . |
+---+---+---+---+---+---+---+---+---+---+
| . | . | . | . | . | . | . | . | . | . |
+---+---+---+---+---+---+---+---+---+---+
| . | . | . | . | . | . | . | . | . | . |
+---+---+---+---+---+---+---+---+---+---+
| . | . | . | . | . | . | . | . | A | . |
+---+---+---+---+---+---+---+---+---+---+
agent's action is:  pick up key
Room 2 | has_key=0
+---+---+---+---+---+---+---+---+---+---+
| . | . | . | . | D | . | . | . | . | . |
+---+---+---+---+---+---+---+---+---+---+
| . | . | . | . | . | . | . | . | . | . |
+---+---+---+---+---+---+---+---+---+---+
| . | . | . | . | . | . | . | . | . | . |
+---+---+---+---+---+---+---+---+---+---+
| . | . | . | . | . | . | . | . | . | . |
+---+---+---+---+---+---+---+---+---+---+
| . | . | . | . | . | . | . | . | . | . |
+---+---+---+---+---+---+---+---+---+---+
| . | . | . | . | . | . | . | . | . | . |
+---+---+---+---+---+---+---+---+---+---+
| . | . | . | . | . | . | . | . | . | . |
+---+---+---+---+---+---+---+---+---+---+
| . | . | . | . | . | . | . | . | . | . |
+---+---+---+---+---+---+---+---+---+---+
| . | . | . | . | . | . | . | . | . | . |
+---+---+---+---+---+---+---+---+---+---+
| . | . | . | . | . | . | . | . | A | . |
+---+---+---+---+---+---+---+---+---+---+
agent's action is:  pick up key
2026-02-07 20:01:26,405 - INFO - DT agent's cumulative_reward: -0.6000000000000003

All evaluations completed successfully!
