Activating virtual environment: /home/eyal.amdur/K2D/.venv
Starting Generalization Experiment Pipeline...
Job ID: 68054080
Project Root: /home/eyal.amdur/K2D

=== Generate Generalization Datasets ===
Generating ground truth 5 (normalized)...
[2m2026-01-31 17:05.45[0m [[32m[1minfo     [0m] [1mSignatures have been automatically determined.[0m [36maction_signature[0m=[35mSignature(dtype=[dtype('int64')], shape=[(1,)])[0m [36mobservation_signature[0m=[35mSignature(dtype=[dtype('float32')], shape=[(6,)])[0m [36mreward_signature[0m=[35mSignature(dtype=[dtype('float64')], shape=[(1,)])[0m
[2m2026-01-31 17:05.45[0m [[32m[1minfo     [0m] [1mAction-space has been automatically determined.[0m [36maction_space[0m=[35m<ActionSpace.DISCRETE: 2>[0m
[2m2026-01-31 17:05.45[0m [[32m[1minfo     [0m] [1mAction size has been automatically determined.[0m [36maction_size[0m=[35m5[0m
Saved 1000 normalized trajectories to /home/eyal.amdur/K2D/results/data/ground_truth_5_norm.h5
Generating ground truth 7 (normalized)...
[2m2026-01-31 17:05.46[0m [[32m[1minfo     [0m] [1mSignatures have been automatically determined.[0m [36maction_signature[0m=[35mSignature(dtype=[dtype('int64')], shape=[(1,)])[0m [36mobservation_signature[0m=[35mSignature(dtype=[dtype('float32')], shape=[(6,)])[0m [36mreward_signature[0m=[35mSignature(dtype=[dtype('float64')], shape=[(1,)])[0m
[2m2026-01-31 17:05.46[0m [[32m[1minfo     [0m] [1mAction-space has been automatically determined.[0m [36maction_space[0m=[35m<ActionSpace.DISCRETE: 2>[0m
[2m2026-01-31 17:05.46[0m [[32m[1minfo     [0m] [1mAction size has been automatically determined.[0m [36maction_size[0m=[35m5[0m
Saved 1000 normalized trajectories to /home/eyal.amdur/K2D/results/data/ground_truth_7_norm.h5
Concatenating normalized ground_truth_5 and ground_truth_7...
[2m2026-01-31 17:05.48[0m [[32m[1minfo     [0m] [1mSignatures have been automatically determined.[0m [36maction_signature[0m=[35mSignature(dtype=[dtype('int64')], shape=[(1,)])[0m [36mobservation_signature[0m=[35mSignature(dtype=[dtype('float32')], shape=[(6,)])[0m [36mreward_signature[0m=[35mSignature(dtype=[dtype('float64')], shape=[(1,)])[0m
[2m2026-01-31 17:05.48[0m [[32m[1minfo     [0m] [1mAction-space has been automatically determined.[0m [36maction_space[0m=[35m<ActionSpace.DISCRETE: 2>[0m
[2m2026-01-31 17:05.48[0m [[32m[1minfo     [0m] [1mAction size has been automatically determined.[0m [36maction_size[0m=[35m5[0m
Saved combined normalized dataset to /home/eyal.amdur/K2D/results/data/ground_truth_5_7_norm.h5

=== Decision Transformers Training ===

--- Training DT on ground_truth_5_norm ---
[2m2026-01-31 17:05.49[0m [[32m[1minfo     [0m] [1mSignatures have been automatically determined.[0m [36maction_signature[0m=[35mSignature(dtype=[dtype('int64')], shape=[(1,)])[0m [36mobservation_signature[0m=[35mSignature(dtype=[dtype('float32')], shape=[(6,)])[0m [36mreward_signature[0m=[35mSignature(dtype=[dtype('float64')], shape=[(1,)])[0m
[2m2026-01-31 17:05.49[0m [[32m[1minfo     [0m] [1mAction-space has been automatically determined.[0m [36maction_space[0m=[35m<ActionSpace.DISCRETE: 2>[0m
[2m2026-01-31 17:05.49[0m [[32m[1minfo     [0m] [1mAction size has been automatically determined.[0m [36maction_size[0m=[35m5[0m
[2m2026-01-31 17:05.49[0m [[32m[1minfo     [0m] [1mdataset info                  [0m [36mdataset_info[0m=[35mDatasetInfo(observation_signature=Signature(dtype=[dtype('float32')], shape=[(6,)]), action_signature=Signature(dtype=[dtype('int64')], shape=[(1,)]), reward_signature=Signature(dtype=[dtype('float64')], shape=[(1,)]), action_space=<ActionSpace.DISCRETE: 2>, action_size=5)[0m
[2m2026-01-31 17:05.49[0m [[32m[1mdebug    [0m] [1mBuilding models...            [0m
[2m2026-01-31 17:05.49[0m [[32m[1mdebug    [0m] [1mModels have been built.       [0m
[2m2026-01-31 17:05.49[0m [[32m[1minfo     [0m] [1mDirectory is created at logs/generalization/dt_ground_truth_5_norm/DiscreteDecisionTransformer_20260131170549[0m
[2m2026-01-31 17:05.49[0m [[32m[1minfo     [0m] [1mParameters                    [0m [36mparams[0m=[35m{'observation_shape': [6], 'action_size': 5, 'config': {'type': 'discrete_decision_transformer', 'params': {'batch_size': 64, 'gamma': 0.99, 'observation_scaler': {'type': 'none', 'params': {}}, 'action_scaler': {'type': 'none', 'params': {}}, 'reward_scaler': {'type': 'none', 'params': {}}, 'compile_graph': False, 'context_size': 10, 'max_timestep': 1000, 'learning_rate': 0.0001, 'encoder_factory': {'type': 'default', 'params': {'activation': 'relu', 'use_batch_norm': False, 'dropout_rate': None}}, 'optim_factory': {'type': 'adam', 'params': {'clip_grad_norm': None, 'lr_scheduler_factory': {'type': 'none', 'params': {}}, 'betas': [0.9, 0.999], 'eps': 1e-08, 'weight_decay': 0, 'amsgrad': False}}, 'num_heads': 8, 'num_layers': 6, 'attn_dropout': 0.1, 'resid_dropout': 0.1, 'embed_dropout': 0.1, 'activation_type': 'gelu', 'embed_activation_type': 'tanh', 'position_encoding_type': <PositionEncodingType.GLOBAL: 'global'>, 'warmup_tokens': 10240, 'final_tokens': 30000000}}}[0m
[2m2026-01-31 17:07.26[0m [[32m[1minfo     [0m] [1mDiscreteDecisionTransformer_20260131170549: epoch=1 step=100[0m [36mepoch[0m=[35m1[0m [36mmetrics[0m=[35m{'time_sample_batch': 0.003092453479766846, 'time_algorithm_update': 0.9603968381881713, 'loss': 0.16889261167496442, 'learning_rate': 9.096304297627033e-05, 'time_step': 0.9635756134986877}[0m [36mstep[0m=[35m100[0m
[2m2026-01-31 17:07.27[0m [[32m[1minfo     [0m] [1mModel parameters are saved to logs/generalization/dt_ground_truth_5_norm/DiscreteDecisionTransformer_20260131170549/model_100.d3[0m
[2m2026-01-31 17:09.03[0m [[32m[1minfo     [0m] [1mDiscreteDecisionTransformer_20260131170549: epoch=2 step=200[0m [36mepoch[0m=[35m2[0m [36mmetrics[0m=[35m{'time_sample_batch': 0.002948412895202637, 'time_algorithm_update': 0.9575069475173951, 'loss': 0.01606093382462859, 'learning_rate': 9.999858828967647e-05, 'time_step': 0.9605335736274719}[0m [36mstep[0m=[35m200[0m
[2m2026-01-31 17:09.03[0m [[32m[1minfo     [0m] [1mModel parameters are saved to logs/generalization/dt_ground_truth_5_norm/DiscreteDecisionTransformer_20260131170549/model_200.d3[0m
[2m2026-01-31 17:10.40[0m [[32m[1minfo     [0m] [1mDiscreteDecisionTransformer_20260131170549: epoch=3 step=300[0m [36mepoch[0m=[35m3[0m [36mmetrics[0m=[35m{'time_sample_batch': 0.002930753231048584, 'time_algorithm_update': 0.9627736067771911, 'loss': 0.00642718423390761, 'learning_rate': 9.999579692616763e-05, 'time_step': 0.9657847189903259}[0m [36mstep[0m=[35m300[0m
[2m2026-01-31 17:10.40[0m [[32m[1minfo     [0m] [1mModel parameters are saved to logs/generalization/dt_ground_truth_5_norm/DiscreteDecisionTransformer_20260131170549/model_300.d3[0m
[2m2026-01-31 17:12.16[0m [[32m[1minfo     [0m] [1mDiscreteDecisionTransformer_20260131170549: epoch=4 step=400[0m [36mepoch[0m=[35m4[0m [36mmetrics[0m=[35m{'time_sample_batch': 0.0029230451583862303, 'time_algorithm_update': 0.9574669575691224, 'loss': 0.004041550401598215, 'learning_rate': 9.999146473558661e-05, 'time_step': 0.9604692602157593}[0m [36mstep[0m=[35m400[0m
[2m2026-01-31 17:12.17[0m [[32m[1minfo     [0m] [1mModel parameters are saved to logs/generalization/dt_ground_truth_5_norm/DiscreteDecisionTransformer_20260131170549/model_400.d3[0m
[2m2026-01-31 17:13.50[0m [[32m[1minfo     [0m] [1mDiscreteDecisionTransformer_20260131170549: epoch=5 step=500[0m [36mepoch[0m=[35m5[0m [36mmetrics[0m=[35m{'time_sample_batch': 0.002905867099761963, 'time_algorithm_update': 0.928844063282013, 'loss': 0.004113342221826315, 'learning_rate': 9.998559977329024e-05, 'time_step': 0.931829731464386}[0m [36mstep[0m=[35m500[0m
[2m2026-01-31 17:13.50[0m [[32m[1minfo     [0m] [1mModel parameters are saved to logs/generalization/dt_ground_truth_5_norm/DiscreteDecisionTransformer_20260131170549/model_500.d3[0m
[2m2026-01-31 17:15.24[0m [[32m[1minfo     [0m] [1mDiscreteDecisionTransformer_20260131170549: epoch=6 step=600[0m [36mepoch[0m=[35m6[0m [36mmetrics[0m=[35m{'time_sample_batch': 0.0029348492622375487, 'time_algorithm_update': 0.9287613677978516, 'loss': 0.0016149750153999776, 'learning_rate': 9.997817437507819e-05, 'time_step': 0.9317745876312256}[0m [36mstep[0m=[35m600[0m
[2m2026-01-31 17:15.24[0m [[32m[1minfo     [0m] [1mModel parameters are saved to logs/generalization/dt_ground_truth_5_norm/DiscreteDecisionTransformer_20260131170549/model_600.d3[0m
[2m2026-01-31 17:16.58[0m [[32m[1minfo     [0m] [1mDiscreteDecisionTransformer_20260131170549: epoch=7 step=700[0m [36mepoch[0m=[35m7[0m [36mmetrics[0m=[35m{'time_sample_batch': 0.0029561161994934083, 'time_algorithm_update': 0.9314770007133484, 'loss': 0.002130846027866937, 'learning_rate': 9.996918098445834e-05, 'time_step': 0.9345137429237366}[0m [36mstep[0m=[35m700[0m
[2m2026-01-31 17:16.58[0m [[32m[1minfo     [0m] [1mModel parameters are saved to logs/generalization/dt_ground_truth_5_norm/DiscreteDecisionTransformer_20260131170549/model_700.d3[0m
[2m2026-01-31 17:18.32[0m [[32m[1minfo     [0m] [1mDiscreteDecisionTransformer_20260131170549: epoch=8 step=800[0m [36mepoch[0m=[35m8[0m [36mmetrics[0m=[35m{'time_sample_batch': 0.002925379276275635, 'time_algorithm_update': 0.9337475299835205, 'loss': 0.0015206268458859994, 'learning_rate': 9.995869519787477e-05, 'time_step': 0.9367528176307678}[0m [36mstep[0m=[35m800[0m
[2m2026-01-31 17:18.32[0m [[32m[1minfo     [0m] [1mModel parameters are saved to logs/generalization/dt_ground_truth_5_norm/DiscreteDecisionTransformer_20260131170549/model_800.d3[0m
[2m2026-01-31 17:20.05[0m [[32m[1minfo     [0m] [1mDiscreteDecisionTransformer_20260131170549: epoch=9 step=900[0m [36mepoch[0m=[35m9[0m [36mmetrics[0m=[35m{'time_sample_batch': 0.0029529023170471193, 'time_algorithm_update': 0.929414975643158, 'loss': 0.0016724174108821899, 'learning_rate': 9.994664059203384e-05, 'time_step': 0.9324473214149475}[0m [36mstep[0m=[35m900[0m
[2m2026-01-31 17:20.06[0m [[32m[1minfo     [0m] [1mModel parameters are saved to logs/generalization/dt_ground_truth_5_norm/DiscreteDecisionTransformer_20260131170549/model_900.d3[0m
[2m2026-01-31 17:21.40[0m [[32m[1minfo     [0m] [1mDiscreteDecisionTransformer_20260131170549: epoch=10 step=1000[0m [36mepoch[0m=[35m10[0m [36mmetrics[0m=[35m{'time_sample_batch': 0.0029080390930175783, 'time_algorithm_update': 0.9333423304557801, 'loss': 0.000871631343034096, 'learning_rate': 9.993310311886938e-05, 'time_step': 0.9363285088539124}[0m [36mstep[0m=[35m1000[0m
[2m2026-01-31 17:21.40[0m [[32m[1minfo     [0m] [1mModel parameters are saved to logs/generalization/dt_ground_truth_5_norm/DiscreteDecisionTransformer_20260131170549/model_1000.d3[0m
DT Model saved to: /home/eyal.amdur/K2D/results/models/DT/generalization/dt_model_ground_truth_5_norm.d3

--- Training DT on ground_truth_5_7_norm ---
[2m2026-01-31 17:21.42[0m [[32m[1minfo     [0m] [1mSignatures have been automatically determined.[0m [36maction_signature[0m=[35mSignature(dtype=[dtype('int64')], shape=[(1,)])[0m [36mobservation_signature[0m=[35mSignature(dtype=[dtype('float32')], shape=[(6,)])[0m [36mreward_signature[0m=[35mSignature(dtype=[dtype('float64')], shape=[(1,)])[0m
[2m2026-01-31 17:21.42[0m [[32m[1minfo     [0m] [1mAction-space has been automatically determined.[0m [36maction_space[0m=[35m<ActionSpace.DISCRETE: 2>[0m
[2m2026-01-31 17:21.42[0m [[32m[1minfo     [0m] [1mAction size has been automatically determined.[0m [36maction_size[0m=[35m5[0m
[2m2026-01-31 17:21.42[0m [[32m[1minfo     [0m] [1mdataset info                  [0m [36mdataset_info[0m=[35mDatasetInfo(observation_signature=Signature(dtype=[dtype('float32')], shape=[(6,)]), action_signature=Signature(dtype=[dtype('int64')], shape=[(1,)]), reward_signature=Signature(dtype=[dtype('float64')], shape=[(1,)]), action_space=<ActionSpace.DISCRETE: 2>, action_size=5)[0m
[2m2026-01-31 17:21.42[0m [[32m[1mdebug    [0m] [1mBuilding models...            [0m
[2m2026-01-31 17:21.42[0m [[32m[1mdebug    [0m] [1mModels have been built.       [0m
[2m2026-01-31 17:21.42[0m [[32m[1minfo     [0m] [1mDirectory is created at logs/generalization/dt_ground_truth_5_7_norm/DiscreteDecisionTransformer_20260131172142[0m
[2m2026-01-31 17:21.42[0m [[32m[1minfo     [0m] [1mParameters                    [0m [36mparams[0m=[35m{'observation_shape': [6], 'action_size': 5, 'config': {'type': 'discrete_decision_transformer', 'params': {'batch_size': 64, 'gamma': 0.99, 'observation_scaler': {'type': 'none', 'params': {}}, 'action_scaler': {'type': 'none', 'params': {}}, 'reward_scaler': {'type': 'none', 'params': {}}, 'compile_graph': False, 'context_size': 10, 'max_timestep': 1000, 'learning_rate': 0.0001, 'encoder_factory': {'type': 'default', 'params': {'activation': 'relu', 'use_batch_norm': False, 'dropout_rate': None}}, 'optim_factory': {'type': 'adam', 'params': {'clip_grad_norm': None, 'lr_scheduler_factory': {'type': 'none', 'params': {}}, 'betas': [0.9, 0.999], 'eps': 1e-08, 'weight_decay': 0, 'amsgrad': False}}, 'num_heads': 8, 'num_layers': 6, 'attn_dropout': 0.1, 'resid_dropout': 0.1, 'embed_dropout': 0.1, 'activation_type': 'gelu', 'embed_activation_type': 'tanh', 'position_encoding_type': <PositionEncodingType.GLOBAL: 'global'>, 'warmup_tokens': 10240, 'final_tokens': 30000000}}}[0m
[2m2026-01-31 17:23.15[0m [[32m[1minfo     [0m] [1mDiscreteDecisionTransformer_20260131172142: epoch=1 step=100[0m [36mepoch[0m=[35m1[0m [36mmetrics[0m=[35m{'time_sample_batch': 0.0029230761528015138, 'time_algorithm_update': 0.9301676344871521, 'loss': 0.19641030710190535, 'learning_rate': 9.097485012266943e-05, 'time_step': 0.9331685256958008}[0m [36mstep[0m=[35m100[0m
[2m2026-01-31 17:23.16[0m [[32m[1minfo     [0m] [1mModel parameters are saved to logs/generalization/dt_ground_truth_5_7_norm/DiscreteDecisionTransformer_20260131172142/model_100.d3[0m
[2m2026-01-31 17:24.50[0m [[32m[1minfo     [0m] [1mDiscreteDecisionTransformer_20260131172142: epoch=2 step=200[0m [36mepoch[0m=[35m2[0m [36mmetrics[0m=[35m{'time_sample_batch': 0.0029382753372192384, 'time_algorithm_update': 0.931399519443512, 'loss': 0.028455482991412283, 'learning_rate': 9.999850838098495e-05, 'time_step': 0.93441330909729}[0m [36mstep[0m=[35m200[0m
[2m2026-01-31 17:24.50[0m [[32m[1minfo     [0m] [1mModel parameters are saved to logs/generalization/dt_ground_truth_5_7_norm/DiscreteDecisionTransformer_20260131172142/model_200.d3[0m
[2m2026-01-31 17:26.24[0m [[32m[1minfo     [0m] [1mDiscreteDecisionTransformer_20260131172142: epoch=3 step=300[0m [36mepoch[0m=[35m3[0m [36mmetrics[0m=[35m{'time_sample_batch': 0.0029390740394592287, 'time_algorithm_update': 0.9333306884765625, 'loss': 0.010952637046575547, 'learning_rate': 9.999553265916438e-05, 'time_step': 0.9363443374633789}[0m [36mstep[0m=[35m300[0m
[2m2026-01-31 17:26.24[0m [[32m[1minfo     [0m] [1mModel parameters are saved to logs/generalization/dt_ground_truth_5_7_norm/DiscreteDecisionTransformer_20260131172142/model_300.d3[0m
[2m2026-01-31 17:27.57[0m [[32m[1minfo     [0m] [1mDiscreteDecisionTransformer_20260131172142: epoch=4 step=400[0m [36mepoch[0m=[35m4[0m [36mmetrics[0m=[35m{'time_sample_batch': 0.0029593944549560548, 'time_algorithm_update': 0.9263968706130982, 'loss': 0.0065122046112082894, 'learning_rate': 9.999089329012648e-05, 'time_step': 0.9294337558746338}[0m [36mstep[0m=[35m400[0m
[2m2026-01-31 17:27.58[0m [[32m[1minfo     [0m] [1mModel parameters are saved to logs/generalization/dt_ground_truth_5_7_norm/DiscreteDecisionTransformer_20260131172142/model_400.d3[0m
[2m2026-01-31 17:29.30[0m [[32m[1minfo     [0m] [1mDiscreteDecisionTransformer_20260131172142: epoch=5 step=500[0m [36mepoch[0m=[35m5[0m [36mmetrics[0m=[35m{'time_sample_batch': 0.0029518771171569824, 'time_algorithm_update': 0.9240632152557373, 'loss': 0.005153919331496582, 'learning_rate': 9.99846209957296e-05, 'time_step': 0.9270916056632995}[0m [36mstep[0m=[35m500[0m
[2m2026-01-31 17:29.31[0m [[32m[1minfo     [0m] [1mModel parameters are saved to logs/generalization/dt_ground_truth_5_7_norm/DiscreteDecisionTransformer_20260131172142/model_500.d3[0m
[2m2026-01-31 17:31.04[0m [[32m[1minfo     [0m] [1mDiscreteDecisionTransformer_20260131172142: epoch=6 step=600[0m [36mepoch[0m=[35m6[0m [36mmetrics[0m=[35m{'time_sample_batch': 0.0029416489601135254, 'time_algorithm_update': 0.9253676271438599, 'loss': 0.005159396411618218, 'learning_rate': 9.997668614212884e-05, 'time_step': 0.9283869910240173}[0m [36mstep[0m=[35m600[0m
[2m2026-01-31 17:31.04[0m [[32m[1minfo     [0m] [1mModel parameters are saved to logs/generalization/dt_ground_truth_5_7_norm/DiscreteDecisionTransformer_20260131172142/model_600.d3[0m
[2m2026-01-31 17:32.37[0m [[32m[1minfo     [0m] [1mDiscreteDecisionTransformer_20260131172142: epoch=7 step=700[0m [36mepoch[0m=[35m7[0m [36mmetrics[0m=[35m{'time_sample_batch': 0.0029543256759643555, 'time_algorithm_update': 0.9253470015525818, 'loss': 0.003156741284765303, 'learning_rate': 9.996715778943762e-05, 'time_step': 0.9283799862861634}[0m [36mstep[0m=[35m700[0m
[2m2026-01-31 17:32.38[0m [[32m[1minfo     [0m] [1mModel parameters are saved to logs/generalization/dt_ground_truth_5_7_norm/DiscreteDecisionTransformer_20260131172142/model_700.d3[0m
[2m2026-01-31 17:34.10[0m [[32m[1minfo     [0m] [1mDiscreteDecisionTransformer_20260131172142: epoch=8 step=800[0m [36mepoch[0m=[35m8[0m [36mmetrics[0m=[35m{'time_sample_batch': 0.0029375505447387694, 'time_algorithm_update': 0.9248523354530335, 'loss': 0.001714721415191889, 'learning_rate': 9.995597661145491e-05, 'time_step': 0.9278683471679687}[0m [36mstep[0m=[35m800[0m
[2m2026-01-31 17:34.11[0m [[32m[1minfo     [0m] [1mModel parameters are saved to logs/generalization/dt_ground_truth_5_7_norm/DiscreteDecisionTransformer_20260131172142/model_800.d3[0m
[2m2026-01-31 17:35.44[0m [[32m[1minfo     [0m] [1mDiscreteDecisionTransformer_20260131172142: epoch=9 step=900[0m [36mepoch[0m=[35m9[0m [36mmetrics[0m=[35m{'time_sample_batch': 0.002939810752868652, 'time_algorithm_update': 0.9275411391258239, 'loss': 0.002303988471976481, 'learning_rate': 9.99431107029589e-05, 'time_step': 0.9305590033531189}[0m [36mstep[0m=[35m900[0m
[2m2026-01-31 17:35.44[0m [[32m[1minfo     [0m] [1mModel parameters are saved to logs/generalization/dt_ground_truth_5_7_norm/DiscreteDecisionTransformer_20260131172142/model_900.d3[0m
[2m2026-01-31 17:37.18[0m [[32m[1minfo     [0m] [1mDiscreteDecisionTransformer_20260131172142: epoch=10 step=1000[0m [36mepoch[0m=[35m10[0m [36mmetrics[0m=[35m{'time_sample_batch': 0.002973184585571289, 'time_algorithm_update': 0.9300569462776184, 'loss': 0.0017990685277618468, 'learning_rate': 9.992860182535063e-05, 'time_step': 0.9331084012985229}[0m [36mstep[0m=[35m1000[0m
[2m2026-01-31 17:37.18[0m [[32m[1minfo     [0m] [1mModel parameters are saved to logs/generalization/dt_ground_truth_5_7_norm/DiscreteDecisionTransformer_20260131172142/model_1000.d3[0m
DT Model saved to: /home/eyal.amdur/K2D/results/models/DT/generalization/dt_model_ground_truth_5_7_norm.d3

=== Evaluation (testing on size 10 - generalization test) ===

Evaluating dt_ground_truth_5_norm on size 10 (generalization)...
Room 0 | has_key=0
+---+---+---+---+---+---+---+---+---+---+
| . | . | . | . | . | . | . | . | . | . |
+---+---+---+---+---+---+---+---+---+---+
| . | . | . | . | . | . | . | . | . | . |
+---+---+---+---+---+---+---+---+---+---+
| . | . | . | . | . | . | . | . | . | . |
+---+---+---+---+---+---+---+---+---+---+
| . | . | . | . | . | . | . | . | . | . |
+---+---+---+---+---+---+---+---+---+---+
| . | . | . | . | . | . | . | . | . | . |
+---+---+---+---+---+---+---+---+---+---+
| . | . | . | . | . | . | . | . | . | . |
+---+---+---+---+---+---+---+---+---+---+
| . | . | . | . | . | K | . | . | . | . |
+---+---+---+---+---+---+---+---+---+---+
| . | . | . | . | . | . | . | . | . | . |
+---+---+---+---+---+---+---+---+---+---+
| . | . | . | . | . | . | . | . | . | . |
+---+---+---+---+---+---+---+---+---+---+
| A | . | . | . | . | . | . | . | . | . |
+---+---+---+---+---+---+---+---+---+---+
agent's action is:  up
Room 0 | has_key=0
+---+---+---+---+---+---+---+---+---+---+
| . | . | . | . | . | . | . | . | . | . |
+---+---+---+---+---+---+---+---+---+---+
| . | . | . | . | . | . | . | . | . | . |
+---+---+---+---+---+---+---+---+---+---+
| . | . | . | . | . | . | . | . | . | . |
+---+---+---+---+---+---+---+---+---+---+
| . | . | . | . | . | . | . | . | . | . |
+---+---+---+---+---+---+---+---+---+---+
| . | . | . | . | . | . | . | . | . | . |
+---+---+---+---+---+---+---+---+---+---+
| . | . | . | . | . | . | . | . | . | . |
+---+---+---+---+---+---+---+---+---+---+
| . | . | . | . | . | K | . | . | . | . |
+---+---+---+---+---+---+---+---+---+---+
| . | . | . | . | . | . | . | . | . | . |
+---+---+---+---+---+---+---+---+---+---+
| A | . | . | . | . | . | . | . | . | . |
+---+---+---+---+---+---+---+---+---+---+
| . | . | . | . | . | . | . | . | . | . |
+---+---+---+---+---+---+---+---+---+---+
agent's action is:  up
Room 0 | has_key=0
+---+---+---+---+---+---+---+---+---+---+
| . | . | . | . | . | . | . | . | . | . |
+---+---+---+---+---+---+---+---+---+---+
| . | . | . | . | . | . | . | . | . | . |
+---+---+---+---+---+---+---+---+---+---+
| . | . | . | . | . | . | . | . | . | . |
+---+---+---+---+---+---+---+---+---+---+
| . | . | . | . | . | . | . | . | . | . |
+---+---+---+---+---+---+---+---+---+---+
| . | . | . | . | . | . | . | . | . | . |
+---+---+---+---+---+---+---+---+---+---+
| . | . | . | . | . | . | . | . | . | . |
+---+---+---+---+---+---+---+---+---+---+
| . | . | . | . | . | K | . | . | . | . |
+---+---+---+---+---+---+---+---+---+---+
| A | . | . | . | . | . | . | . | . | . |
+---+---+---+---+---+---+---+---+---+---+
| . | . | . | . | . | . | . | . | . | . |
+---+---+---+---+---+---+---+---+---+---+
| . | . | . | . | . | . | . | . | . | . |
+---+---+---+---+---+---+---+---+---+---+
agent's action is:  right
Room 0 | has_key=0
+---+---+---+---+---+---+---+---+---+---+
| . | . | . | . | . | . | . | . | . | . |
+---+---+---+---+---+---+---+---+---+---+
| . | . | . | . | . | . | . | . | . | . |
+---+---+---+---+---+---+---+---+---+---+
| . | . | . | . | . | . | . | . | . | . |
+---+---+---+---+---+---+---+---+---+---+
| . | . | . | . | . | . | . | . | . | . |
+---+---+---+---+---+---+---+---+---+---+
| . | . | . | . | . | . | . | . | . | . |
+---+---+---+---+---+---+---+---+---+---+
| . | . | . | . | . | . | . | . | . | . |
+---+---+---+---+---+---+---+---+---+---+
| . | . | . | . | . | K | . | . | . | . |
+---+---+---+---+---+---+---+---+---+---+
| . | A | . | . | . | . | . | . | . | . |
+---+---+---+---+---+---+---+---+---+---+
| . | . | . | . | . | . | . | . | . | . |
+---+---+---+---+---+---+---+---+---+---+
| . | . | . | . | . | . | . | . | . | . |
+---+---+---+---+---+---+---+---+---+---+
agent's action is:  right
Room 0 | has_key=0
+---+---+---+---+---+---+---+---+---+---+
| . | . | . | . | . | . | . | . | . | . |
+---+---+---+---+---+---+---+---+---+---+
| . | . | . | . | . | . | . | . | . | . |
+---+---+---+---+---+---+---+---+---+---+
| . | . | . | . | . | . | . | . | . | . |
+---+---+---+---+---+---+---+---+---+---+
| . | . | . | . | . | . | . | . | . | . |
+---+---+---+---+---+---+---+---+---+---+
| . | . | . | . | . | . | . | . | . | . |
+---+---+---+---+---+---+---+---+---+---+
| . | . | . | . | . | . | . | . | . | . |
+---+---+---+---+---+---+---+---+---+---+
| . | . | . | . | . | K | . | . | . | . |
+---+---+---+---+---+---+---+---+---+---+
| . | . | A | . | . | . | . | . | . | . |
+---+---+---+---+---+---+---+---+---+---+
| . | . | . | . | . | . | . | . | . | . |
+---+---+---+---+---+---+---+---+---+---+
| . | . | . | . | . | . | . | . | . | . |
+---+---+---+---+---+---+---+---+---+---+
agent's action is:  right
Room 0 | has_key=0
+---+---+---+---+---+---+---+---+---+---+
| . | . | . | . | . | . | . | . | . | . |
+---+---+---+---+---+---+---+---+---+---+
| . | . | . | . | . | . | . | . | . | . |
+---+---+---+---+---+---+---+---+---+---+
| . | . | . | . | . | . | . | . | . | . |
+---+---+---+---+---+---+---+---+---+---+
| . | . | . | . | . | . | . | . | . | . |
+---+---+---+---+---+---+---+---+---+---+
| . | . | . | . | . | . | . | . | . | . |
+---+---+---+---+---+---+---+---+---+---+
| . | . | . | . | . | . | . | . | . | . |
+---+---+---+---+---+---+---+---+---+---+
| . | . | . | . | . | K | . | . | . | . |
+---+---+---+---+---+---+---+---+---+---+
| . | . | . | A | . | . | . | . | . | . |
+---+---+---+---+---+---+---+---+---+---+
| . | . | . | . | . | . | . | . | . | . |
+---+---+---+---+---+---+---+---+---+---+
| . | . | . | . | . | . | . | . | . | . |
+---+---+---+---+---+---+---+---+---+---+
agent's action is:  right
Room 0 | has_key=0
+---+---+---+---+---+---+---+---+---+---+
| . | . | . | . | . | . | . | . | . | . |
+---+---+---+---+---+---+---+---+---+---+
| . | . | . | . | . | . | . | . | . | . |
+---+---+---+---+---+---+---+---+---+---+
| . | . | . | . | . | . | . | . | . | . |
+---+---+---+---+---+---+---+---+---+---+
| . | . | . | . | . | . | . | . | . | . |
+---+---+---+---+---+---+---+---+---+---+
| . | . | . | . | . | . | . | . | . | . |
+---+---+---+---+---+---+---+---+---+---+
| . | . | . | . | . | . | . | . | . | . |
+---+---+---+---+---+---+---+---+---+---+
| . | . | . | . | . | K | . | . | . | . |
+---+---+---+---+---+---+---+---+---+---+
| . | . | . | . | A | . | . | . | . | . |
+---+---+---+---+---+---+---+---+---+---+
| . | . | . | . | . | . | . | . | . | . |
+---+---+---+---+---+---+---+---+---+---+
| . | . | . | . | . | . | . | . | . | . |
+---+---+---+---+---+---+---+---+---+---+
agent's action is:  pick up key
Room 0 | has_key=0
+---+---+---+---+---+---+---+---+---+---+
| . | . | . | . | . | . | . | . | . | . |
+---+---+---+---+---+---+---+---+---+---+
| . | . | . | . | . | . | . | . | . | . |
+---+---+---+---+---+---+---+---+---+---+
| . | . | . | . | . | . | . | . | . | . |
+---+---+---+---+---+---+---+---+---+---+
| . | . | . | . | . | . | . | . | . | . |
+---+---+---+---+---+---+---+---+---+---+
| . | . | . | . | . | . | . | . | . | . |
+---+---+---+---+---+---+---+---+---+---+
| . | . | . | . | . | . | . | . | . | . |
+---+---+---+---+---+---+---+---+---+---+
| . | . | . | . | . | K | . | . | . | . |
+---+---+---+---+---+---+---+---+---+---+
| . | . | . | . | A | . | . | . | . | . |
+---+---+---+---+---+---+---+---+---+---+
| . | . | . | . | . | . | . | . | . | . |
+---+---+---+---+---+---+---+---+---+---+
| . | . | . | . | . | . | . | . | . | . |
+---+---+---+---+---+---+---+---+---+---+
agent's action is:  pick up key
Room 0 | has_key=0
+---+---+---+---+---+---+---+---+---+---+
| . | . | . | . | . | . | . | . | . | . |
+---+---+---+---+---+---+---+---+---+---+
| . | . | . | . | . | . | . | . | . | . |
+---+---+---+---+---+---+---+---+---+---+
| . | . | . | . | . | . | . | . | . | . |
+---+---+---+---+---+---+---+---+---+---+
| . | . | . | . | . | . | . | . | . | . |
+---+---+---+---+---+---+---+---+---+---+
| . | . | . | . | . | . | . | . | . | . |
+---+---+---+---+---+---+---+---+---+---+
| . | . | . | . | . | . | . | . | . | . |
+---+---+---+---+---+---+---+---+---+---+
| . | . | . | . | . | K | . | . | . | . |
+---+---+---+---+---+---+---+---+---+---+
| . | . | . | . | A | . | . | . | . | . |
+---+---+---+---+---+---+---+---+---+---+
| . | . | . | . | . | . | . | . | . | . |
+---+---+---+---+---+---+---+---+---+---+
| . | . | . | . | . | . | . | . | . | . |
+---+---+---+---+---+---+---+---+---+---+
agent's action is:  pick up key
Room 0 | has_key=0
+---+---+---+---+---+---+---+---+---+---+
| . | . | . | . | . | . | . | . | . | . |
+---+---+---+---+---+---+---+---+---+---+
| . | . | . | . | . | . | . | . | . | . |
+---+---+---+---+---+---+---+---+---+---+
| . | . | . | . | . | . | . | . | . | . |
+---+---+---+---+---+---+---+---+---+---+
| . | . | . | . | . | . | . | . | . | . |
+---+---+---+---+---+---+---+---+---+---+
| . | . | . | . | . | . | . | . | . | . |
+---+---+---+---+---+---+---+---+---+---+
| . | . | . | . | . | . | . | . | . | . |
+---+---+---+---+---+---+---+---+---+---+
| . | . | . | . | . | K | . | . | . | . |
+---+---+---+---+---+---+---+---+---+---+
| . | . | . | . | A | . | . | . | . | . |
+---+---+---+---+---+---+---+---+---+---+
| . | . | . | . | . | . | . | . | . | . |
+---+---+---+---+---+---+---+---+---+---+
| . | . | . | . | . | . | . | . | . | . |
+---+---+---+---+---+---+---+---+---+---+
agent's action is:  pick up key
Room 0 | has_key=0
+---+---+---+---+---+---+---+---+---+---+
| . | . | . | . | . | . | . | . | . | . |
+---+---+---+---+---+---+---+---+---+---+
| . | . | . | . | . | . | . | . | . | . |
+---+---+---+---+---+---+---+---+---+---+
| . | . | . | . | . | . | . | . | . | . |
+---+---+---+---+---+---+---+---+---+---+
| . | . | . | . | . | . | . | . | . | . |
+---+---+---+---+---+---+---+---+---+---+
| . | . | . | . | . | . | . | . | . | . |
+---+---+---+---+---+---+---+---+---+---+
| . | . | . | . | . | . | . | . | . | . |
+---+---+---+---+---+---+---+---+---+---+
| . | . | . | . | . | K | . | . | . | . |
+---+---+---+---+---+---+---+---+---+---+
| . | . | . | . | A | . | . | . | . | . |
+---+---+---+---+---+---+---+---+---+---+
| . | . | . | . | . | . | . | . | . | . |
+---+---+---+---+---+---+---+---+---+---+
| . | . | . | . | . | . | . | . | . | . |
+---+---+---+---+---+---+---+---+---+---+
agent's action is:  pick up key
Room 0 | has_key=0
+---+---+---+---+---+---+---+---+---+---+
| . | . | . | . | . | . | . | . | . | . |
+---+---+---+---+---+---+---+---+---+---+
| . | . | . | . | . | . | . | . | . | . |
+---+---+---+---+---+---+---+---+---+---+
| . | . | . | . | . | . | . | . | . | . |
+---+---+---+---+---+---+---+---+---+---+
| . | . | . | . | . | . | . | . | . | . |
+---+---+---+---+---+---+---+---+---+---+
| . | . | . | . | . | . | . | . | . | . |
+---+---+---+---+---+---+---+---+---+---+
| . | . | . | . | . | . | . | . | . | . |
+---+---+---+---+---+---+---+---+---+---+
| . | . | . | . | . | K | . | . | . | . |
+---+---+---+---+---+---+---+---+---+---+
| . | . | . | . | A | . | . | . | . | . |
+---+---+---+---+---+---+---+---+---+---+
| . | . | . | . | . | . | . | . | . | . |
+---+---+---+---+---+---+---+---+---+---+
| . | . | . | . | . | . | . | . | . | . |
+---+---+---+---+---+---+---+---+---+---+
agent's action is:  pick up key
Room 0 | has_key=0
+---+---+---+---+---+---+---+---+---+---+
| . | . | . | . | . | . | . | . | . | . |
+---+---+---+---+---+---+---+---+---+---+
| . | . | . | . | . | . | . | . | . | . |
+---+---+---+---+---+---+---+---+---+---+
| . | . | . | . | . | . | . | . | . | . |
+---+---+---+---+---+---+---+---+---+---+
| . | . | . | . | . | . | . | . | . | . |
+---+---+---+---+---+---+---+---+---+---+
| . | . | . | . | . | . | . | . | . | . |
+---+---+---+---+---+---+---+---+---+---+
| . | . | . | . | . | . | . | . | . | . |
+---+---+---+---+---+---+---+---+---+---+
| . | . | . | . | . | K | . | . | . | . |
+---+---+---+---+---+---+---+---+---+---+
| . | . | . | . | A | . | . | . | . | . |
+---+---+---+---+---+---+---+---+---+---+
| . | . | . | . | . | . | . | . | . | . |
+---+---+---+---+---+---+---+---+---+---+
| . | . | . | . | . | . | . | . | . | . |
+---+---+---+---+---+---+---+---+---+---+
agent's action is:  pick up key
Room 0 | has_key=0
+---+---+---+---+---+---+---+---+---+---+
| . | . | . | . | . | . | . | . | . | . |
+---+---+---+---+---+---+---+---+---+---+
| . | . | . | . | . | . | . | . | . | . |
+---+---+---+---+---+---+---+---+---+---+
| . | . | . | . | . | . | . | . | . | . |
+---+---+---+---+---+---+---+---+---+---+
| . | . | . | . | . | . | . | . | . | . |
+---+---+---+---+---+---+---+---+---+---+
| . | . | . | . | . | . | . | . | . | . |
+---+---+---+---+---+---+---+---+---+---+
| . | . | . | . | . | . | . | . | . | . |
+---+---+---+---+---+---+---+---+---+---+
| . | . | . | . | . | K | . | . | . | . |
+---+---+---+---+---+---+---+---+---+---+
| . | . | . | . | A | . | . | . | . | . |
+---+---+---+---+---+---+---+---+---+---+
| . | . | . | . | . | . | . | . | . | . |
+---+---+---+---+---+---+---+---+---+---+
| . | . | . | . | . | . | . | . | . | . |
+---+---+---+---+---+---+---+---+---+---+
agent's action is:  pick up key
Room 0 | has_key=0
+---+---+---+---+---+---+---+---+---+---+
| . | . | . | . | . | . | . | . | . | . |
+---+---+---+---+---+---+---+---+---+---+
| . | . | . | . | . | . | . | . | . | . |
+---+---+---+---+---+---+---+---+---+---+
| . | . | . | . | . | . | . | . | . | . |
+---+---+---+---+---+---+---+---+---+---+
| . | . | . | . | . | . | . | . | . | . |
+---+---+---+---+---+---+---+---+---+---+
| . | . | . | . | . | . | . | . | . | . |
+---+---+---+---+---+---+---+---+---+---+
| . | . | . | . | . | . | . | . | . | . |
+---+---+---+---+---+---+---+---+---+---+
| . | . | . | . | . | K | . | . | . | . |
+---+---+---+---+---+---+---+---+---+---+
| . | . | . | . | A | . | . | . | . | . |
+---+---+---+---+---+---+---+---+---+---+
| . | . | . | . | . | . | . | . | . | . |
+---+---+---+---+---+---+---+---+---+---+
| . | . | . | . | . | . | . | . | . | . |
+---+---+---+---+---+---+---+---+---+---+
agent's action is:  pick up key
Room 0 | has_key=0
+---+---+---+---+---+---+---+---+---+---+
| . | . | . | . | . | . | . | . | . | . |
+---+---+---+---+---+---+---+---+---+---+
| . | . | . | . | . | . | . | . | . | . |
+---+---+---+---+---+---+---+---+---+---+
| . | . | . | . | . | . | . | . | . | . |
+---+---+---+---+---+---+---+---+---+---+
| . | . | . | . | . | . | . | . | . | . |
+---+---+---+---+---+---+---+---+---+---+
| . | . | . | . | . | . | . | . | . | . |
+---+---+---+---+---+---+---+---+---+---+
| . | . | . | . | . | . | . | . | . | . |
+---+---+---+---+---+---+---+---+---+---+
| . | . | . | . | . | K | . | . | . | . |
+---+---+---+---+---+---+---+---+---+---+
| . | . | . | . | A | . | . | . | . | . |
+---+---+---+---+---+---+---+---+---+---+
| . | . | . | . | . | . | . | . | . | . |
+---+---+---+---+---+---+---+---+---+---+
| . | . | . | . | . | . | . | . | . | . |
+---+---+---+---+---+---+---+---+---+---+
agent's action is:  pick up key
Room 0 | has_key=0
+---+---+---+---+---+---+---+---+---+---+
| . | . | . | . | . | . | . | . | . | . |
+---+---+---+---+---+---+---+---+---+---+
| . | . | . | . | . | . | . | . | . | . |
+---+---+---+---+---+---+---+---+---+---+
| . | . | . | . | . | . | . | . | . | . |
+---+---+---+---+---+---+---+---+---+---+
| . | . | . | . | . | . | . | . | . | . |
+---+---+---+---+---+---+---+---+---+---+
| . | . | . | . | . | . | . | . | . | . |
+---+---+---+---+---+---+---+---+---+---+
| . | . | . | . | . | . | . | . | . | . |
+---+---+---+---+---+---+---+---+---+---+
| . | . | . | . | . | K | . | . | . | . |
+---+---+---+---+---+---+---+---+---+---+
| . | . | . | . | A | . | . | . | . | . |
+---+---+---+---+---+---+---+---+---+---+
| . | . | . | . | . | . | . | . | . | . |
+---+---+---+---+---+---+---+---+---+---+
| . | . | . | . | . | . | . | . | . | . |
+---+---+---+---+---+---+---+---+---+---+
agent's action is:  pick up key
Room 0 | has_key=0
+---+---+---+---+---+---+---+---+---+---+
| . | . | . | . | . | . | . | . | . | . |
+---+---+---+---+---+---+---+---+---+---+
| . | . | . | . | . | . | . | . | . | . |
+---+---+---+---+---+---+---+---+---+---+
| . | . | . | . | . | . | . | . | . | . |
+---+---+---+---+---+---+---+---+---+---+
| . | . | . | . | . | . | . | . | . | . |
+---+---+---+---+---+---+---+---+---+---+
| . | . | . | . | . | . | . | . | . | . |
+---+---+---+---+---+---+---+---+---+---+
| . | . | . | . | . | . | . | . | . | . |
+---+---+---+---+---+---+---+---+---+---+
| . | . | . | . | . | K | . | . | . | . |
+---+---+---+---+---+---+---+---+---+---+
| . | . | . | . | A | . | . | . | . | . |
+---+---+---+---+---+---+---+---+---+---+
| . | . | . | . | . | . | . | . | . | . |
+---+---+---+---+---+---+---+---+---+---+
| . | . | . | . | . | . | . | . | . | . |
+---+---+---+---+---+---+---+---+---+---+
agent's action is:  pick up key
Room 0 | has_key=0
+---+---+---+---+---+---+---+---+---+---+
| . | . | . | . | . | . | . | . | . | . |
+---+---+---+---+---+---+---+---+---+---+
| . | . | . | . | . | . | . | . | . | . |
+---+---+---+---+---+---+---+---+---+---+
| . | . | . | . | . | . | . | . | . | . |
+---+---+---+---+---+---+---+---+---+---+
| . | . | . | . | . | . | . | . | . | . |
+---+---+---+---+---+---+---+---+---+---+
| . | . | . | . | . | . | . | . | . | . |
+---+---+---+---+---+---+---+---+---+---+
| . | . | . | . | . | . | . | . | . | . |
+---+---+---+---+---+---+---+---+---+---+
| . | . | . | . | . | K | . | . | . | . |
+---+---+---+---+---+---+---+---+---+---+
| . | . | . | . | A | . | . | . | . | . |
+---+---+---+---+---+---+---+---+---+---+
| . | . | . | . | . | . | . | . | . | . |
+---+---+---+---+---+---+---+---+---+---+
| . | . | . | . | . | . | . | . | . | . |
+---+---+---+---+---+---+---+---+---+---+
agent's action is:  pick up key
Room 0 | has_key=0
+---+---+---+---+---+---+---+---+---+---+
| . | . | . | . | . | . | . | . | . | . |
+---+---+---+---+---+---+---+---+---+---+
| . | . | . | . | . | . | . | . | . | . |
+---+---+---+---+---+---+---+---+---+---+
| . | . | . | . | . | . | . | . | . | . |
+---+---+---+---+---+---+---+---+---+---+
| . | . | . | . | . | . | . | . | . | . |
+---+---+---+---+---+---+---+---+---+---+
| . | . | . | . | . | . | . | . | . | . |
+---+---+---+---+---+---+---+---+---+---+
| . | . | . | . | . | . | . | . | . | . |
+---+---+---+---+---+---+---+---+---+---+
| . | . | . | . | . | K | . | . | . | . |
+---+---+---+---+---+---+---+---+---+---+
| . | . | . | . | A | . | . | . | . | . |
+---+---+---+---+---+---+---+---+---+---+
| . | . | . | . | . | . | . | . | . | . |
+---+---+---+---+---+---+---+---+---+---+
| . | . | . | . | . | . | . | . | . | . |
+---+---+---+---+---+---+---+---+---+---+
agent's action is:  pick up key
Room 1 | has_key=0
+---+---+---+---+---+---+---+---+---+---+
| . | . | . | . | . | . | . | . | . | . |
+---+---+---+---+---+---+---+---+---+---+
| . | . | . | . | . | . | . | . | . | . |
+---+---+---+---+---+---+---+---+---+---+
| . | . | . | . | . | . | . | . | . | . |
+---+---+---+---+---+---+---+---+---+---+
| . | . | . | . | . | . | . | . | . | . |
+---+---+---+---+---+---+---+---+---+---+
| . | . | . | . | . | . | . | . | . | . |
+---+---+---+---+---+---+---+---+---+---+
| . | . | . | . | . | . | . | . | . | . |
+---+---+---+---+---+---+---+---+---+---+
| . | . | . | . | . | . | . | . | . | . |
+---+---+---+---+---+---+---+---+---+---+
| . | . | . | . | . | . | . | . | . | . |
+---+---+---+---+---+---+---+---+---+---+
| . | . | . | . | . | . | . | . | . | . |
+---+---+---+---+---+---+---+---+---+---+
| A | . | . | . | . | . | . | . | . | . |
+---+---+---+---+---+---+---+---+---+---+
agent's action is:  up
Room 1 | has_key=0
+---+---+---+---+---+---+---+---+---+---+
| . | . | . | . | . | . | . | . | . | . |
+---+---+---+---+---+---+---+---+---+---+
| . | . | . | . | . | . | . | . | . | . |
+---+---+---+---+---+---+---+---+---+---+
| . | . | . | . | . | . | . | . | . | . |
+---+---+---+---+---+---+---+---+---+---+
| . | . | . | . | . | . | . | . | . | . |
+---+---+---+---+---+---+---+---+---+---+
| . | . | . | . | . | . | . | . | . | . |
+---+---+---+---+---+---+---+---+---+---+
| . | . | . | . | . | . | . | . | . | . |
+---+---+---+---+---+---+---+---+---+---+
| . | . | . | . | . | . | . | . | . | . |
+---+---+---+---+---+---+---+---+---+---+
| . | . | . | . | . | . | . | . | . | . |
+---+---+---+---+---+---+---+---+---+---+
| A | . | . | . | . | . | . | . | . | . |
+---+---+---+---+---+---+---+---+---+---+
| . | . | . | . | . | . | . | . | . | . |
+---+---+---+---+---+---+---+---+---+---+
agent's action is:  up
Room 1 | has_key=0
+---+---+---+---+---+---+---+---+---+---+
| . | . | . | . | . | . | . | . | . | . |
+---+---+---+---+---+---+---+---+---+---+
| . | . | . | . | . | . | . | . | . | . |
+---+---+---+---+---+---+---+---+---+---+
| . | . | . | . | . | . | . | . | . | . |
+---+---+---+---+---+---+---+---+---+---+
| . | . | . | . | . | . | . | . | . | . |
+---+---+---+---+---+---+---+---+---+---+
| . | . | . | . | . | . | . | . | . | . |
+---+---+---+---+---+---+---+---+---+---+
| . | . | . | . | . | . | . | . | . | . |
+---+---+---+---+---+---+---+---+---+---+
| . | . | . | . | . | . | . | . | . | . |
+---+---+---+---+---+---+---+---+---+---+
| A | . | . | . | . | . | . | . | . | . |
+---+---+---+---+---+---+---+---+---+---+
| . | . | . | . | . | . | . | . | . | . |
+---+---+---+---+---+---+---+---+---+---+
| . | . | . | . | . | . | . | . | . | . |
+---+---+---+---+---+---+---+---+---+---+
agent's action is:  right
Room 1 | has_key=0
+---+---+---+---+---+---+---+---+---+---+
| . | . | . | . | . | . | . | . | . | . |
+---+---+---+---+---+---+---+---+---+---+
| . | . | . | . | . | . | . | . | . | . |
+---+---+---+---+---+---+---+---+---+---+
| . | . | . | . | . | . | . | . | . | . |
+---+---+---+---+---+---+---+---+---+---+
| . | . | . | . | . | . | . | . | . | . |
+---+---+---+---+---+---+---+---+---+---+
| . | . | . | . | . | . | . | . | . | . |
+---+---+---+---+---+---+---+---+---+---+
| . | . | . | . | . | . | . | . | . | . |
+---+---+---+---+---+---+---+---+---+---+
| . | . | . | . | . | . | . | . | . | . |
+---+---+---+---+---+---+---+---+---+---+
| . | A | . | . | . | . | . | . | . | . |
+---+---+---+---+---+---+---+---+---+---+
| . | . | . | . | . | . | . | . | . | . |
+---+---+---+---+---+---+---+---+---+---+
| . | . | . | . | . | . | . | . | . | . |
+---+---+---+---+---+---+---+---+---+---+
agent's action is:  up
Room 1 | has_key=0
+---+---+---+---+---+---+---+---+---+---+
| . | . | . | . | . | . | . | . | . | . |
+---+---+---+---+---+---+---+---+---+---+
| . | . | . | . | . | . | . | . | . | . |
+---+---+---+---+---+---+---+---+---+---+
| . | . | . | . | . | . | . | . | . | . |
+---+---+---+---+---+---+---+---+---+---+
| . | . | . | . | . | . | . | . | . | . |
+---+---+---+---+---+---+---+---+---+---+
| . | . | . | . | . | . | . | . | . | . |
+---+---+---+---+---+---+---+---+---+---+
| . | . | . | . | . | . | . | . | . | . |
+---+---+---+---+---+---+---+---+---+---+
| . | A | . | . | . | . | . | . | . | . |
+---+---+---+---+---+---+---+---+---+---+
| . | . | . | . | . | . | . | . | . | . |
+---+---+---+---+---+---+---+---+---+---+
| . | . | . | . | . | . | . | . | . | . |
+---+---+---+---+---+---+---+---+---+---+
| . | . | . | . | . | . | . | . | . | . |
+---+---+---+---+---+---+---+---+---+---+
agent's action is:  right
Room 1 | has_key=0
+---+---+---+---+---+---+---+---+---+---+
| . | . | . | . | . | . | . | . | . | . |
+---+---+---+---+---+---+---+---+---+---+
| . | . | . | . | . | . | . | . | . | . |
+---+---+---+---+---+---+---+---+---+---+
| . | . | . | . | . | . | . | . | . | . |
+---+---+---+---+---+---+---+---+---+---+
| . | . | . | . | . | . | . | . | . | . |
+---+---+---+---+---+---+---+---+---+---+
| . | . | . | . | . | . | . | . | . | . |
+---+---+---+---+---+---+---+---+---+---+
| . | . | . | . | . | . | . | . | . | . |
+---+---+---+---+---+---+---+---+---+---+
| . | . | A | . | . | . | . | . | . | . |
+---+---+---+---+---+---+---+---+---+---+
| . | . | . | . | . | . | . | . | . | . |
+---+---+---+---+---+---+---+---+---+---+
| . | . | . | . | . | . | . | . | . | . |
+---+---+---+---+---+---+---+---+---+---+
| . | . | . | . | . | . | . | . | . | . |
+---+---+---+---+---+---+---+---+---+---+
agent's action is:  right
Room 1 | has_key=0
+---+---+---+---+---+---+---+---+---+---+
| . | . | . | . | . | . | . | . | . | . |
+---+---+---+---+---+---+---+---+---+---+
| . | . | . | . | . | . | . | . | . | . |
+---+---+---+---+---+---+---+---+---+---+
| . | . | . | . | . | . | . | . | . | . |
+---+---+---+---+---+---+---+---+---+---+
| . | . | . | . | . | . | . | . | . | . |
+---+---+---+---+---+---+---+---+---+---+
| . | . | . | . | . | . | . | . | . | . |
+---+---+---+---+---+---+---+---+---+---+
| . | . | . | . | . | . | . | . | . | . |
+---+---+---+---+---+---+---+---+---+---+
| . | . | . | A | . | . | . | . | . | . |
+---+---+---+---+---+---+---+---+---+---+
| . | . | . | . | . | . | . | . | . | . |
+---+---+---+---+---+---+---+---+---+---+
| . | . | . | . | . | . | . | . | . | . |
+---+---+---+---+---+---+---+---+---+---+
| . | . | . | . | . | . | . | . | . | . |
+---+---+---+---+---+---+---+---+---+---+
agent's action is:  right
Room 1 | has_key=0
+---+---+---+---+---+---+---+---+---+---+
| . | . | . | . | . | . | . | . | . | . |
+---+---+---+---+---+---+---+---+---+---+
| . | . | . | . | . | . | . | . | . | . |
+---+---+---+---+---+---+---+---+---+---+
| . | . | . | . | . | . | . | . | . | . |
+---+---+---+---+---+---+---+---+---+---+
| . | . | . | . | . | . | . | . | . | . |
+---+---+---+---+---+---+---+---+---+---+
| . | . | . | . | . | . | . | . | . | . |
+---+---+---+---+---+---+---+---+---+---+
| . | . | . | . | . | . | . | . | . | . |
+---+---+---+---+---+---+---+---+---+---+
| . | . | . | . | A | . | . | . | . | . |
+---+---+---+---+---+---+---+---+---+---+
| . | . | . | . | . | . | . | . | . | . |
+---+---+---+---+---+---+---+---+---+---+
| . | . | . | . | . | . | . | . | . | . |
+---+---+---+---+---+---+---+---+---+---+
| . | . | . | . | . | . | . | . | . | . |
+---+---+---+---+---+---+---+---+---+---+
agent's action is:  pick up key
Room 1 | has_key=0
+---+---+---+---+---+---+---+---+---+---+
| . | . | . | . | . | . | . | . | . | . |
+---+---+---+---+---+---+---+---+---+---+
| . | . | . | . | . | . | . | . | . | . |
+---+---+---+---+---+---+---+---+---+---+
| . | . | . | . | . | . | . | . | . | . |
+---+---+---+---+---+---+---+---+---+---+
| . | . | . | . | . | . | . | . | . | . |
+---+---+---+---+---+---+---+---+---+---+
| . | . | . | . | . | . | . | . | . | . |
+---+---+---+---+---+---+---+---+---+---+
| . | . | . | . | . | . | . | . | . | . |
+---+---+---+---+---+---+---+---+---+---+
| . | . | . | . | A | . | . | . | . | . |
+---+---+---+---+---+---+---+---+---+---+
| . | . | . | . | . | . | . | . | . | . |
+---+---+---+---+---+---+---+---+---+---+
| . | . | . | . | . | . | . | . | . | . |
+---+---+---+---+---+---+---+---+---+---+
| . | . | . | . | . | . | . | . | . | . |
+---+---+---+---+---+---+---+---+---+---+
agent's action is:  pick up key
Room 1 | has_key=0
+---+---+---+---+---+---+---+---+---+---+
| . | . | . | . | . | . | . | . | . | . |
+---+---+---+---+---+---+---+---+---+---+
| . | . | . | . | . | . | . | . | . | . |
+---+---+---+---+---+---+---+---+---+---+
| . | . | . | . | . | . | . | . | . | . |
+---+---+---+---+---+---+---+---+---+---+
| . | . | . | . | . | . | . | . | . | . |
+---+---+---+---+---+---+---+---+---+---+
| . | . | . | . | . | . | . | . | . | . |
+---+---+---+---+---+---+---+---+---+---+
| . | . | . | . | . | . | . | . | . | . |
+---+---+---+---+---+---+---+---+---+---+
| . | . | . | . | A | . | . | . | . | . |
+---+---+---+---+---+---+---+---+---+---+
| . | . | . | . | . | . | . | . | . | . |
+---+---+---+---+---+---+---+---+---+---+
| . | . | . | . | . | . | . | . | . | . |
+---+---+---+---+---+---+---+---+---+---+
| . | . | . | . | . | . | . | . | . | . |
+---+---+---+---+---+---+---+---+---+---+
agent's action is:  pick up key
Room 1 | has_key=0
+---+---+---+---+---+---+---+---+---+---+
| . | . | . | . | . | . | . | . | . | . |
+---+---+---+---+---+---+---+---+---+---+
| . | . | . | . | . | . | . | . | . | . |
+---+---+---+---+---+---+---+---+---+---+
| . | . | . | . | . | . | . | . | . | . |
+---+---+---+---+---+---+---+---+---+---+
| . | . | . | . | . | . | . | . | . | . |
+---+---+---+---+---+---+---+---+---+---+
| . | . | . | . | . | . | . | . | . | . |
+---+---+---+---+---+---+---+---+---+---+
| . | . | . | . | . | . | . | . | . | . |
+---+---+---+---+---+---+---+---+---+---+
| . | . | . | . | A | . | . | . | . | . |
+---+---+---+---+---+---+---+---+---+---+
| . | . | . | . | . | . | . | . | . | . |
+---+---+---+---+---+---+---+---+---+---+
| . | . | . | . | . | . | . | . | . | . |
+---+---+---+---+---+---+---+---+---+---+
| . | . | . | . | . | . | . | . | . | . |
+---+---+---+---+---+---+---+---+---+---+
agent's action is:  right
Room 1 | has_key=0
+---+---+---+---+---+---+---+---+---+---+
| . | . | . | . | . | . | . | . | . | . |
+---+---+---+---+---+---+---+---+---+---+
| . | . | . | . | . | . | . | . | . | . |
+---+---+---+---+---+---+---+---+---+---+
| . | . | . | . | . | . | . | . | . | . |
+---+---+---+---+---+---+---+---+---+---+
| . | . | . | . | . | . | . | . | . | . |
+---+---+---+---+---+---+---+---+---+---+
| . | . | . | . | . | . | . | . | . | . |
+---+---+---+---+---+---+---+---+---+---+
| . | . | . | . | . | . | . | . | . | . |
+---+---+---+---+---+---+---+---+---+---+
| . | . | . | . | . | A | . | . | . | . |
+---+---+---+---+---+---+---+---+---+---+
| . | . | . | . | . | . | . | . | . | . |
+---+---+---+---+---+---+---+---+---+---+
| . | . | . | . | . | . | . | . | . | . |
+---+---+---+---+---+---+---+---+---+---+
| . | . | . | . | . | . | . | . | . | . |
+---+---+---+---+---+---+---+---+---+---+
agent's action is:  pick up key
Room 1 | has_key=0
+---+---+---+---+---+---+---+---+---+---+
| . | . | . | . | . | . | . | . | . | . |
+---+---+---+---+---+---+---+---+---+---+
| . | . | . | . | . | . | . | . | . | . |
+---+---+---+---+---+---+---+---+---+---+
| . | . | . | . | . | . | . | . | . | . |
+---+---+---+---+---+---+---+---+---+---+
| . | . | . | . | . | . | . | . | . | . |
+---+---+---+---+---+---+---+---+---+---+
| . | . | . | . | . | . | . | . | . | . |
+---+---+---+---+---+---+---+---+---+---+
| . | . | . | . | . | . | . | . | . | . |
+---+---+---+---+---+---+---+---+---+---+
| . | . | . | . | . | A | . | . | . | . |
+---+---+---+---+---+---+---+---+---+---+
| . | . | . | . | . | . | . | . | . | . |
+---+---+---+---+---+---+---+---+---+---+
| . | . | . | . | . | . | . | . | . | . |
+---+---+---+---+---+---+---+---+---+---+
| . | . | . | . | . | . | . | . | . | . |
+---+---+---+---+---+---+---+---+---+---+
agent's action is:  pick up key
Room 1 | has_key=0
+---+---+---+---+---+---+---+---+---+---+
| . | . | . | . | . | . | . | . | . | . |
+---+---+---+---+---+---+---+---+---+---+
| . | . | . | . | . | . | . | . | . | . |
+---+---+---+---+---+---+---+---+---+---+
| . | . | . | . | . | . | . | . | . | . |
+---+---+---+---+---+---+---+---+---+---+
| . | . | . | . | . | . | . | . | . | . |
+---+---+---+---+---+---+---+---+---+---+
| . | . | . | . | . | . | . | . | . | . |
+---+---+---+---+---+---+---+---+---+---+
| . | . | . | . | . | . | . | . | . | . |
+---+---+---+---+---+---+---+---+---+---+
| . | . | . | . | . | A | . | . | . | . |
+---+---+---+---+---+---+---+---+---+---+
| . | . | . | . | . | . | . | . | . | . |
+---+---+---+---+---+---+---+---+---+---+
| . | . | . | . | . | . | . | . | . | . |
+---+---+---+---+---+---+---+---+---+---+
| . | . | . | . | . | . | . | . | . | . |
+---+---+---+---+---+---+---+---+---+---+
agent's action is:  pick up key
Room 1 | has_key=0
+---+---+---+---+---+---+---+---+---+---+
| . | . | . | . | . | . | . | . | . | . |
+---+---+---+---+---+---+---+---+---+---+
| . | . | . | . | . | . | . | . | . | . |
+---+---+---+---+---+---+---+---+---+---+
| . | . | . | . | . | . | . | . | . | . |
+---+---+---+---+---+---+---+---+---+---+
| . | . | . | . | . | . | . | . | . | . |
+---+---+---+---+---+---+---+---+---+---+
| . | . | . | . | . | . | . | . | . | . |
+---+---+---+---+---+---+---+---+---+---+
| . | . | . | . | . | . | . | . | . | . |
+---+---+---+---+---+---+---+---+---+---+
| . | . | . | . | . | A | . | . | . | . |
+---+---+---+---+---+---+---+---+---+---+
| . | . | . | . | . | . | . | . | . | . |
+---+---+---+---+---+---+---+---+---+---+
| . | . | . | . | . | . | . | . | . | . |
+---+---+---+---+---+---+---+---+---+---+
| . | . | . | . | . | . | . | . | . | . |
+---+---+---+---+---+---+---+---+---+---+
agent's action is:  pick up key
Room 1 | has_key=0
+---+---+---+---+---+---+---+---+---+---+
| . | . | . | . | . | . | . | . | . | . |
+---+---+---+---+---+---+---+---+---+---+
| . | . | . | . | . | . | . | . | . | . |
+---+---+---+---+---+---+---+---+---+---+
| . | . | . | . | . | . | . | . | . | . |
+---+---+---+---+---+---+---+---+---+---+
| . | . | . | . | . | . | . | . | . | . |
+---+---+---+---+---+---+---+---+---+---+
| . | . | . | . | . | . | . | . | . | . |
+---+---+---+---+---+---+---+---+---+---+
| . | . | . | . | . | . | . | . | . | . |
+---+---+---+---+---+---+---+---+---+---+
| . | . | . | . | . | A | . | . | . | . |
+---+---+---+---+---+---+---+---+---+---+
| . | . | . | . | . | . | . | . | . | . |
+---+---+---+---+---+---+---+---+---+---+
| . | . | . | . | . | . | . | . | . | . |
+---+---+---+---+---+---+---+---+---+---+
| . | . | . | . | . | . | . | . | . | . |
+---+---+---+---+---+---+---+---+---+---+
agent's action is:  pick up key
Room 1 | has_key=0
+---+---+---+---+---+---+---+---+---+---+
| . | . | . | . | . | . | . | . | . | . |
+---+---+---+---+---+---+---+---+---+---+
| . | . | . | . | . | . | . | . | . | . |
+---+---+---+---+---+---+---+---+---+---+
| . | . | . | . | . | . | . | . | . | . |
+---+---+---+---+---+---+---+---+---+---+
| . | . | . | . | . | . | . | . | . | . |
+---+---+---+---+---+---+---+---+---+---+
| . | . | . | . | . | . | . | . | . | . |
+---+---+---+---+---+---+---+---+---+---+
| . | . | . | . | . | . | . | . | . | . |
+---+---+---+---+---+---+---+---+---+---+
| . | . | . | . | . | A | . | . | . | . |
+---+---+---+---+---+---+---+---+---+---+
| . | . | . | . | . | . | . | . | . | . |
+---+---+---+---+---+---+---+---+---+---+
| . | . | . | . | . | . | . | . | . | . |
+---+---+---+---+---+---+---+---+---+---+
| . | . | . | . | . | . | . | . | . | . |
+---+---+---+---+---+---+---+---+---+---+
agent's action is:  pick up key
Room 1 | has_key=0
+---+---+---+---+---+---+---+---+---+---+
| . | . | . | . | . | . | . | . | . | . |
+---+---+---+---+---+---+---+---+---+---+
| . | . | . | . | . | . | . | . | . | . |
+---+---+---+---+---+---+---+---+---+---+
| . | . | . | . | . | . | . | . | . | . |
+---+---+---+---+---+---+---+---+---+---+
| . | . | . | . | . | . | . | . | . | . |
+---+---+---+---+---+---+---+---+---+---+
| . | . | . | . | . | . | . | . | . | . |
+---+---+---+---+---+---+---+---+---+---+
| . | . | . | . | . | . | . | . | . | . |
+---+---+---+---+---+---+---+---+---+---+
| . | . | . | . | . | A | . | . | . | . |
+---+---+---+---+---+---+---+---+---+---+
| . | . | . | . | . | . | . | . | . | . |
+---+---+---+---+---+---+---+---+---+---+
| . | . | . | . | . | . | . | . | . | . |
+---+---+---+---+---+---+---+---+---+---+
| . | . | . | . | . | . | . | . | . | . |
+---+---+---+---+---+---+---+---+---+---+
agent's action is:  pick up key
Room 1 | has_key=0
+---+---+---+---+---+---+---+---+---+---+
| . | . | . | . | . | . | . | . | . | . |
+---+---+---+---+---+---+---+---+---+---+
| . | . | . | . | . | . | . | . | . | . |
+---+---+---+---+---+---+---+---+---+---+
| . | . | . | . | . | . | . | . | . | . |
+---+---+---+---+---+---+---+---+---+---+
| . | . | . | . | . | . | . | . | . | . |
+---+---+---+---+---+---+---+---+---+---+
| . | . | . | . | . | . | . | . | . | . |
+---+---+---+---+---+---+---+---+---+---+
| . | . | . | . | . | . | . | . | . | . |
+---+---+---+---+---+---+---+---+---+---+
| . | . | . | . | . | A | . | . | . | . |
+---+---+---+---+---+---+---+---+---+---+
| . | . | . | . | . | . | . | . | . | . |
+---+---+---+---+---+---+---+---+---+---+
| . | . | . | . | . | . | . | . | . | . |
+---+---+---+---+---+---+---+---+---+---+
| . | . | . | . | . | . | . | . | . | . |
+---+---+---+---+---+---+---+---+---+---+
agent's action is:  pick up key
Room 1 | has_key=0
+---+---+---+---+---+---+---+---+---+---+
| . | . | . | . | . | . | . | . | . | . |
+---+---+---+---+---+---+---+---+---+---+
| . | . | . | . | . | . | . | . | . | . |
+---+---+---+---+---+---+---+---+---+---+
| . | . | . | . | . | . | . | . | . | . |
+---+---+---+---+---+---+---+---+---+---+
| . | . | . | . | . | . | . | . | . | . |
+---+---+---+---+---+---+---+---+---+---+
| . | . | . | . | . | . | . | . | . | . |
+---+---+---+---+---+---+---+---+---+---+
| . | . | . | . | . | . | . | . | . | . |
+---+---+---+---+---+---+---+---+---+---+
| . | . | . | . | . | A | . | . | . | . |
+---+---+---+---+---+---+---+---+---+---+
| . | . | . | . | . | . | . | . | . | . |
+---+---+---+---+---+---+---+---+---+---+
| . | . | . | . | . | . | . | . | . | . |
+---+---+---+---+---+---+---+---+---+---+
| . | . | . | . | . | . | . | . | . | . |
+---+---+---+---+---+---+---+---+---+---+
agent's action is:  pick up key
Room 2 | has_key=0
+---+---+---+---+---+---+---+---+---+---+
| . | . | . | . | D | . | . | . | . | . |
+---+---+---+---+---+---+---+---+---+---+
| . | . | . | . | . | . | . | . | . | . |
+---+---+---+---+---+---+---+---+---+---+
| . | . | . | . | . | . | . | . | . | . |
+---+---+---+---+---+---+---+---+---+---+
| . | . | . | . | . | . | . | . | . | . |
+---+---+---+---+---+---+---+---+---+---+
| . | . | . | . | . | . | . | . | . | . |
+---+---+---+---+---+---+---+---+---+---+
| . | . | . | . | . | . | . | . | . | . |
+---+---+---+---+---+---+---+---+---+---+
| . | . | . | . | . | . | . | . | . | . |
+---+---+---+---+---+---+---+---+---+---+
| . | . | . | . | . | . | . | . | . | . |
+---+---+---+---+---+---+---+---+---+---+
| . | . | . | . | . | . | . | . | . | . |
+---+---+---+---+---+---+---+---+---+---+
| A | . | . | . | . | . | . | . | . | . |
+---+---+---+---+---+---+---+---+---+---+
agent's action is:  up
Room 2 | has_key=0
+---+---+---+---+---+---+---+---+---+---+
| . | . | . | . | D | . | . | . | . | . |
+---+---+---+---+---+---+---+---+---+---+
| . | . | . | . | . | . | . | . | . | . |
+---+---+---+---+---+---+---+---+---+---+
| . | . | . | . | . | . | . | . | . | . |
+---+---+---+---+---+---+---+---+---+---+
| . | . | . | . | . | . | . | . | . | . |
+---+---+---+---+---+---+---+---+---+---+
| . | . | . | . | . | . | . | . | . | . |
+---+---+---+---+---+---+---+---+---+---+
| . | . | . | . | . | . | . | . | . | . |
+---+---+---+---+---+---+---+---+---+---+
| . | . | . | . | . | . | . | . | . | . |
+---+---+---+---+---+---+---+---+---+---+
| . | . | . | . | . | . | . | . | . | . |
+---+---+---+---+---+---+---+---+---+---+
| A | . | . | . | . | . | . | . | . | . |
+---+---+---+---+---+---+---+---+---+---+
| . | . | . | . | . | . | . | . | . | . |
+---+---+---+---+---+---+---+---+---+---+
agent's action is:  up
Room 2 | has_key=0
+---+---+---+---+---+---+---+---+---+---+
| . | . | . | . | D | . | . | . | . | . |
+---+---+---+---+---+---+---+---+---+---+
| . | . | . | . | . | . | . | . | . | . |
+---+---+---+---+---+---+---+---+---+---+
| . | . | . | . | . | . | . | . | . | . |
+---+---+---+---+---+---+---+---+---+---+
| . | . | . | . | . | . | . | . | . | . |
+---+---+---+---+---+---+---+---+---+---+
| . | . | . | . | . | . | . | . | . | . |
+---+---+---+---+---+---+---+---+---+---+
| . | . | . | . | . | . | . | . | . | . |
+---+---+---+---+---+---+---+---+---+---+
| . | . | . | . | . | . | . | . | . | . |
+---+---+---+---+---+---+---+---+---+---+
| A | . | . | . | . | . | . | . | . | . |
+---+---+---+---+---+---+---+---+---+---+
| . | . | . | . | . | . | . | . | . | . |
+---+---+---+---+---+---+---+---+---+---+
| . | . | . | . | . | . | . | . | . | . |
+---+---+---+---+---+---+---+---+---+---+
agent's action is:  right
Room 2 | has_key=0
+---+---+---+---+---+---+---+---+---+---+
| . | . | . | . | D | . | . | . | . | . |
+---+---+---+---+---+---+---+---+---+---+
| . | . | . | . | . | . | . | . | . | . |
+---+---+---+---+---+---+---+---+---+---+
| . | . | . | . | . | . | . | . | . | . |
+---+---+---+---+---+---+---+---+---+---+
| . | . | . | . | . | . | . | . | . | . |
+---+---+---+---+---+---+---+---+---+---+
| . | . | . | . | . | . | . | . | . | . |
+---+---+---+---+---+---+---+---+---+---+
| . | . | . | . | . | . | . | . | . | . |
+---+---+---+---+---+---+---+---+---+---+
| . | . | . | . | . | . | . | . | . | . |
+---+---+---+---+---+---+---+---+---+---+
| . | A | . | . | . | . | . | . | . | . |
+---+---+---+---+---+---+---+---+---+---+
| . | . | . | . | . | . | . | . | . | . |
+---+---+---+---+---+---+---+---+---+---+
| . | . | . | . | . | . | . | . | . | . |
+---+---+---+---+---+---+---+---+---+---+
agent's action is:  right
Room 2 | has_key=0
+---+---+---+---+---+---+---+---+---+---+
| . | . | . | . | D | . | . | . | . | . |
+---+---+---+---+---+---+---+---+---+---+
| . | . | . | . | . | . | . | . | . | . |
+---+---+---+---+---+---+---+---+---+---+
| . | . | . | . | . | . | . | . | . | . |
+---+---+---+---+---+---+---+---+---+---+
| . | . | . | . | . | . | . | . | . | . |
+---+---+---+---+---+---+---+---+---+---+
| . | . | . | . | . | . | . | . | . | . |
+---+---+---+---+---+---+---+---+---+---+
| . | . | . | . | . | . | . | . | . | . |
+---+---+---+---+---+---+---+---+---+---+
| . | . | . | . | . | . | . | . | . | . |
+---+---+---+---+---+---+---+---+---+---+
| . | . | A | . | . | . | . | . | . | . |
+---+---+---+---+---+---+---+---+---+---+
| . | . | . | . | . | . | . | . | . | . |
+---+---+---+---+---+---+---+---+---+---+
| . | . | . | . | . | . | . | . | . | . |
+---+---+---+---+---+---+---+---+---+---+
agent's action is:  right
Room 2 | has_key=0
+---+---+---+---+---+---+---+---+---+---+
| . | . | . | . | D | . | . | . | . | . |
+---+---+---+---+---+---+---+---+---+---+
| . | . | . | . | . | . | . | . | . | . |
+---+---+---+---+---+---+---+---+---+---+
| . | . | . | . | . | . | . | . | . | . |
+---+---+---+---+---+---+---+---+---+---+
| . | . | . | . | . | . | . | . | . | . |
+---+---+---+---+---+---+---+---+---+---+
| . | . | . | . | . | . | . | . | . | . |
+---+---+---+---+---+---+---+---+---+---+
| . | . | . | . | . | . | . | . | . | . |
+---+---+---+---+---+---+---+---+---+---+
| . | . | . | . | . | . | . | . | . | . |
+---+---+---+---+---+---+---+---+---+---+
| . | . | . | A | . | . | . | . | . | . |
+---+---+---+---+---+---+---+---+---+---+
| . | . | . | . | . | . | . | . | . | . |
+---+---+---+---+---+---+---+---+---+---+
| . | . | . | . | . | . | . | . | . | . |
+---+---+---+---+---+---+---+---+---+---+
agent's action is:  right
Room 2 | has_key=0
+---+---+---+---+---+---+---+---+---+---+
| . | . | . | . | D | . | . | . | . | . |
+---+---+---+---+---+---+---+---+---+---+
| . | . | . | . | . | . | . | . | . | . |
+---+---+---+---+---+---+---+---+---+---+
| . | . | . | . | . | . | . | . | . | . |
+---+---+---+---+---+---+---+---+---+---+
| . | . | . | . | . | . | . | . | . | . |
+---+---+---+---+---+---+---+---+---+---+
| . | . | . | . | . | . | . | . | . | . |
+---+---+---+---+---+---+---+---+---+---+
| . | . | . | . | . | . | . | . | . | . |
+---+---+---+---+---+---+---+---+---+---+
| . | . | . | . | . | . | . | . | . | . |
+---+---+---+---+---+---+---+---+---+---+
| . | . | . | . | A | . | . | . | . | . |
+---+---+---+---+---+---+---+---+---+---+
| . | . | . | . | . | . | . | . | . | . |
+---+---+---+---+---+---+---+---+---+---+
| . | . | . | . | . | . | . | . | . | . |
+---+---+---+---+---+---+---+---+---+---+
agent's action is:  pick up key
Room 2 | has_key=0
+---+---+---+---+---+---+---+---+---+---+
| . | . | . | . | D | . | . | . | . | . |
+---+---+---+---+---+---+---+---+---+---+
| . | . | . | . | . | . | . | . | . | . |
+---+---+---+---+---+---+---+---+---+---+
| . | . | . | . | . | . | . | . | . | . |
+---+---+---+---+---+---+---+---+---+---+
| . | . | . | . | . | . | . | . | . | . |
+---+---+---+---+---+---+---+---+---+---+
| . | . | . | . | . | . | . | . | . | . |
+---+---+---+---+---+---+---+---+---+---+
| . | . | . | . | . | . | . | . | . | . |
+---+---+---+---+---+---+---+---+---+---+
| . | . | . | . | . | . | . | . | . | . |
+---+---+---+---+---+---+---+---+---+---+
| . | . | . | . | A | . | . | . | . | . |
+---+---+---+---+---+---+---+---+---+---+
| . | . | . | . | . | . | . | . | . | . |
+---+---+---+---+---+---+---+---+---+---+
| . | . | . | . | . | . | . | . | . | . |
+---+---+---+---+---+---+---+---+---+---+
agent's action is:  right
Room 2 | has_key=0
+---+---+---+---+---+---+---+---+---+---+
| . | . | . | . | D | . | . | . | . | . |
+---+---+---+---+---+---+---+---+---+---+
| . | . | . | . | . | . | . | . | . | . |
+---+---+---+---+---+---+---+---+---+---+
| . | . | . | . | . | . | . | . | . | . |
+---+---+---+---+---+---+---+---+---+---+
| . | . | . | . | . | . | . | . | . | . |
+---+---+---+---+---+---+---+---+---+---+
| . | . | . | . | . | . | . | . | . | . |
+---+---+---+---+---+---+---+---+---+---+
| . | . | . | . | . | . | . | . | . | . |
+---+---+---+---+---+---+---+---+---+---+
| . | . | . | . | . | . | . | . | . | . |
+---+---+---+---+---+---+---+---+---+---+
| . | . | . | . | . | A | . | . | . | . |
+---+---+---+---+---+---+---+---+---+---+
| . | . | . | . | . | . | . | . | . | . |
+---+---+---+---+---+---+---+---+---+---+
| . | . | . | . | . | . | . | . | . | . |
+---+---+---+---+---+---+---+---+---+---+
agent's action is:  pick up key
Room 2 | has_key=0
+---+---+---+---+---+---+---+---+---+---+
| . | . | . | . | D | . | . | . | . | . |
+---+---+---+---+---+---+---+---+---+---+
| . | . | . | . | . | . | . | . | . | . |
+---+---+---+---+---+---+---+---+---+---+
| . | . | . | . | . | . | . | . | . | . |
+---+---+---+---+---+---+---+---+---+---+
| . | . | . | . | . | . | . | . | . | . |
+---+---+---+---+---+---+---+---+---+---+
| . | . | . | . | . | . | . | . | . | . |
+---+---+---+---+---+---+---+---+---+---+
| . | . | . | . | . | . | . | . | . | . |
+---+---+---+---+---+---+---+---+---+---+
| . | . | . | . | . | . | . | . | . | . |
+---+---+---+---+---+---+---+---+---+---+
| . | . | . | . | . | A | . | . | . | . |
+---+---+---+---+---+---+---+---+---+---+
| . | . | . | . | . | . | . | . | . | . |
+---+---+---+---+---+---+---+---+---+---+
| . | . | . | . | . | . | . | . | . | . |
+---+---+---+---+---+---+---+---+---+---+
agent's action is:  pick up key
Room 2 | has_key=0
+---+---+---+---+---+---+---+---+---+---+
| . | . | . | . | D | . | . | . | . | . |
+---+---+---+---+---+---+---+---+---+---+
| . | . | . | . | . | . | . | . | . | . |
+---+---+---+---+---+---+---+---+---+---+
| . | . | . | . | . | . | . | . | . | . |
+---+---+---+---+---+---+---+---+---+---+
| . | . | . | . | . | . | . | . | . | . |
+---+---+---+---+---+---+---+---+---+---+
| . | . | . | . | . | . | . | . | . | . |
+---+---+---+---+---+---+---+---+---+---+
| . | . | . | . | . | . | . | . | . | . |
+---+---+---+---+---+---+---+---+---+---+
| . | . | . | . | . | . | . | . | . | . |
+---+---+---+---+---+---+---+---+---+---+
| . | . | . | . | . | A | . | . | . | . |
+---+---+---+---+---+---+---+---+---+---+
| . | . | . | . | . | . | . | . | . | . |
+---+---+---+---+---+---+---+---+---+---+
| . | . | . | . | . | . | . | . | . | . |
+---+---+---+---+---+---+---+---+---+---+
agent's action is:  pick up key
Room 2 | has_key=0
+---+---+---+---+---+---+---+---+---+---+
| . | . | . | . | D | . | . | . | . | . |
+---+---+---+---+---+---+---+---+---+---+
| . | . | . | . | . | . | . | . | . | . |
+---+---+---+---+---+---+---+---+---+---+
| . | . | . | . | . | . | . | . | . | . |
+---+---+---+---+---+---+---+---+---+---+
| . | . | . | . | . | . | . | . | . | . |
+---+---+---+---+---+---+---+---+---+---+
| . | . | . | . | . | . | . | . | . | . |
+---+---+---+---+---+---+---+---+---+---+
| . | . | . | . | . | . | . | . | . | . |
+---+---+---+---+---+---+---+---+---+---+
| . | . | . | . | . | . | . | . | . | . |
+---+---+---+---+---+---+---+---+---+---+
| . | . | . | . | . | A | . | . | . | . |
+---+---+---+---+---+---+---+---+---+---+
| . | . | . | . | . | . | . | . | . | . |
+---+---+---+---+---+---+---+---+---+---+
| . | . | . | . | . | . | . | . | . | . |
+---+---+---+---+---+---+---+---+---+---+
agent's action is:  pick up key
Room 2 | has_key=0
+---+---+---+---+---+---+---+---+---+---+
| . | . | . | . | D | . | . | . | . | . |
+---+---+---+---+---+---+---+---+---+---+
| . | . | . | . | . | . | . | . | . | . |
+---+---+---+---+---+---+---+---+---+---+
| . | . | . | . | . | . | . | . | . | . |
+---+---+---+---+---+---+---+---+---+---+
| . | . | . | . | . | . | . | . | . | . |
+---+---+---+---+---+---+---+---+---+---+
| . | . | . | . | . | . | . | . | . | . |
+---+---+---+---+---+---+---+---+---+---+
| . | . | . | . | . | . | . | . | . | . |
+---+---+---+---+---+---+---+---+---+---+
| . | . | . | . | . | . | . | . | . | . |
+---+---+---+---+---+---+---+---+---+---+
| . | . | . | . | . | A | . | . | . | . |
+---+---+---+---+---+---+---+---+---+---+
| . | . | . | . | . | . | . | . | . | . |
+---+---+---+---+---+---+---+---+---+---+
| . | . | . | . | . | . | . | . | . | . |
+---+---+---+---+---+---+---+---+---+---+
agent's action is:  pick up key
Room 2 | has_key=0
+---+---+---+---+---+---+---+---+---+---+
| . | . | . | . | D | . | . | . | . | . |
+---+---+---+---+---+---+---+---+---+---+
| . | . | . | . | . | . | . | . | . | . |
+---+---+---+---+---+---+---+---+---+---+
| . | . | . | . | . | . | . | . | . | . |
+---+---+---+---+---+---+---+---+---+---+
| . | . | . | . | . | . | . | . | . | . |
+---+---+---+---+---+---+---+---+---+---+
| . | . | . | . | . | . | . | . | . | . |
+---+---+---+---+---+---+---+---+---+---+
| . | . | . | . | . | . | . | . | . | . |
+---+---+---+---+---+---+---+---+---+---+
| . | . | . | . | . | . | . | . | . | . |
+---+---+---+---+---+---+---+---+---+---+
| . | . | . | . | . | A | . | . | . | . |
+---+---+---+---+---+---+---+---+---+---+
| . | . | . | . | . | . | . | . | . | . |
+---+---+---+---+---+---+---+---+---+---+
| . | . | . | . | . | . | . | . | . | . |
+---+---+---+---+---+---+---+---+---+---+
agent's action is:  pick up key
Room 2 | has_key=0
+---+---+---+---+---+---+---+---+---+---+
| . | . | . | . | D | . | . | . | . | . |
+---+---+---+---+---+---+---+---+---+---+
| . | . | . | . | . | . | . | . | . | . |
+---+---+---+---+---+---+---+---+---+---+
| . | . | . | . | . | . | . | . | . | . |
+---+---+---+---+---+---+---+---+---+---+
| . | . | . | . | . | . | . | . | . | . |
+---+---+---+---+---+---+---+---+---+---+
| . | . | . | . | . | . | . | . | . | . |
+---+---+---+---+---+---+---+---+---+---+
| . | . | . | . | . | . | . | . | . | . |
+---+---+---+---+---+---+---+---+---+---+
| . | . | . | . | . | . | . | . | . | . |
+---+---+---+---+---+---+---+---+---+---+
| . | . | . | . | . | A | . | . | . | . |
+---+---+---+---+---+---+---+---+---+---+
| . | . | . | . | . | . | . | . | . | . |
+---+---+---+---+---+---+---+---+---+---+
| . | . | . | . | . | . | . | . | . | . |
+---+---+---+---+---+---+---+---+---+---+
agent's action is:  pick up key
Room 2 | has_key=0
+---+---+---+---+---+---+---+---+---+---+
| . | . | . | . | D | . | . | . | . | . |
+---+---+---+---+---+---+---+---+---+---+
| . | . | . | . | . | . | . | . | . | . |
+---+---+---+---+---+---+---+---+---+---+
| . | . | . | . | . | . | . | . | . | . |
+---+---+---+---+---+---+---+---+---+---+
| . | . | . | . | . | . | . | . | . | . |
+---+---+---+---+---+---+---+---+---+---+
| . | . | . | . | . | . | . | . | . | . |
+---+---+---+---+---+---+---+---+---+---+
| . | . | . | . | . | . | . | . | . | . |
+---+---+---+---+---+---+---+---+---+---+
| . | . | . | . | . | . | . | . | . | . |
+---+---+---+---+---+---+---+---+---+---+
| . | . | . | . | . | A | . | . | . | . |
+---+---+---+---+---+---+---+---+---+---+
| . | . | . | . | . | . | . | . | . | . |
+---+---+---+---+---+---+---+---+---+---+
| . | . | . | . | . | . | . | . | . | . |
+---+---+---+---+---+---+---+---+---+---+
agent's action is:  pick up key
Room 2 | has_key=0
+---+---+---+---+---+---+---+---+---+---+
| . | . | . | . | D | . | . | . | . | . |
+---+---+---+---+---+---+---+---+---+---+
| . | . | . | . | . | . | . | . | . | . |
+---+---+---+---+---+---+---+---+---+---+
| . | . | . | . | . | . | . | . | . | . |
+---+---+---+---+---+---+---+---+---+---+
| . | . | . | . | . | . | . | . | . | . |
+---+---+---+---+---+---+---+---+---+---+
| . | . | . | . | . | . | . | . | . | . |
+---+---+---+---+---+---+---+---+---+---+
| . | . | . | . | . | . | . | . | . | . |
+---+---+---+---+---+---+---+---+---+---+
| . | . | . | . | . | . | . | . | . | . |
+---+---+---+---+---+---+---+---+---+---+
| . | . | . | . | . | A | . | . | . | . |
+---+---+---+---+---+---+---+---+---+---+
| . | . | . | . | . | . | . | . | . | . |
+---+---+---+---+---+---+---+---+---+---+
| . | . | . | . | . | . | . | . | . | . |
+---+---+---+---+---+---+---+---+---+---+
agent's action is:  pick up key
Room 2 | has_key=0
+---+---+---+---+---+---+---+---+---+---+
| . | . | . | . | D | . | . | . | . | . |
+---+---+---+---+---+---+---+---+---+---+
| . | . | . | . | . | . | . | . | . | . |
+---+---+---+---+---+---+---+---+---+---+
| . | . | . | . | . | . | . | . | . | . |
+---+---+---+---+---+---+---+---+---+---+
| . | . | . | . | . | . | . | . | . | . |
+---+---+---+---+---+---+---+---+---+---+
| . | . | . | . | . | . | . | . | . | . |
+---+---+---+---+---+---+---+---+---+---+
| . | . | . | . | . | . | . | . | . | . |
+---+---+---+---+---+---+---+---+---+---+
| . | . | . | . | . | . | . | . | . | . |
+---+---+---+---+---+---+---+---+---+---+
| . | . | . | . | . | A | . | . | . | . |
+---+---+---+---+---+---+---+---+---+---+
| . | . | . | . | . | . | . | . | . | . |
+---+---+---+---+---+---+---+---+---+---+
| . | . | . | . | . | . | . | . | . | . |
+---+---+---+---+---+---+---+---+---+---+
agent's action is:  pick up key
Room 2 | has_key=0
+---+---+---+---+---+---+---+---+---+---+
| . | . | . | . | D | . | . | . | . | . |
+---+---+---+---+---+---+---+---+---+---+
| . | . | . | . | . | . | . | . | . | . |
+---+---+---+---+---+---+---+---+---+---+
| . | . | . | . | . | . | . | . | . | . |
+---+---+---+---+---+---+---+---+---+---+
| . | . | . | . | . | . | . | . | . | . |
+---+---+---+---+---+---+---+---+---+---+
| . | . | . | . | . | . | . | . | . | . |
+---+---+---+---+---+---+---+---+---+---+
| . | . | . | . | . | . | . | . | . | . |
+---+---+---+---+---+---+---+---+---+---+
| . | . | . | . | . | . | . | . | . | . |
+---+---+---+---+---+---+---+---+---+---+
| . | . | . | . | . | A | . | . | . | . |
+---+---+---+---+---+---+---+---+---+---+
| . | . | . | . | . | . | . | . | . | . |
+---+---+---+---+---+---+---+---+---+---+
| . | . | . | . | . | . | . | . | . | . |
+---+---+---+---+---+---+---+---+---+---+
agent's action is:  pick up key
Room 2 | has_key=0
+---+---+---+---+---+---+---+---+---+---+
| . | . | . | . | D | . | . | . | . | . |
+---+---+---+---+---+---+---+---+---+---+
| . | . | . | . | . | . | . | . | . | . |
+---+---+---+---+---+---+---+---+---+---+
| . | . | . | . | . | . | . | . | . | . |
+---+---+---+---+---+---+---+---+---+---+
| . | . | . | . | . | . | . | . | . | . |
+---+---+---+---+---+---+---+---+---+---+
| . | . | . | . | . | . | . | . | . | . |
+---+---+---+---+---+---+---+---+---+---+
| . | . | . | . | . | . | . | . | . | . |
+---+---+---+---+---+---+---+---+---+---+
| . | . | . | . | . | . | . | . | . | . |
+---+---+---+---+---+---+---+---+---+---+
| . | . | . | . | . | A | . | . | . | . |
+---+---+---+---+---+---+---+---+---+---+
| . | . | . | . | . | . | . | . | . | . |
+---+---+---+---+---+---+---+---+---+---+
| . | . | . | . | . | . | . | . | . | . |
+---+---+---+---+---+---+---+---+---+---+
agent's action is:  right

Evaluating dt_ground_truth_5_7_norm on size 10 (generalization)...
Room 0 | has_key=0
+---+---+---+---+---+---+---+---+---+---+
| . | . | . | . | . | . | . | . | . | . |
+---+---+---+---+---+---+---+---+---+---+
| . | . | . | . | . | . | . | . | . | . |
+---+---+---+---+---+---+---+---+---+---+
| . | . | . | . | . | . | . | . | . | . |
+---+---+---+---+---+---+---+---+---+---+
| . | . | . | . | . | . | . | . | . | . |
+---+---+---+---+---+---+---+---+---+---+
| . | . | . | . | . | . | . | . | . | . |
+---+---+---+---+---+---+---+---+---+---+
| . | . | . | . | . | . | K | . | . | . |
+---+---+---+---+---+---+---+---+---+---+
| . | . | . | . | . | . | . | . | . | . |
+---+---+---+---+---+---+---+---+---+---+
| . | . | . | . | . | . | . | . | . | . |
+---+---+---+---+---+---+---+---+---+---+
| . | . | . | . | . | . | . | . | . | . |
+---+---+---+---+---+---+---+---+---+---+
| A | . | . | . | . | . | . | . | . | . |
+---+---+---+---+---+---+---+---+---+---+
agent's action is:  up
Room 0 | has_key=0
+---+---+---+---+---+---+---+---+---+---+
| . | . | . | . | . | . | . | . | . | . |
+---+---+---+---+---+---+---+---+---+---+
| . | . | . | . | . | . | . | . | . | . |
+---+---+---+---+---+---+---+---+---+---+
| . | . | . | . | . | . | . | . | . | . |
+---+---+---+---+---+---+---+---+---+---+
| . | . | . | . | . | . | . | . | . | . |
+---+---+---+---+---+---+---+---+---+---+
| . | . | . | . | . | . | . | . | . | . |
+---+---+---+---+---+---+---+---+---+---+
| . | . | . | . | . | . | K | . | . | . |
+---+---+---+---+---+---+---+---+---+---+
| . | . | . | . | . | . | . | . | . | . |
+---+---+---+---+---+---+---+---+---+---+
| . | . | . | . | . | . | . | . | . | . |
+---+---+---+---+---+---+---+---+---+---+
| A | . | . | . | . | . | . | . | . | . |
+---+---+---+---+---+---+---+---+---+---+
| . | . | . | . | . | . | . | . | . | . |
+---+---+---+---+---+---+---+---+---+---+
agent's action is:  up
Room 0 | has_key=0
+---+---+---+---+---+---+---+---+---+---+
| . | . | . | . | . | . | . | . | . | . |
+---+---+---+---+---+---+---+---+---+---+
| . | . | . | . | . | . | . | . | . | . |
+---+---+---+---+---+---+---+---+---+---+
| . | . | . | . | . | . | . | . | . | . |
+---+---+---+---+---+---+---+---+---+---+
| . | . | . | . | . | . | . | . | . | . |
+---+---+---+---+---+---+---+---+---+---+
| . | . | . | . | . | . | . | . | . | . |
+---+---+---+---+---+---+---+---+---+---+
| . | . | . | . | . | . | K | . | . | . |
+---+---+---+---+---+---+---+---+---+---+
| . | . | . | . | . | . | . | . | . | . |
+---+---+---+---+---+---+---+---+---+---+
| A | . | . | . | . | . | . | . | . | . |
+---+---+---+---+---+---+---+---+---+---+
| . | . | . | . | . | . | . | . | . | . |
+---+---+---+---+---+---+---+---+---+---+
| . | . | . | . | . | . | . | . | . | . |
+---+---+---+---+---+---+---+---+---+---+
agent's action is:  up
Room 0 | has_key=0
+---+---+---+---+---+---+---+---+---+---+
| . | . | . | . | . | . | . | . | . | . |
+---+---+---+---+---+---+---+---+---+---+
| . | . | . | . | . | . | . | . | . | . |
+---+---+---+---+---+---+---+---+---+---+
| . | . | . | . | . | . | . | . | . | . |
+---+---+---+---+---+---+---+---+---+---+
| . | . | . | . | . | . | . | . | . | . |
+---+---+---+---+---+---+---+---+---+---+
| . | . | . | . | . | . | . | . | . | . |
+---+---+---+---+---+---+---+---+---+---+
| . | . | . | . | . | . | K | . | . | . |
+---+---+---+---+---+---+---+---+---+---+
| A | . | . | . | . | . | . | . | . | . |
+---+---+---+---+---+---+---+---+---+---+
| . | . | . | . | . | . | . | . | . | . |
+---+---+---+---+---+---+---+---+---+---+
| . | . | . | . | . | . | . | . | . | . |
+---+---+---+---+---+---+---+---+---+---+
| . | . | . | . | . | . | . | . | . | . |
+---+---+---+---+---+---+---+---+---+---+
agent's action is:  right
Room 0 | has_key=0
+---+---+---+---+---+---+---+---+---+---+
| . | . | . | . | . | . | . | . | . | . |
+---+---+---+---+---+---+---+---+---+---+
| . | . | . | . | . | . | . | . | . | . |
+---+---+---+---+---+---+---+---+---+---+
| . | . | . | . | . | . | . | . | . | . |
+---+---+---+---+---+---+---+---+---+---+
| . | . | . | . | . | . | . | . | . | . |
+---+---+---+---+---+---+---+---+---+---+
| . | . | . | . | . | . | . | . | . | . |
+---+---+---+---+---+---+---+---+---+---+
| . | . | . | . | . | . | K | . | . | . |
+---+---+---+---+---+---+---+---+---+---+
| . | A | . | . | . | . | . | . | . | . |
+---+---+---+---+---+---+---+---+---+---+
| . | . | . | . | . | . | . | . | . | . |
+---+---+---+---+---+---+---+---+---+---+
| . | . | . | . | . | . | . | . | . | . |
+---+---+---+---+---+---+---+---+---+---+
| . | . | . | . | . | . | . | . | . | . |
+---+---+---+---+---+---+---+---+---+---+
agent's action is:  right
Room 0 | has_key=0
+---+---+---+---+---+---+---+---+---+---+
| . | . | . | . | . | . | . | . | . | . |
+---+---+---+---+---+---+---+---+---+---+
| . | . | . | . | . | . | . | . | . | . |
+---+---+---+---+---+---+---+---+---+---+
| . | . | . | . | . | . | . | . | . | . |
+---+---+---+---+---+---+---+---+---+---+
| . | . | . | . | . | . | . | . | . | . |
+---+---+---+---+---+---+---+---+---+---+
| . | . | . | . | . | . | . | . | . | . |
+---+---+---+---+---+---+---+---+---+---+
| . | . | . | . | . | . | K | . | . | . |
+---+---+---+---+---+---+---+---+---+---+
| . | . | A | . | . | . | . | . | . | . |
+---+---+---+---+---+---+---+---+---+---+
| . | . | . | . | . | . | . | . | . | . |
+---+---+---+---+---+---+---+---+---+---+
| . | . | . | . | . | . | . | . | . | . |
+---+---+---+---+---+---+---+---+---+---+
| . | . | . | . | . | . | . | . | . | . |
+---+---+---+---+---+---+---+---+---+---+
agent's action is:  right
Room 0 | has_key=0
+---+---+---+---+---+---+---+---+---+---+
| . | . | . | . | . | . | . | . | . | . |
+---+---+---+---+---+---+---+---+---+---+
| . | . | . | . | . | . | . | . | . | . |
+---+---+---+---+---+---+---+---+---+---+
| . | . | . | . | . | . | . | . | . | . |
+---+---+---+---+---+---+---+---+---+---+
| . | . | . | . | . | . | . | . | . | . |
+---+---+---+---+---+---+---+---+---+---+
| . | . | . | . | . | . | . | . | . | . |
+---+---+---+---+---+---+---+---+---+---+
| . | . | . | . | . | . | K | . | . | . |
+---+---+---+---+---+---+---+---+---+---+
| . | . | . | A | . | . | . | . | . | . |
+---+---+---+---+---+---+---+---+---+---+
| . | . | . | . | . | . | . | . | . | . |
+---+---+---+---+---+---+---+---+---+---+
| . | . | . | . | . | . | . | . | . | . |
+---+---+---+---+---+---+---+---+---+---+
| . | . | . | . | . | . | . | . | . | . |
+---+---+---+---+---+---+---+---+---+---+
agent's action is:  right
Room 0 | has_key=0
+---+---+---+---+---+---+---+---+---+---+
| . | . | . | . | . | . | . | . | . | . |
+---+---+---+---+---+---+---+---+---+---+
| . | . | . | . | . | . | . | . | . | . |
+---+---+---+---+---+---+---+---+---+---+
| . | . | . | . | . | . | . | . | . | . |
+---+---+---+---+---+---+---+---+---+---+
| . | . | . | . | . | . | . | . | . | . |
+---+---+---+---+---+---+---+---+---+---+
| . | . | . | . | . | . | . | . | . | . |
+---+---+---+---+---+---+---+---+---+---+
| . | . | . | . | . | . | K | . | . | . |
+---+---+---+---+---+---+---+---+---+---+
| . | . | . | . | A | . | . | . | . | . |
+---+---+---+---+---+---+---+---+---+---+
| . | . | . | . | . | . | . | . | . | . |
+---+---+---+---+---+---+---+---+---+---+
| . | . | . | . | . | . | . | . | . | . |
+---+---+---+---+---+---+---+---+---+---+
| . | . | . | . | . | . | . | . | . | . |
+---+---+---+---+---+---+---+---+---+---+
agent's action is:  right
Room 0 | has_key=0
+---+---+---+---+---+---+---+---+---+---+
| . | . | . | . | . | . | . | . | . | . |
+---+---+---+---+---+---+---+---+---+---+
| . | . | . | . | . | . | . | . | . | . |
+---+---+---+---+---+---+---+---+---+---+
| . | . | . | . | . | . | . | . | . | . |
+---+---+---+---+---+---+---+---+---+---+
| . | . | . | . | . | . | . | . | . | . |
+---+---+---+---+---+---+---+---+---+---+
| . | . | . | . | . | . | . | . | . | . |
+---+---+---+---+---+---+---+---+---+---+
| . | . | . | . | . | . | K | . | . | . |
+---+---+---+---+---+---+---+---+---+---+
| . | . | . | . | . | A | . | . | . | . |
+---+---+---+---+---+---+---+---+---+---+
| . | . | . | . | . | . | . | . | . | . |
+---+---+---+---+---+---+---+---+---+---+
| . | . | . | . | . | . | . | . | . | . |
+---+---+---+---+---+---+---+---+---+---+
| . | . | . | . | . | . | . | . | . | . |
+---+---+---+---+---+---+---+---+---+---+
agent's action is:  pick up key
Room 0 | has_key=0
+---+---+---+---+---+---+---+---+---+---+
| . | . | . | . | . | . | . | . | . | . |
+---+---+---+---+---+---+---+---+---+---+
| . | . | . | . | . | . | . | . | . | . |
+---+---+---+---+---+---+---+---+---+---+
| . | . | . | . | . | . | . | . | . | . |
+---+---+---+---+---+---+---+---+---+---+
| . | . | . | . | . | . | . | . | . | . |
+---+---+---+---+---+---+---+---+---+---+
| . | . | . | . | . | . | . | . | . | . |
+---+---+---+---+---+---+---+---+---+---+
| . | . | . | . | . | . | K | . | . | . |
+---+---+---+---+---+---+---+---+---+---+
| . | . | . | . | . | A | . | . | . | . |
+---+---+---+---+---+---+---+---+---+---+
| . | . | . | . | . | . | . | . | . | . |
+---+---+---+---+---+---+---+---+---+---+
| . | . | . | . | . | . | . | . | . | . |
+---+---+---+---+---+---+---+---+---+---+
| . | . | . | . | . | . | . | . | . | . |
+---+---+---+---+---+---+---+---+---+---+
agent's action is:  pick up key
Room 0 | has_key=0
+---+---+---+---+---+---+---+---+---+---+
| . | . | . | . | . | . | . | . | . | . |
+---+---+---+---+---+---+---+---+---+---+
| . | . | . | . | . | . | . | . | . | . |
+---+---+---+---+---+---+---+---+---+---+
| . | . | . | . | . | . | . | . | . | . |
+---+---+---+---+---+---+---+---+---+---+
| . | . | . | . | . | . | . | . | . | . |
+---+---+---+---+---+---+---+---+---+---+
| . | . | . | . | . | . | . | . | . | . |
+---+---+---+---+---+---+---+---+---+---+
| . | . | . | . | . | . | K | . | . | . |
+---+---+---+---+---+---+---+---+---+---+
| . | . | . | . | . | A | . | . | . | . |
+---+---+---+---+---+---+---+---+---+---+
| . | . | . | . | . | . | . | . | . | . |
+---+---+---+---+---+---+---+---+---+---+
| . | . | . | . | . | . | . | . | . | . |
+---+---+---+---+---+---+---+---+---+---+
| . | . | . | . | . | . | . | . | . | . |
+---+---+---+---+---+---+---+---+---+---+
agent's action is:  pick up key
Room 0 | has_key=0
+---+---+---+---+---+---+---+---+---+---+
| . | . | . | . | . | . | . | . | . | . |
+---+---+---+---+---+---+---+---+---+---+
| . | . | . | . | . | . | . | . | . | . |
+---+---+---+---+---+---+---+---+---+---+
| . | . | . | . | . | . | . | . | . | . |
+---+---+---+---+---+---+---+---+---+---+
| . | . | . | . | . | . | . | . | . | . |
+---+---+---+---+---+---+---+---+---+---+
| . | . | . | . | . | . | . | . | . | . |
+---+---+---+---+---+---+---+---+---+---+
| . | . | . | . | . | . | K | . | . | . |
+---+---+---+---+---+---+---+---+---+---+
| . | . | . | . | . | A | . | . | . | . |
+---+---+---+---+---+---+---+---+---+---+
| . | . | . | . | . | . | . | . | . | . |
+---+---+---+---+---+---+---+---+---+---+
| . | . | . | . | . | . | . | . | . | . |
+---+---+---+---+---+---+---+---+---+---+
| . | . | . | . | . | . | . | . | . | . |
+---+---+---+---+---+---+---+---+---+---+
agent's action is:  pick up key
Room 0 | has_key=0
+---+---+---+---+---+---+---+---+---+---+
| . | . | . | . | . | . | . | . | . | . |
+---+---+---+---+---+---+---+---+---+---+
| . | . | . | . | . | . | . | . | . | . |
+---+---+---+---+---+---+---+---+---+---+
| . | . | . | . | . | . | . | . | . | . |
+---+---+---+---+---+---+---+---+---+---+
| . | . | . | . | . | . | . | . | . | . |
+---+---+---+---+---+---+---+---+---+---+
| . | . | . | . | . | . | . | . | . | . |
+---+---+---+---+---+---+---+---+---+---+
| . | . | . | . | . | . | K | . | . | . |
+---+---+---+---+---+---+---+---+---+---+
| . | . | . | . | . | A | . | . | . | . |
+---+---+---+---+---+---+---+---+---+---+
| . | . | . | . | . | . | . | . | . | . |
+---+---+---+---+---+---+---+---+---+---+
| . | . | . | . | . | . | . | . | . | . |
+---+---+---+---+---+---+---+---+---+---+
| . | . | . | . | . | . | . | . | . | . |
+---+---+---+---+---+---+---+---+---+---+
agent's action is:  pick up key
Room 0 | has_key=0
+---+---+---+---+---+---+---+---+---+---+
| . | . | . | . | . | . | . | . | . | . |
+---+---+---+---+---+---+---+---+---+---+
| . | . | . | . | . | . | . | . | . | . |
+---+---+---+---+---+---+---+---+---+---+
| . | . | . | . | . | . | . | . | . | . |
+---+---+---+---+---+---+---+---+---+---+
| . | . | . | . | . | . | . | . | . | . |
+---+---+---+---+---+---+---+---+---+---+
| . | . | . | . | . | . | . | . | . | . |
+---+---+---+---+---+---+---+---+---+---+
| . | . | . | . | . | . | K | . | . | . |
+---+---+---+---+---+---+---+---+---+---+
| . | . | . | . | . | A | . | . | . | . |
+---+---+---+---+---+---+---+---+---+---+
| . | . | . | . | . | . | . | . | . | . |
+---+---+---+---+---+---+---+---+---+---+
| . | . | . | . | . | . | . | . | . | . |
+---+---+---+---+---+---+---+---+---+---+
| . | . | . | . | . | . | . | . | . | . |
+---+---+---+---+---+---+---+---+---+---+
agent's action is:  pick up key
Room 0 | has_key=0
+---+---+---+---+---+---+---+---+---+---+
| . | . | . | . | . | . | . | . | . | . |
+---+---+---+---+---+---+---+---+---+---+
| . | . | . | . | . | . | . | . | . | . |
+---+---+---+---+---+---+---+---+---+---+
| . | . | . | . | . | . | . | . | . | . |
+---+---+---+---+---+---+---+---+---+---+
| . | . | . | . | . | . | . | . | . | . |
+---+---+---+---+---+---+---+---+---+---+
| . | . | . | . | . | . | . | . | . | . |
+---+---+---+---+---+---+---+---+---+---+
| . | . | . | . | . | . | K | . | . | . |
+---+---+---+---+---+---+---+---+---+---+
| . | . | . | . | . | A | . | . | . | . |
+---+---+---+---+---+---+---+---+---+---+
| . | . | . | . | . | . | . | . | . | . |
+---+---+---+---+---+---+---+---+---+---+
| . | . | . | . | . | . | . | . | . | . |
+---+---+---+---+---+---+---+---+---+---+
| . | . | . | . | . | . | . | . | . | . |
+---+---+---+---+---+---+---+---+---+---+
agent's action is:  pick up key
Room 0 | has_key=0
+---+---+---+---+---+---+---+---+---+---+
| . | . | . | . | . | . | . | . | . | . |
+---+---+---+---+---+---+---+---+---+---+
| . | . | . | . | . | . | . | . | . | . |
+---+---+---+---+---+---+---+---+---+---+
| . | . | . | . | . | . | . | . | . | . |
+---+---+---+---+---+---+---+---+---+---+
| . | . | . | . | . | . | . | . | . | . |
+---+---+---+---+---+---+---+---+---+---+
| . | . | . | . | . | . | . | . | . | . |
+---+---+---+---+---+---+---+---+---+---+
| . | . | . | . | . | . | K | . | . | . |
+---+---+---+---+---+---+---+---+---+---+
| . | . | . | . | . | A | . | . | . | . |
+---+---+---+---+---+---+---+---+---+---+
| . | . | . | . | . | . | . | . | . | . |
+---+---+---+---+---+---+---+---+---+---+
| . | . | . | . | . | . | . | . | . | . |
+---+---+---+---+---+---+---+---+---+---+
| . | . | . | . | . | . | . | . | . | . |
+---+---+---+---+---+---+---+---+---+---+
agent's action is:  pick up key
Room 0 | has_key=0
+---+---+---+---+---+---+---+---+---+---+
| . | . | . | . | . | . | . | . | . | . |
+---+---+---+---+---+---+---+---+---+---+
| . | . | . | . | . | . | . | . | . | . |
+---+---+---+---+---+---+---+---+---+---+
| . | . | . | . | . | . | . | . | . | . |
+---+---+---+---+---+---+---+---+---+---+
| . | . | . | . | . | . | . | . | . | . |
+---+---+---+---+---+---+---+---+---+---+
| . | . | . | . | . | . | . | . | . | . |
+---+---+---+---+---+---+---+---+---+---+
| . | . | . | . | . | . | K | . | . | . |
+---+---+---+---+---+---+---+---+---+---+
| . | . | . | . | . | A | . | . | . | . |
+---+---+---+---+---+---+---+---+---+---+
| . | . | . | . | . | . | . | . | . | . |
+---+---+---+---+---+---+---+---+---+---+
| . | . | . | . | . | . | . | . | . | . |
+---+---+---+---+---+---+---+---+---+---+
| . | . | . | . | . | . | . | . | . | . |
+---+---+---+---+---+---+---+---+---+---+
agent's action is:  right
Room 0 | has_key=0
+---+---+---+---+---+---+---+---+---+---+
| . | . | . | . | . | . | . | . | . | . |
+---+---+---+---+---+---+---+---+---+---+
| . | . | . | . | . | . | . | . | . | . |
+---+---+---+---+---+---+---+---+---+---+
| . | . | . | . | . | . | . | . | . | . |
+---+---+---+---+---+---+---+---+---+---+
| . | . | . | . | . | . | . | . | . | . |
+---+---+---+---+---+---+---+---+---+---+
| . | . | . | . | . | . | . | . | . | . |
+---+---+---+---+---+---+---+---+---+---+
| . | . | . | . | . | . | K | . | . | . |
+---+---+---+---+---+---+---+---+---+---+
| . | . | . | . | . | . | A | . | . | . |
+---+---+---+---+---+---+---+---+---+---+
| . | . | . | . | . | . | . | . | . | . |
+---+---+---+---+---+---+---+---+---+---+
| . | . | . | . | . | . | . | . | . | . |
+---+---+---+---+---+---+---+---+---+---+
| . | . | . | . | . | . | . | . | . | . |
+---+---+---+---+---+---+---+---+---+---+
agent's action is:  pick up key
Room 0 | has_key=0
+---+---+---+---+---+---+---+---+---+---+
| . | . | . | . | . | . | . | . | . | . |
+---+---+---+---+---+---+---+---+---+---+
| . | . | . | . | . | . | . | . | . | . |
+---+---+---+---+---+---+---+---+---+---+
| . | . | . | . | . | . | . | . | . | . |
+---+---+---+---+---+---+---+---+---+---+
| . | . | . | . | . | . | . | . | . | . |
+---+---+---+---+---+---+---+---+---+---+
| . | . | . | . | . | . | . | . | . | . |
+---+---+---+---+---+---+---+---+---+---+
| . | . | . | . | . | . | K | . | . | . |
+---+---+---+---+---+---+---+---+---+---+
| . | . | . | . | . | . | A | . | . | . |
+---+---+---+---+---+---+---+---+---+---+
| . | . | . | . | . | . | . | . | . | . |
+---+---+---+---+---+---+---+---+---+---+
| . | . | . | . | . | . | . | . | . | . |
+---+---+---+---+---+---+---+---+---+---+
| . | . | . | . | . | . | . | . | . | . |
+---+---+---+---+---+---+---+---+---+---+
agent's action is:  pick up key
Room 0 | has_key=0
+---+---+---+---+---+---+---+---+---+---+
| . | . | . | . | . | . | . | . | . | . |
+---+---+---+---+---+---+---+---+---+---+
| . | . | . | . | . | . | . | . | . | . |
+---+---+---+---+---+---+---+---+---+---+
| . | . | . | . | . | . | . | . | . | . |
+---+---+---+---+---+---+---+---+---+---+
| . | . | . | . | . | . | . | . | . | . |
+---+---+---+---+---+---+---+---+---+---+
| . | . | . | . | . | . | . | . | . | . |
+---+---+---+---+---+---+---+---+---+---+
| . | . | . | . | . | . | K | . | . | . |
+---+---+---+---+---+---+---+---+---+---+
| . | . | . | . | . | . | A | . | . | . |
+---+---+---+---+---+---+---+---+---+---+
| . | . | . | . | . | . | . | . | . | . |
+---+---+---+---+---+---+---+---+---+---+
| . | . | . | . | . | . | . | . | . | . |
+---+---+---+---+---+---+---+---+---+---+
| . | . | . | . | . | . | . | . | . | . |
+---+---+---+---+---+---+---+---+---+---+
agent's action is:  pick up key
Room 1 | has_key=0
+---+---+---+---+---+---+---+---+---+---+
| . | . | . | . | . | . | . | . | . | . |
+---+---+---+---+---+---+---+---+---+---+
| . | . | . | . | . | . | . | . | . | . |
+---+---+---+---+---+---+---+---+---+---+
| . | . | . | . | . | . | . | . | . | . |
+---+---+---+---+---+---+---+---+---+---+
| . | . | . | . | . | . | . | . | . | . |
+---+---+---+---+---+---+---+---+---+---+
| . | . | . | . | . | . | . | . | . | . |
+---+---+---+---+---+---+---+---+---+---+
| . | . | . | . | . | . | . | . | . | . |
+---+---+---+---+---+---+---+---+---+---+
| . | . | . | . | . | . | . | . | . | . |
+---+---+---+---+---+---+---+---+---+---+
| . | . | . | . | . | . | . | . | . | . |
+---+---+---+---+---+---+---+---+---+---+
| . | . | . | . | . | . | . | . | . | . |
+---+---+---+---+---+---+---+---+---+---+
| A | . | . | . | . | . | . | . | . | . |
+---+---+---+---+---+---+---+---+---+---+
agent's action is:  up
Room 1 | has_key=0
+---+---+---+---+---+---+---+---+---+---+
| . | . | . | . | . | . | . | . | . | . |
+---+---+---+---+---+---+---+---+---+---+
| . | . | . | . | . | . | . | . | . | . |
+---+---+---+---+---+---+---+---+---+---+
| . | . | . | . | . | . | . | . | . | . |
+---+---+---+---+---+---+---+---+---+---+
| . | . | . | . | . | . | . | . | . | . |
+---+---+---+---+---+---+---+---+---+---+
| . | . | . | . | . | . | . | . | . | . |
+---+---+---+---+---+---+---+---+---+---+
| . | . | . | . | . | . | . | . | . | . |
+---+---+---+---+---+---+---+---+---+---+
| . | . | . | . | . | . | . | . | . | . |
+---+---+---+---+---+---+---+---+---+---+
| . | . | . | . | . | . | . | . | . | . |
+---+---+---+---+---+---+---+---+---+---+
| A | . | . | . | . | . | . | . | . | . |
+---+---+---+---+---+---+---+---+---+---+
| . | . | . | . | . | . | . | . | . | . |
+---+---+---+---+---+---+---+---+---+---+
agent's action is:  up
Room 1 | has_key=0
+---+---+---+---+---+---+---+---+---+---+
| . | . | . | . | . | . | . | . | . | . |
+---+---+---+---+---+---+---+---+---+---+
| . | . | . | . | . | . | . | . | . | . |
+---+---+---+---+---+---+---+---+---+---+
| . | . | . | . | . | . | . | . | . | . |
+---+---+---+---+---+---+---+---+---+---+
| . | . | . | . | . | . | . | . | . | . |
+---+---+---+---+---+---+---+---+---+---+
| . | . | . | . | . | . | . | . | . | . |
+---+---+---+---+---+---+---+---+---+---+
| . | . | . | . | . | . | . | . | . | . |
+---+---+---+---+---+---+---+---+---+---+
| . | . | . | . | . | . | . | . | . | . |
+---+---+---+---+---+---+---+---+---+---+
| A | . | . | . | . | . | . | . | . | . |
+---+---+---+---+---+---+---+---+---+---+
| . | . | . | . | . | . | . | . | . | . |
+---+---+---+---+---+---+---+---+---+---+
| . | . | . | . | . | . | . | . | . | . |
+---+---+---+---+---+---+---+---+---+---+
agent's action is:  up
Room 1 | has_key=0
+---+---+---+---+---+---+---+---+---+---+
| . | . | . | . | . | . | . | . | . | . |
+---+---+---+---+---+---+---+---+---+---+
| . | . | . | . | . | . | . | . | . | . |
+---+---+---+---+---+---+---+---+---+---+
| . | . | . | . | . | . | . | . | . | . |
+---+---+---+---+---+---+---+---+---+---+
| . | . | . | . | . | . | . | . | . | . |
+---+---+---+---+---+---+---+---+---+---+
| . | . | . | . | . | . | . | . | . | . |
+---+---+---+---+---+---+---+---+---+---+
| . | . | . | . | . | . | . | . | . | . |
+---+---+---+---+---+---+---+---+---+---+
| A | . | . | . | . | . | . | . | . | . |
+---+---+---+---+---+---+---+---+---+---+
| . | . | . | . | . | . | . | . | . | . |
+---+---+---+---+---+---+---+---+---+---+
| . | . | . | . | . | . | . | . | . | . |
+---+---+---+---+---+---+---+---+---+---+
| . | . | . | . | . | . | . | . | . | . |
+---+---+---+---+---+---+---+---+---+---+
agent's action is:  right
Room 1 | has_key=0
+---+---+---+---+---+---+---+---+---+---+
| . | . | . | . | . | . | . | . | . | . |
+---+---+---+---+---+---+---+---+---+---+
| . | . | . | . | . | . | . | . | . | . |
+---+---+---+---+---+---+---+---+---+---+
| . | . | . | . | . | . | . | . | . | . |
+---+---+---+---+---+---+---+---+---+---+
| . | . | . | . | . | . | . | . | . | . |
+---+---+---+---+---+---+---+---+---+---+
| . | . | . | . | . | . | . | . | . | . |
+---+---+---+---+---+---+---+---+---+---+
| . | . | . | . | . | . | . | . | . | . |
+---+---+---+---+---+---+---+---+---+---+
| . | A | . | . | . | . | . | . | . | . |
+---+---+---+---+---+---+---+---+---+---+
| . | . | . | . | . | . | . | . | . | . |
+---+---+---+---+---+---+---+---+---+---+
| . | . | . | . | . | . | . | . | . | . |
+---+---+---+---+---+---+---+---+---+---+
| . | . | . | . | . | . | . | . | . | . |
+---+---+---+---+---+---+---+---+---+---+
agent's action is:  right
Room 1 | has_key=0
+---+---+---+---+---+---+---+---+---+---+
| . | . | . | . | . | . | . | . | . | . |
+---+---+---+---+---+---+---+---+---+---+
| . | . | . | . | . | . | . | . | . | . |
+---+---+---+---+---+---+---+---+---+---+
| . | . | . | . | . | . | . | . | . | . |
+---+---+---+---+---+---+---+---+---+---+
| . | . | . | . | . | . | . | . | . | . |
+---+---+---+---+---+---+---+---+---+---+
| . | . | . | . | . | . | . | . | . | . |
+---+---+---+---+---+---+---+---+---+---+
| . | . | . | . | . | . | . | . | . | . |
+---+---+---+---+---+---+---+---+---+---+
| . | . | A | . | . | . | . | . | . | . |
+---+---+---+---+---+---+---+---+---+---+
| . | . | . | . | . | . | . | . | . | . |
+---+---+---+---+---+---+---+---+---+---+
| . | . | . | . | . | . | . | . | . | . |
+---+---+---+---+---+---+---+---+---+---+
| . | . | . | . | . | . | . | . | . | . |
+---+---+---+---+---+---+---+---+---+---+
agent's action is:  right
Room 1 | has_key=0
+---+---+---+---+---+---+---+---+---+---+
| . | . | . | . | . | . | . | . | . | . |
+---+---+---+---+---+---+---+---+---+---+
| . | . | . | . | . | . | . | . | . | . |
+---+---+---+---+---+---+---+---+---+---+
| . | . | . | . | . | . | . | . | . | . |
+---+---+---+---+---+---+---+---+---+---+
| . | . | . | . | . | . | . | . | . | . |
+---+---+---+---+---+---+---+---+---+---+
| . | . | . | . | . | . | . | . | . | . |
+---+---+---+---+---+---+---+---+---+---+
| . | . | . | . | . | . | . | . | . | . |
+---+---+---+---+---+---+---+---+---+---+
| . | . | . | A | . | . | . | . | . | . |
+---+---+---+---+---+---+---+---+---+---+
| . | . | . | . | . | . | . | . | . | . |
+---+---+---+---+---+---+---+---+---+---+
| . | . | . | . | . | . | . | . | . | . |
+---+---+---+---+---+---+---+---+---+---+
| . | . | . | . | . | . | . | . | . | . |
+---+---+---+---+---+---+---+---+---+---+
agent's action is:  right
Room 1 | has_key=0
+---+---+---+---+---+---+---+---+---+---+
| . | . | . | . | . | . | . | . | . | . |
+---+---+---+---+---+---+---+---+---+---+
| . | . | . | . | . | . | . | . | . | . |
+---+---+---+---+---+---+---+---+---+---+
| . | . | . | . | . | . | . | . | . | . |
+---+---+---+---+---+---+---+---+---+---+
| . | . | . | . | . | . | . | . | . | . |
+---+---+---+---+---+---+---+---+---+---+
| . | . | . | . | . | . | . | . | . | . |
+---+---+---+---+---+---+---+---+---+---+
| . | . | . | . | . | . | . | . | . | . |
+---+---+---+---+---+---+---+---+---+---+
| . | . | . | . | A | . | . | . | . | . |
+---+---+---+---+---+---+---+---+---+---+
| . | . | . | . | . | . | . | . | . | . |
+---+---+---+---+---+---+---+---+---+---+
| . | . | . | . | . | . | . | . | . | . |
+---+---+---+---+---+---+---+---+---+---+
| . | . | . | . | . | . | . | . | . | . |
+---+---+---+---+---+---+---+---+---+---+
agent's action is:  right
Room 1 | has_key=0
+---+---+---+---+---+---+---+---+---+---+
| . | . | . | . | . | . | . | . | . | . |
+---+---+---+---+---+---+---+---+---+---+
| . | . | . | . | . | . | . | . | . | . |
+---+---+---+---+---+---+---+---+---+---+
| . | . | . | . | . | . | . | . | . | . |
+---+---+---+---+---+---+---+---+---+---+
| . | . | . | . | . | . | . | . | . | . |
+---+---+---+---+---+---+---+---+---+---+
| . | . | . | . | . | . | . | . | . | . |
+---+---+---+---+---+---+---+---+---+---+
| . | . | . | . | . | . | . | . | . | . |
+---+---+---+---+---+---+---+---+---+---+
| . | . | . | . | . | A | . | . | . | . |
+---+---+---+---+---+---+---+---+---+---+
| . | . | . | . | . | . | . | . | . | . |
+---+---+---+---+---+---+---+---+---+---+
| . | . | . | . | . | . | . | . | . | . |
+---+---+---+---+---+---+---+---+---+---+
| . | . | . | . | . | . | . | . | . | . |
+---+---+---+---+---+---+---+---+---+---+
agent's action is:  right
Room 1 | has_key=0
+---+---+---+---+---+---+---+---+---+---+
| . | . | . | . | . | . | . | . | . | . |
+---+---+---+---+---+---+---+---+---+---+
| . | . | . | . | . | . | . | . | . | . |
+---+---+---+---+---+---+---+---+---+---+
| . | . | . | . | . | . | . | . | . | . |
+---+---+---+---+---+---+---+---+---+---+
| . | . | . | . | . | . | . | . | . | . |
+---+---+---+---+---+---+---+---+---+---+
| . | . | . | . | . | . | . | . | . | . |
+---+---+---+---+---+---+---+---+---+---+
| . | . | . | . | . | . | . | . | . | . |
+---+---+---+---+---+---+---+---+---+---+
| . | . | . | . | . | . | A | . | . | . |
+---+---+---+---+---+---+---+---+---+---+
| . | . | . | . | . | . | . | . | . | . |
+---+---+---+---+---+---+---+---+---+---+
| . | . | . | . | . | . | . | . | . | . |
+---+---+---+---+---+---+---+---+---+---+
| . | . | . | . | . | . | . | . | . | . |
+---+---+---+---+---+---+---+---+---+---+
agent's action is:  pick up key
Room 1 | has_key=0
+---+---+---+---+---+---+---+---+---+---+
| . | . | . | . | . | . | . | . | . | . |
+---+---+---+---+---+---+---+---+---+---+
| . | . | . | . | . | . | . | . | . | . |
+---+---+---+---+---+---+---+---+---+---+
| . | . | . | . | . | . | . | . | . | . |
+---+---+---+---+---+---+---+---+---+---+
| . | . | . | . | . | . | . | . | . | . |
+---+---+---+---+---+---+---+---+---+---+
| . | . | . | . | . | . | . | . | . | . |
+---+---+---+---+---+---+---+---+---+---+
| . | . | . | . | . | . | . | . | . | . |
+---+---+---+---+---+---+---+---+---+---+
| . | . | . | . | . | . | A | . | . | . |
+---+---+---+---+---+---+---+---+---+---+
| . | . | . | . | . | . | . | . | . | . |
+---+---+---+---+---+---+---+---+---+---+
| . | . | . | . | . | . | . | . | . | . |
+---+---+---+---+---+---+---+---+---+---+
| . | . | . | . | . | . | . | . | . | . |
+---+---+---+---+---+---+---+---+---+---+
agent's action is:  pick up key
Room 1 | has_key=0
+---+---+---+---+---+---+---+---+---+---+
| . | . | . | . | . | . | . | . | . | . |
+---+---+---+---+---+---+---+---+---+---+
| . | . | . | . | . | . | . | . | . | . |
+---+---+---+---+---+---+---+---+---+---+
| . | . | . | . | . | . | . | . | . | . |
+---+---+---+---+---+---+---+---+---+---+
| . | . | . | . | . | . | . | . | . | . |
+---+---+---+---+---+---+---+---+---+---+
| . | . | . | . | . | . | . | . | . | . |
+---+---+---+---+---+---+---+---+---+---+
| . | . | . | . | . | . | . | . | . | . |
+---+---+---+---+---+---+---+---+---+---+
| . | . | . | . | . | . | A | . | . | . |
+---+---+---+---+---+---+---+---+---+---+
| . | . | . | . | . | . | . | . | . | . |
+---+---+---+---+---+---+---+---+---+---+
| . | . | . | . | . | . | . | . | . | . |
+---+---+---+---+---+---+---+---+---+---+
| . | . | . | . | . | . | . | . | . | . |
+---+---+---+---+---+---+---+---+---+---+
agent's action is:  pick up key
Room 1 | has_key=0
+---+---+---+---+---+---+---+---+---+---+
| . | . | . | . | . | . | . | . | . | . |
+---+---+---+---+---+---+---+---+---+---+
| . | . | . | . | . | . | . | . | . | . |
+---+---+---+---+---+---+---+---+---+---+
| . | . | . | . | . | . | . | . | . | . |
+---+---+---+---+---+---+---+---+---+---+
| . | . | . | . | . | . | . | . | . | . |
+---+---+---+---+---+---+---+---+---+---+
| . | . | . | . | . | . | . | . | . | . |
+---+---+---+---+---+---+---+---+---+---+
| . | . | . | . | . | . | . | . | . | . |
+---+---+---+---+---+---+---+---+---+---+
| . | . | . | . | . | . | A | . | . | . |
+---+---+---+---+---+---+---+---+---+---+
| . | . | . | . | . | . | . | . | . | . |
+---+---+---+---+---+---+---+---+---+---+
| . | . | . | . | . | . | . | . | . | . |
+---+---+---+---+---+---+---+---+---+---+
| . | . | . | . | . | . | . | . | . | . |
+---+---+---+---+---+---+---+---+---+---+
agent's action is:  pick up key
Room 1 | has_key=0
+---+---+---+---+---+---+---+---+---+---+
| . | . | . | . | . | . | . | . | . | . |
+---+---+---+---+---+---+---+---+---+---+
| . | . | . | . | . | . | . | . | . | . |
+---+---+---+---+---+---+---+---+---+---+
| . | . | . | . | . | . | . | . | . | . |
+---+---+---+---+---+---+---+---+---+---+
| . | . | . | . | . | . | . | . | . | . |
+---+---+---+---+---+---+---+---+---+---+
| . | . | . | . | . | . | . | . | . | . |
+---+---+---+---+---+---+---+---+---+---+
| . | . | . | . | . | . | . | . | . | . |
+---+---+---+---+---+---+---+---+---+---+
| . | . | . | . | . | . | A | . | . | . |
+---+---+---+---+---+---+---+---+---+---+
| . | . | . | . | . | . | . | . | . | . |
+---+---+---+---+---+---+---+---+---+---+
| . | . | . | . | . | . | . | . | . | . |
+---+---+---+---+---+---+---+---+---+---+
| . | . | . | . | . | . | . | . | . | . |
+---+---+---+---+---+---+---+---+---+---+
agent's action is:  pick up key
Room 1 | has_key=0
+---+---+---+---+---+---+---+---+---+---+
| . | . | . | . | . | . | . | . | . | . |
+---+---+---+---+---+---+---+---+---+---+
| . | . | . | . | . | . | . | . | . | . |
+---+---+---+---+---+---+---+---+---+---+
| . | . | . | . | . | . | . | . | . | . |
+---+---+---+---+---+---+---+---+---+---+
| . | . | . | . | . | . | . | . | . | . |
+---+---+---+---+---+---+---+---+---+---+
| . | . | . | . | . | . | . | . | . | . |
+---+---+---+---+---+---+---+---+---+---+
| . | . | . | . | . | . | . | . | . | . |
+---+---+---+---+---+---+---+---+---+---+
| . | . | . | . | . | . | A | . | . | . |
+---+---+---+---+---+---+---+---+---+---+
| . | . | . | . | . | . | . | . | . | . |
+---+---+---+---+---+---+---+---+---+---+
| . | . | . | . | . | . | . | . | . | . |
+---+---+---+---+---+---+---+---+---+---+
| . | . | . | . | . | . | . | . | . | . |
+---+---+---+---+---+---+---+---+---+---+
agent's action is:  up
Room 1 | has_key=0
+---+---+---+---+---+---+---+---+---+---+
| . | . | . | . | . | . | . | . | . | . |
+---+---+---+---+---+---+---+---+---+---+
| . | . | . | . | . | . | . | . | . | . |
+---+---+---+---+---+---+---+---+---+---+
| . | . | . | . | . | . | . | . | . | . |
+---+---+---+---+---+---+---+---+---+---+
| . | . | . | . | . | . | . | . | . | . |
+---+---+---+---+---+---+---+---+---+---+
| . | . | . | . | . | . | . | . | . | . |
+---+---+---+---+---+---+---+---+---+---+
| . | . | . | . | . | . | A | . | . | . |
+---+---+---+---+---+---+---+---+---+---+
| . | . | . | . | . | . | . | . | . | . |
+---+---+---+---+---+---+---+---+---+---+
| . | . | . | . | . | . | . | . | . | . |
+---+---+---+---+---+---+---+---+---+---+
| . | . | . | . | . | . | . | . | . | . |
+---+---+---+---+---+---+---+---+---+---+
| . | . | . | . | . | . | . | . | . | . |
+---+---+---+---+---+---+---+---+---+---+
agent's action is:  pick up key
Room 1 | has_key=0
+---+---+---+---+---+---+---+---+---+---+
| . | . | . | . | . | . | . | . | . | . |
+---+---+---+---+---+---+---+---+---+---+
| . | . | . | . | . | . | . | . | . | . |
+---+---+---+---+---+---+---+---+---+---+
| . | . | . | . | . | . | . | . | . | . |
+---+---+---+---+---+---+---+---+---+---+
| . | . | . | . | . | . | . | . | . | . |
+---+---+---+---+---+---+---+---+---+---+
| . | . | . | . | . | . | . | . | . | . |
+---+---+---+---+---+---+---+---+---+---+
| . | . | . | . | . | . | A | . | . | . |
+---+---+---+---+---+---+---+---+---+---+
| . | . | . | . | . | . | . | . | . | . |
+---+---+---+---+---+---+---+---+---+---+
| . | . | . | . | . | . | . | . | . | . |
+---+---+---+---+---+---+---+---+---+---+
| . | . | . | . | . | . | . | . | . | . |
+---+---+---+---+---+---+---+---+---+---+
| . | . | . | . | . | . | . | . | . | . |
+---+---+---+---+---+---+---+---+---+---+
agent's action is:  pick up key
Room 1 | has_key=0
+---+---+---+---+---+---+---+---+---+---+
| . | . | . | . | . | . | . | . | . | . |
+---+---+---+---+---+---+---+---+---+---+
| . | . | . | . | . | . | . | . | . | . |
+---+---+---+---+---+---+---+---+---+---+
| . | . | . | . | . | . | . | . | . | . |
+---+---+---+---+---+---+---+---+---+---+
| . | . | . | . | . | . | . | . | . | . |
+---+---+---+---+---+---+---+---+---+---+
| . | . | . | . | . | . | . | . | . | . |
+---+---+---+---+---+---+---+---+---+---+
| . | . | . | . | . | . | A | . | . | . |
+---+---+---+---+---+---+---+---+---+---+
| . | . | . | . | . | . | . | . | . | . |
+---+---+---+---+---+---+---+---+---+---+
| . | . | . | . | . | . | . | . | . | . |
+---+---+---+---+---+---+---+---+---+---+
| . | . | . | . | . | . | . | . | . | . |
+---+---+---+---+---+---+---+---+---+---+
| . | . | . | . | . | . | . | . | . | . |
+---+---+---+---+---+---+---+---+---+---+
agent's action is:  right
Room 1 | has_key=0
+---+---+---+---+---+---+---+---+---+---+
| . | . | . | . | . | . | . | . | . | . |
+---+---+---+---+---+---+---+---+---+---+
| . | . | . | . | . | . | . | . | . | . |
+---+---+---+---+---+---+---+---+---+---+
| . | . | . | . | . | . | . | . | . | . |
+---+---+---+---+---+---+---+---+---+---+
| . | . | . | . | . | . | . | . | . | . |
+---+---+---+---+---+---+---+---+---+---+
| . | . | . | . | . | . | . | . | . | . |
+---+---+---+---+---+---+---+---+---+---+
| . | . | . | . | . | . | . | A | . | . |
+---+---+---+---+---+---+---+---+---+---+
| . | . | . | . | . | . | . | . | . | . |
+---+---+---+---+---+---+---+---+---+---+
| . | . | . | . | . | . | . | . | . | . |
+---+---+---+---+---+---+---+---+---+---+
| . | . | . | . | . | . | . | . | . | . |
+---+---+---+---+---+---+---+---+---+---+
| . | . | . | . | . | . | . | . | . | . |
+---+---+---+---+---+---+---+---+---+---+
agent's action is:  pick up key
Room 1 | has_key=0
+---+---+---+---+---+---+---+---+---+---+
| . | . | . | . | . | . | . | . | . | . |
+---+---+---+---+---+---+---+---+---+---+
| . | . | . | . | . | . | . | . | . | . |
+---+---+---+---+---+---+---+---+---+---+
| . | . | . | . | . | . | . | . | . | . |
+---+---+---+---+---+---+---+---+---+---+
| . | . | . | . | . | . | . | . | . | . |
+---+---+---+---+---+---+---+---+---+---+
| . | . | . | . | . | . | . | . | . | . |
+---+---+---+---+---+---+---+---+---+---+
| . | . | . | . | . | . | . | A | . | . |
+---+---+---+---+---+---+---+---+---+---+
| . | . | . | . | . | . | . | . | . | . |
+---+---+---+---+---+---+---+---+---+---+
| . | . | . | . | . | . | . | . | . | . |
+---+---+---+---+---+---+---+---+---+---+
| . | . | . | . | . | . | . | . | . | . |
+---+---+---+---+---+---+---+---+---+---+
| . | . | . | . | . | . | . | . | . | . |
+---+---+---+---+---+---+---+---+---+---+
agent's action is:  pick up key
Room 2 | has_key=0
+---+---+---+---+---+---+---+---+---+---+
| . | . | . | . | D | . | . | . | . | . |
+---+---+---+---+---+---+---+---+---+---+
| . | . | . | . | . | . | . | . | . | . |
+---+---+---+---+---+---+---+---+---+---+
| . | . | . | . | . | . | . | . | . | . |
+---+---+---+---+---+---+---+---+---+---+
| . | . | . | . | . | . | . | . | . | . |
+---+---+---+---+---+---+---+---+---+---+
| . | . | . | . | . | . | . | . | . | . |
+---+---+---+---+---+---+---+---+---+---+
| . | . | . | . | . | . | . | . | . | . |
+---+---+---+---+---+---+---+---+---+---+
| . | . | . | . | . | . | . | . | . | . |
+---+---+---+---+---+---+---+---+---+---+
| . | . | . | . | . | . | . | . | . | . |
+---+---+---+---+---+---+---+---+---+---+
| . | . | . | . | . | . | . | . | . | . |
+---+---+---+---+---+---+---+---+---+---+
| A | . | . | . | . | . | . | . | . | . |
+---+---+---+---+---+---+---+---+---+---+
agent's action is:  up
Room 2 | has_key=0
+---+---+---+---+---+---+---+---+---+---+
| . | . | . | . | D | . | . | . | . | . |
+---+---+---+---+---+---+---+---+---+---+
| . | . | . | . | . | . | . | . | . | . |
+---+---+---+---+---+---+---+---+---+---+
| . | . | . | . | . | . | . | . | . | . |
+---+---+---+---+---+---+---+---+---+---+
| . | . | . | . | . | . | . | . | . | . |
+---+---+---+---+---+---+---+---+---+---+
| . | . | . | . | . | . | . | . | . | . |
+---+---+---+---+---+---+---+---+---+---+
| . | . | . | . | . | . | . | . | . | . |
+---+---+---+---+---+---+---+---+---+---+
| . | . | . | . | . | . | . | . | . | . |
+---+---+---+---+---+---+---+---+---+---+
| . | . | . | . | . | . | . | . | . | . |
+---+---+---+---+---+---+---+---+---+---+
| A | . | . | . | . | . | . | . | . | . |
+---+---+---+---+---+---+---+---+---+---+
| . | . | . | . | . | . | . | . | . | . |
+---+---+---+---+---+---+---+---+---+---+
agent's action is:  up
Room 2 | has_key=0
+---+---+---+---+---+---+---+---+---+---+
| . | . | . | . | D | . | . | . | . | . |
+---+---+---+---+---+---+---+---+---+---+
| . | . | . | . | . | . | . | . | . | . |
+---+---+---+---+---+---+---+---+---+---+
| . | . | . | . | . | . | . | . | . | . |
+---+---+---+---+---+---+---+---+---+---+
| . | . | . | . | . | . | . | . | . | . |
+---+---+---+---+---+---+---+---+---+---+
| . | . | . | . | . | . | . | . | . | . |
+---+---+---+---+---+---+---+---+---+---+
| . | . | . | . | . | . | . | . | . | . |
+---+---+---+---+---+---+---+---+---+---+
| . | . | . | . | . | . | . | . | . | . |
+---+---+---+---+---+---+---+---+---+---+
| A | . | . | . | . | . | . | . | . | . |
+---+---+---+---+---+---+---+---+---+---+
| . | . | . | . | . | . | . | . | . | . |
+---+---+---+---+---+---+---+---+---+---+
| . | . | . | . | . | . | . | . | . | . |
+---+---+---+---+---+---+---+---+---+---+
agent's action is:  right
Room 2 | has_key=0
+---+---+---+---+---+---+---+---+---+---+
| . | . | . | . | D | . | . | . | . | . |
+---+---+---+---+---+---+---+---+---+---+
| . | . | . | . | . | . | . | . | . | . |
+---+---+---+---+---+---+---+---+---+---+
| . | . | . | . | . | . | . | . | . | . |
+---+---+---+---+---+---+---+---+---+---+
| . | . | . | . | . | . | . | . | . | . |
+---+---+---+---+---+---+---+---+---+---+
| . | . | . | . | . | . | . | . | . | . |
+---+---+---+---+---+---+---+---+---+---+
| . | . | . | . | . | . | . | . | . | . |
+---+---+---+---+---+---+---+---+---+---+
| . | . | . | . | . | . | . | . | . | . |
+---+---+---+---+---+---+---+---+---+---+
| . | A | . | . | . | . | . | . | . | . |
+---+---+---+---+---+---+---+---+---+---+
| . | . | . | . | . | . | . | . | . | . |
+---+---+---+---+---+---+---+---+---+---+
| . | . | . | . | . | . | . | . | . | . |
+---+---+---+---+---+---+---+---+---+---+
agent's action is:  right
Room 2 | has_key=0
+---+---+---+---+---+---+---+---+---+---+
| . | . | . | . | D | . | . | . | . | . |
+---+---+---+---+---+---+---+---+---+---+
| . | . | . | . | . | . | . | . | . | . |
+---+---+---+---+---+---+---+---+---+---+
| . | . | . | . | . | . | . | . | . | . |
+---+---+---+---+---+---+---+---+---+---+
| . | . | . | . | . | . | . | . | . | . |
+---+---+---+---+---+---+---+---+---+---+
| . | . | . | . | . | . | . | . | . | . |
+---+---+---+---+---+---+---+---+---+---+
| . | . | . | . | . | . | . | . | . | . |
+---+---+---+---+---+---+---+---+---+---+
| . | . | . | . | . | . | . | . | . | . |
+---+---+---+---+---+---+---+---+---+---+
| . | . | A | . | . | . | . | . | . | . |
+---+---+---+---+---+---+---+---+---+---+
| . | . | . | . | . | . | . | . | . | . |
+---+---+---+---+---+---+---+---+---+---+
| . | . | . | . | . | . | . | . | . | . |
+---+---+---+---+---+---+---+---+---+---+
agent's action is:  up
Room 2 | has_key=0
+---+---+---+---+---+---+---+---+---+---+
| . | . | . | . | D | . | . | . | . | . |
+---+---+---+---+---+---+---+---+---+---+
| . | . | . | . | . | . | . | . | . | . |
+---+---+---+---+---+---+---+---+---+---+
| . | . | . | . | . | . | . | . | . | . |
+---+---+---+---+---+---+---+---+---+---+
| . | . | . | . | . | . | . | . | . | . |
+---+---+---+---+---+---+---+---+---+---+
| . | . | . | . | . | . | . | . | . | . |
+---+---+---+---+---+---+---+---+---+---+
| . | . | . | . | . | . | . | . | . | . |
+---+---+---+---+---+---+---+---+---+---+
| . | . | A | . | . | . | . | . | . | . |
+---+---+---+---+---+---+---+---+---+---+
| . | . | . | . | . | . | . | . | . | . |
+---+---+---+---+---+---+---+---+---+---+
| . | . | . | . | . | . | . | . | . | . |
+---+---+---+---+---+---+---+---+---+---+
| . | . | . | . | . | . | . | . | . | . |
+---+---+---+---+---+---+---+---+---+---+
agent's action is:  right
Room 2 | has_key=0
+---+---+---+---+---+---+---+---+---+---+
| . | . | . | . | D | . | . | . | . | . |
+---+---+---+---+---+---+---+---+---+---+
| . | . | . | . | . | . | . | . | . | . |
+---+---+---+---+---+---+---+---+---+---+
| . | . | . | . | . | . | . | . | . | . |
+---+---+---+---+---+---+---+---+---+---+
| . | . | . | . | . | . | . | . | . | . |
+---+---+---+---+---+---+---+---+---+---+
| . | . | . | . | . | . | . | . | . | . |
+---+---+---+---+---+---+---+---+---+---+
| . | . | . | . | . | . | . | . | . | . |
+---+---+---+---+---+---+---+---+---+---+
| . | . | . | A | . | . | . | . | . | . |
+---+---+---+---+---+---+---+---+---+---+
| . | . | . | . | . | . | . | . | . | . |
+---+---+---+---+---+---+---+---+---+---+
| . | . | . | . | . | . | . | . | . | . |
+---+---+---+---+---+---+---+---+---+---+
| . | . | . | . | . | . | . | . | . | . |
+---+---+---+---+---+---+---+---+---+---+
agent's action is:  right
Room 2 | has_key=0
+---+---+---+---+---+---+---+---+---+---+
| . | . | . | . | D | . | . | . | . | . |
+---+---+---+---+---+---+---+---+---+---+
| . | . | . | . | . | . | . | . | . | . |
+---+---+---+---+---+---+---+---+---+---+
| . | . | . | . | . | . | . | . | . | . |
+---+---+---+---+---+---+---+---+---+---+
| . | . | . | . | . | . | . | . | . | . |
+---+---+---+---+---+---+---+---+---+---+
| . | . | . | . | . | . | . | . | . | . |
+---+---+---+---+---+---+---+---+---+---+
| . | . | . | . | . | . | . | . | . | . |
+---+---+---+---+---+---+---+---+---+---+
| . | . | . | . | A | . | . | . | . | . |
+---+---+---+---+---+---+---+---+---+---+
| . | . | . | . | . | . | . | . | . | . |
+---+---+---+---+---+---+---+---+---+---+
| . | . | . | . | . | . | . | . | . | . |
+---+---+---+---+---+---+---+---+---+---+
| . | . | . | . | . | . | . | . | . | . |
+---+---+---+---+---+---+---+---+---+---+
agent's action is:  right
Room 2 | has_key=0
+---+---+---+---+---+---+---+---+---+---+
| . | . | . | . | D | . | . | . | . | . |
+---+---+---+---+---+---+---+---+---+---+
| . | . | . | . | . | . | . | . | . | . |
+---+---+---+---+---+---+---+---+---+---+
| . | . | . | . | . | . | . | . | . | . |
+---+---+---+---+---+---+---+---+---+---+
| . | . | . | . | . | . | . | . | . | . |
+---+---+---+---+---+---+---+---+---+---+
| . | . | . | . | . | . | . | . | . | . |
+---+---+---+---+---+---+---+---+---+---+
| . | . | . | . | . | . | . | . | . | . |
+---+---+---+---+---+---+---+---+---+---+
| . | . | . | . | . | A | . | . | . | . |
+---+---+---+---+---+---+---+---+---+---+
| . | . | . | . | . | . | . | . | . | . |
+---+---+---+---+---+---+---+---+---+---+
| . | . | . | . | . | . | . | . | . | . |
+---+---+---+---+---+---+---+---+---+---+
| . | . | . | . | . | . | . | . | . | . |
+---+---+---+---+---+---+---+---+---+---+
agent's action is:  right
Room 2 | has_key=0
+---+---+---+---+---+---+---+---+---+---+
| . | . | . | . | D | . | . | . | . | . |
+---+---+---+---+---+---+---+---+---+---+
| . | . | . | . | . | . | . | . | . | . |
+---+---+---+---+---+---+---+---+---+---+
| . | . | . | . | . | . | . | . | . | . |
+---+---+---+---+---+---+---+---+---+---+
| . | . | . | . | . | . | . | . | . | . |
+---+---+---+---+---+---+---+---+---+---+
| . | . | . | . | . | . | . | . | . | . |
+---+---+---+---+---+---+---+---+---+---+
| . | . | . | . | . | . | . | . | . | . |
+---+---+---+---+---+---+---+---+---+---+
| . | . | . | . | . | . | A | . | . | . |
+---+---+---+---+---+---+---+---+---+---+
| . | . | . | . | . | . | . | . | . | . |
+---+---+---+---+---+---+---+---+---+---+
| . | . | . | . | . | . | . | . | . | . |
+---+---+---+---+---+---+---+---+---+---+
| . | . | . | . | . | . | . | . | . | . |
+---+---+---+---+---+---+---+---+---+---+
agent's action is:  pick up key
Room 2 | has_key=0
+---+---+---+---+---+---+---+---+---+---+
| . | . | . | . | D | . | . | . | . | . |
+---+---+---+---+---+---+---+---+---+---+
| . | . | . | . | . | . | . | . | . | . |
+---+---+---+---+---+---+---+---+---+---+
| . | . | . | . | . | . | . | . | . | . |
+---+---+---+---+---+---+---+---+---+---+
| . | . | . | . | . | . | . | . | . | . |
+---+---+---+---+---+---+---+---+---+---+
| . | . | . | . | . | . | . | . | . | . |
+---+---+---+---+---+---+---+---+---+---+
| . | . | . | . | . | . | . | . | . | . |
+---+---+---+---+---+---+---+---+---+---+
| . | . | . | . | . | . | A | . | . | . |
+---+---+---+---+---+---+---+---+---+---+
| . | . | . | . | . | . | . | . | . | . |
+---+---+---+---+---+---+---+---+---+---+
| . | . | . | . | . | . | . | . | . | . |
+---+---+---+---+---+---+---+---+---+---+
| . | . | . | . | . | . | . | . | . | . |
+---+---+---+---+---+---+---+---+---+---+
agent's action is:  pick up key
Room 2 | has_key=0
+---+---+---+---+---+---+---+---+---+---+
| . | . | . | . | D | . | . | . | . | . |
+---+---+---+---+---+---+---+---+---+---+
| . | . | . | . | . | . | . | . | . | . |
+---+---+---+---+---+---+---+---+---+---+
| . | . | . | . | . | . | . | . | . | . |
+---+---+---+---+---+---+---+---+---+---+
| . | . | . | . | . | . | . | . | . | . |
+---+---+---+---+---+---+---+---+---+---+
| . | . | . | . | . | . | . | . | . | . |
+---+---+---+---+---+---+---+---+---+---+
| . | . | . | . | . | . | . | . | . | . |
+---+---+---+---+---+---+---+---+---+---+
| . | . | . | . | . | . | A | . | . | . |
+---+---+---+---+---+---+---+---+---+---+
| . | . | . | . | . | . | . | . | . | . |
+---+---+---+---+---+---+---+---+---+---+
| . | . | . | . | . | . | . | . | . | . |
+---+---+---+---+---+---+---+---+---+---+
| . | . | . | . | . | . | . | . | . | . |
+---+---+---+---+---+---+---+---+---+---+
agent's action is:  pick up key
Room 2 | has_key=0
+---+---+---+---+---+---+---+---+---+---+
| . | . | . | . | D | . | . | . | . | . |
+---+---+---+---+---+---+---+---+---+---+
| . | . | . | . | . | . | . | . | . | . |
+---+---+---+---+---+---+---+---+---+---+
| . | . | . | . | . | . | . | . | . | . |
+---+---+---+---+---+---+---+---+---+---+
| . | . | . | . | . | . | . | . | . | . |
+---+---+---+---+---+---+---+---+---+---+
| . | . | . | . | . | . | . | . | . | . |
+---+---+---+---+---+---+---+---+---+---+
| . | . | . | . | . | . | . | . | . | . |
+---+---+---+---+---+---+---+---+---+---+
| . | . | . | . | . | . | A | . | . | . |
+---+---+---+---+---+---+---+---+---+---+
| . | . | . | . | . | . | . | . | . | . |
+---+---+---+---+---+---+---+---+---+---+
| . | . | . | . | . | . | . | . | . | . |
+---+---+---+---+---+---+---+---+---+---+
| . | . | . | . | . | . | . | . | . | . |
+---+---+---+---+---+---+---+---+---+---+
agent's action is:  pick up key
Room 2 | has_key=0
+---+---+---+---+---+---+---+---+---+---+
| . | . | . | . | D | . | . | . | . | . |
+---+---+---+---+---+---+---+---+---+---+
| . | . | . | . | . | . | . | . | . | . |
+---+---+---+---+---+---+---+---+---+---+
| . | . | . | . | . | . | . | . | . | . |
+---+---+---+---+---+---+---+---+---+---+
| . | . | . | . | . | . | . | . | . | . |
+---+---+---+---+---+---+---+---+---+---+
| . | . | . | . | . | . | . | . | . | . |
+---+---+---+---+---+---+---+---+---+---+
| . | . | . | . | . | . | . | . | . | . |
+---+---+---+---+---+---+---+---+---+---+
| . | . | . | . | . | . | A | . | . | . |
+---+---+---+---+---+---+---+---+---+---+
| . | . | . | . | . | . | . | . | . | . |
+---+---+---+---+---+---+---+---+---+---+
| . | . | . | . | . | . | . | . | . | . |
+---+---+---+---+---+---+---+---+---+---+
| . | . | . | . | . | . | . | . | . | . |
+---+---+---+---+---+---+---+---+---+---+
agent's action is:  right
Room 2 | has_key=0
+---+---+---+---+---+---+---+---+---+---+
| . | . | . | . | D | . | . | . | . | . |
+---+---+---+---+---+---+---+---+---+---+
| . | . | . | . | . | . | . | . | . | . |
+---+---+---+---+---+---+---+---+---+---+
| . | . | . | . | . | . | . | . | . | . |
+---+---+---+---+---+---+---+---+---+---+
| . | . | . | . | . | . | . | . | . | . |
+---+---+---+---+---+---+---+---+---+---+
| . | . | . | . | . | . | . | . | . | . |
+---+---+---+---+---+---+---+---+---+---+
| . | . | . | . | . | . | . | . | . | . |
+---+---+---+---+---+---+---+---+---+---+
| . | . | . | . | . | . | . | A | . | . |
+---+---+---+---+---+---+---+---+---+---+
| . | . | . | . | . | . | . | . | . | . |
+---+---+---+---+---+---+---+---+---+---+
| . | . | . | . | . | . | . | . | . | . |
+---+---+---+---+---+---+---+---+---+---+
| . | . | . | . | . | . | . | . | . | . |
+---+---+---+---+---+---+---+---+---+---+
agent's action is:  pick up key
Room 2 | has_key=0
+---+---+---+---+---+---+---+---+---+---+
| . | . | . | . | D | . | . | . | . | . |
+---+---+---+---+---+---+---+---+---+---+
| . | . | . | . | . | . | . | . | . | . |
+---+---+---+---+---+---+---+---+---+---+
| . | . | . | . | . | . | . | . | . | . |
+---+---+---+---+---+---+---+---+---+---+
| . | . | . | . | . | . | . | . | . | . |
+---+---+---+---+---+---+---+---+---+---+
| . | . | . | . | . | . | . | . | . | . |
+---+---+---+---+---+---+---+---+---+---+
| . | . | . | . | . | . | . | . | . | . |
+---+---+---+---+---+---+---+---+---+---+
| . | . | . | . | . | . | . | A | . | . |
+---+---+---+---+---+---+---+---+---+---+
| . | . | . | . | . | . | . | . | . | . |
+---+---+---+---+---+---+---+---+---+---+
| . | . | . | . | . | . | . | . | . | . |
+---+---+---+---+---+---+---+---+---+---+
| . | . | . | . | . | . | . | . | . | . |
+---+---+---+---+---+---+---+---+---+---+
agent's action is:  pick up key
Room 2 | has_key=0
+---+---+---+---+---+---+---+---+---+---+
| . | . | . | . | D | . | . | . | . | . |
+---+---+---+---+---+---+---+---+---+---+
| . | . | . | . | . | . | . | . | . | . |
+---+---+---+---+---+---+---+---+---+---+
| . | . | . | . | . | . | . | . | . | . |
+---+---+---+---+---+---+---+---+---+---+
| . | . | . | . | . | . | . | . | . | . |
+---+---+---+---+---+---+---+---+---+---+
| . | . | . | . | . | . | . | . | . | . |
+---+---+---+---+---+---+---+---+---+---+
| . | . | . | . | . | . | . | . | . | . |
+---+---+---+---+---+---+---+---+---+---+
| . | . | . | . | . | . | . | A | . | . |
+---+---+---+---+---+---+---+---+---+---+
| . | . | . | . | . | . | . | . | . | . |
+---+---+---+---+---+---+---+---+---+---+
| . | . | . | . | . | . | . | . | . | . |
+---+---+---+---+---+---+---+---+---+---+
| . | . | . | . | . | . | . | . | . | . |
+---+---+---+---+---+---+---+---+---+---+
agent's action is:  pick up key
Room 2 | has_key=0
+---+---+---+---+---+---+---+---+---+---+
| . | . | . | . | D | . | . | . | . | . |
+---+---+---+---+---+---+---+---+---+---+
| . | . | . | . | . | . | . | . | . | . |
+---+---+---+---+---+---+---+---+---+---+
| . | . | . | . | . | . | . | . | . | . |
+---+---+---+---+---+---+---+---+---+---+
| . | . | . | . | . | . | . | . | . | . |
+---+---+---+---+---+---+---+---+---+---+
| . | . | . | . | . | . | . | . | . | . |
+---+---+---+---+---+---+---+---+---+---+
| . | . | . | . | . | . | . | . | . | . |
+---+---+---+---+---+---+---+---+---+---+
| . | . | . | . | . | . | . | A | . | . |
+---+---+---+---+---+---+---+---+---+---+
| . | . | . | . | . | . | . | . | . | . |
+---+---+---+---+---+---+---+---+---+---+
| . | . | . | . | . | . | . | . | . | . |
+---+---+---+---+---+---+---+---+---+---+
| . | . | . | . | . | . | . | . | . | . |
+---+---+---+---+---+---+---+---+---+---+
agent's action is:  pick up key
Room 2 | has_key=0
+---+---+---+---+---+---+---+---+---+---+
| . | . | . | . | D | . | . | . | . | . |
+---+---+---+---+---+---+---+---+---+---+
| . | . | . | . | . | . | . | . | . | . |
+---+---+---+---+---+---+---+---+---+---+
| . | . | . | . | . | . | . | . | . | . |
+---+---+---+---+---+---+---+---+---+---+
| . | . | . | . | . | . | . | . | . | . |
+---+---+---+---+---+---+---+---+---+---+
| . | . | . | . | . | . | . | . | . | . |
+---+---+---+---+---+---+---+---+---+---+
| . | . | . | . | . | . | . | . | . | . |
+---+---+---+---+---+---+---+---+---+---+
| . | . | . | . | . | . | . | A | . | . |
+---+---+---+---+---+---+---+---+---+---+
| . | . | . | . | . | . | . | . | . | . |
+---+---+---+---+---+---+---+---+---+---+
| . | . | . | . | . | . | . | . | . | . |
+---+---+---+---+---+---+---+---+---+---+
| . | . | . | . | . | . | . | . | . | . |
+---+---+---+---+---+---+---+---+---+---+
agent's action is:  pick up key
Room 2 | has_key=0
+---+---+---+---+---+---+---+---+---+---+
| . | . | . | . | D | . | . | . | . | . |
+---+---+---+---+---+---+---+---+---+---+
| . | . | . | . | . | . | . | . | . | . |
+---+---+---+---+---+---+---+---+---+---+
| . | . | . | . | . | . | . | . | . | . |
+---+---+---+---+---+---+---+---+---+---+
| . | . | . | . | . | . | . | . | . | . |
+---+---+---+---+---+---+---+---+---+---+
| . | . | . | . | . | . | . | . | . | . |
+---+---+---+---+---+---+---+---+---+---+
| . | . | . | . | . | . | . | . | . | . |
+---+---+---+---+---+---+---+---+---+---+
| . | . | . | . | . | . | . | A | . | . |
+---+---+---+---+---+---+---+---+---+---+
| . | . | . | . | . | . | . | . | . | . |
+---+---+---+---+---+---+---+---+---+---+
| . | . | . | . | . | . | . | . | . | . |
+---+---+---+---+---+---+---+---+---+---+
| . | . | . | . | . | . | . | . | . | . |
+---+---+---+---+---+---+---+---+---+---+
agent's action is:  pick up key

=== Evaluation (testing on size 7 - in-distribution) ===

Evaluating dt_ground_truth_5_7_norm on size 7...
Room 0 | has_key=0
+---+---+---+---+---+---+---+
| . | . | . | . | . | . | . |
+---+---+---+---+---+---+---+
| . | . | . | . | . | . | . |
+---+---+---+---+---+---+---+
| . | . | . | . | . | . | . |
+---+---+---+---+---+---+---+
| . | . | . | . | . | . | . |
+---+---+---+---+---+---+---+
| . | . | . | . | . | . | . |
+---+---+---+---+---+---+---+
| . | . | . | . | . | K | . |
+---+---+---+---+---+---+---+
| A | . | . | . | . | . | . |
+---+---+---+---+---+---+---+
agent's action is:  up
Room 0 | has_key=0
+---+---+---+---+---+---+---+
| . | . | . | . | . | . | . |
+---+---+---+---+---+---+---+
| . | . | . | . | . | . | . |
+---+---+---+---+---+---+---+
| . | . | . | . | . | . | . |
+---+---+---+---+---+---+---+
| . | . | . | . | . | . | . |
+---+---+---+---+---+---+---+
| . | . | . | . | . | . | . |
+---+---+---+---+---+---+---+
| A | . | . | . | . | K | . |
+---+---+---+---+---+---+---+
| . | . | . | . | . | . | . |
+---+---+---+---+---+---+---+
agent's action is:  right
Room 0 | has_key=0
+---+---+---+---+---+---+---+
| . | . | . | . | . | . | . |
+---+---+---+---+---+---+---+
| . | . | . | . | . | . | . |
+---+---+---+---+---+---+---+
| . | . | . | . | . | . | . |
+---+---+---+---+---+---+---+
| . | . | . | . | . | . | . |
+---+---+---+---+---+---+---+
| . | . | . | . | . | . | . |
+---+---+---+---+---+---+---+
| . | A | . | . | . | K | . |
+---+---+---+---+---+---+---+
| . | . | . | . | . | . | . |
+---+---+---+---+---+---+---+
agent's action is:  right
Room 0 | has_key=0
+---+---+---+---+---+---+---+
| . | . | . | . | . | . | . |
+---+---+---+---+---+---+---+
| . | . | . | . | . | . | . |
+---+---+---+---+---+---+---+
| . | . | . | . | . | . | . |
+---+---+---+---+---+---+---+
| . | . | . | . | . | . | . |
+---+---+---+---+---+---+---+
| . | . | . | . | . | . | . |
+---+---+---+---+---+---+---+
| . | . | A | . | . | K | . |
+---+---+---+---+---+---+---+
| . | . | . | . | . | . | . |
+---+---+---+---+---+---+---+
agent's action is:  right
Room 0 | has_key=0
+---+---+---+---+---+---+---+
| . | . | . | . | . | . | . |
+---+---+---+---+---+---+---+
| . | . | . | . | . | . | . |
+---+---+---+---+---+---+---+
| . | . | . | . | . | . | . |
+---+---+---+---+---+---+---+
| . | . | . | . | . | . | . |
+---+---+---+---+---+---+---+
| . | . | . | . | . | . | . |
+---+---+---+---+---+---+---+
| . | . | . | A | . | K | . |
+---+---+---+---+---+---+---+
| . | . | . | . | . | . | . |
+---+---+---+---+---+---+---+
agent's action is:  right
Room 0 | has_key=0
+---+---+---+---+---+---+---+
| . | . | . | . | . | . | . |
+---+---+---+---+---+---+---+
| . | . | . | . | . | . | . |
+---+---+---+---+---+---+---+
| . | . | . | . | . | . | . |
+---+---+---+---+---+---+---+
| . | . | . | . | . | . | . |
+---+---+---+---+---+---+---+
| . | . | . | . | . | . | . |
+---+---+---+---+---+---+---+
| . | . | . | . | A | K | . |
+---+---+---+---+---+---+---+
| . | . | . | . | . | . | . |
+---+---+---+---+---+---+---+
agent's action is:  right
Room 0 | has_key=0
+---+---+---+---+---+---+---+
| . | . | . | . | . | . | . |
+---+---+---+---+---+---+---+
| . | . | . | . | . | . | . |
+---+---+---+---+---+---+---+
| . | . | . | . | . | . | . |
+---+---+---+---+---+---+---+
| . | . | . | . | . | . | . |
+---+---+---+---+---+---+---+
| . | . | . | . | . | . | . |
+---+---+---+---+---+---+---+
| . | . | . | . | . | A | . |
+---+---+---+---+---+---+---+
| . | . | . | . | . | . | . |
+---+---+---+---+---+---+---+
agent's action is:  pick up key
Room 0 | has_key=1
+---+---+---+---+---+---+---+
| . | . | . | . | . | . | . |
+---+---+---+---+---+---+---+
| . | . | . | . | . | . | . |
+---+---+---+---+---+---+---+
| . | . | . | . | . | . | . |
+---+---+---+---+---+---+---+
| . | . | . | . | . | . | . |
+---+---+---+---+---+---+---+
| . | . | . | . | . | . | . |
+---+---+---+---+---+---+---+
| . | . | . | . | . | A | . |
+---+---+---+---+---+---+---+
| . | . | . | . | . | . | . |
+---+---+---+---+---+---+---+
agent's action is:  up
Room 0 | has_key=1
+---+---+---+---+---+---+---+
| . | . | . | . | . | . | . |
+---+---+---+---+---+---+---+
| . | . | . | . | . | . | . |
+---+---+---+---+---+---+---+
| . | . | . | . | . | . | . |
+---+---+---+---+---+---+---+
| . | . | . | . | . | . | . |
+---+---+---+---+---+---+---+
| . | . | . | . | . | A | . |
+---+---+---+---+---+---+---+
| . | . | . | . | . | . | . |
+---+---+---+---+---+---+---+
| . | . | . | . | . | . | . |
+---+---+---+---+---+---+---+
agent's action is:  up
Room 0 | has_key=1
+---+---+---+---+---+---+---+
| . | . | . | . | . | . | . |
+---+---+---+---+---+---+---+
| . | . | . | . | . | . | . |
+---+---+---+---+---+---+---+
| . | . | . | . | . | . | . |
+---+---+---+---+---+---+---+
| . | . | . | . | . | A | . |
+---+---+---+---+---+---+---+
| . | . | . | . | . | . | . |
+---+---+---+---+---+---+---+
| . | . | . | . | . | . | . |
+---+---+---+---+---+---+---+
| . | . | . | . | . | . | . |
+---+---+---+---+---+---+---+
agent's action is:  up
Room 0 | has_key=1
+---+---+---+---+---+---+---+
| . | . | . | . | . | . | . |
+---+---+---+---+---+---+---+
| . | . | . | . | . | . | . |
+---+---+---+---+---+---+---+
| . | . | . | . | . | A | . |
+---+---+---+---+---+---+---+
| . | . | . | . | . | . | . |
+---+---+---+---+---+---+---+
| . | . | . | . | . | . | . |
+---+---+---+---+---+---+---+
| . | . | . | . | . | . | . |
+---+---+---+---+---+---+---+
| . | . | . | . | . | . | . |
+---+---+---+---+---+---+---+
agent's action is:  up
Room 0 | has_key=1
+---+---+---+---+---+---+---+
| . | . | . | . | . | . | . |
+---+---+---+---+---+---+---+
| . | . | . | . | . | A | . |
+---+---+---+---+---+---+---+
| . | . | . | . | . | . | . |
+---+---+---+---+---+---+---+
| . | . | . | . | . | . | . |
+---+---+---+---+---+---+---+
| . | . | . | . | . | . | . |
+---+---+---+---+---+---+---+
| . | . | . | . | . | . | . |
+---+---+---+---+---+---+---+
| . | . | . | . | . | . | . |
+---+---+---+---+---+---+---+
agent's action is:  up
Room 0 | has_key=1
+---+---+---+---+---+---+---+
| . | . | . | . | . | A | . |
+---+---+---+---+---+---+---+
| . | . | . | . | . | . | . |
+---+---+---+---+---+---+---+
| . | . | . | . | . | . | . |
+---+---+---+---+---+---+---+
| . | . | . | . | . | . | . |
+---+---+---+---+---+---+---+
| . | . | . | . | . | . | . |
+---+---+---+---+---+---+---+
| . | . | . | . | . | . | . |
+---+---+---+---+---+---+---+
| . | . | . | . | . | . | . |
+---+---+---+---+---+---+---+
agent's action is:  up
Room 0 | has_key=1
+---+---+---+---+---+---+---+
| . | . | . | . | . | A | . |
+---+---+---+---+---+---+---+
| . | . | . | . | . | . | . |
+---+---+---+---+---+---+---+
| . | . | . | . | . | . | . |
+---+---+---+---+---+---+---+
| . | . | . | . | . | . | . |
+---+---+---+---+---+---+---+
| . | . | . | . | . | . | . |
+---+---+---+---+---+---+---+
| . | . | . | . | . | . | . |
+---+---+---+---+---+---+---+
| . | . | . | . | . | . | . |
+---+---+---+---+---+---+---+
agent's action is:  up
Room 1 | has_key=1
+---+---+---+---+---+---+---+
| . | . | . | . | . | . | . |
+---+---+---+---+---+---+---+
| . | . | . | . | . | . | . |
+---+---+---+---+---+---+---+
| . | . | . | . | . | . | . |
+---+---+---+---+---+---+---+
| . | . | . | . | . | . | . |
+---+---+---+---+---+---+---+
| . | . | . | . | . | . | . |
+---+---+---+---+---+---+---+
| . | . | . | . | . | . | . |
+---+---+---+---+---+---+---+
| A | . | . | . | . | . | . |
+---+---+---+---+---+---+---+
agent's action is:  up
Room 1 | has_key=1
+---+---+---+---+---+---+---+
| . | . | . | . | . | . | . |
+---+---+---+---+---+---+---+
| . | . | . | . | . | . | . |
+---+---+---+---+---+---+---+
| . | . | . | . | . | . | . |
+---+---+---+---+---+---+---+
| . | . | . | . | . | . | . |
+---+---+---+---+---+---+---+
| . | . | . | . | . | . | . |
+---+---+---+---+---+---+---+
| A | . | . | . | . | . | . |
+---+---+---+---+---+---+---+
| . | . | . | . | . | . | . |
+---+---+---+---+---+---+---+
agent's action is:  up
Room 1 | has_key=1
+---+---+---+---+---+---+---+
| . | . | . | . | . | . | . |
+---+---+---+---+---+---+---+
| . | . | . | . | . | . | . |
+---+---+---+---+---+---+---+
| . | . | . | . | . | . | . |
+---+---+---+---+---+---+---+
| . | . | . | . | . | . | . |
+---+---+---+---+---+---+---+
| A | . | . | . | . | . | . |
+---+---+---+---+---+---+---+
| . | . | . | . | . | . | . |
+---+---+---+---+---+---+---+
| . | . | . | . | . | . | . |
+---+---+---+---+---+---+---+
agent's action is:  up
Room 1 | has_key=1
+---+---+---+---+---+---+---+
| . | . | . | . | . | . | . |
+---+---+---+---+---+---+---+
| . | . | . | . | . | . | . |
+---+---+---+---+---+---+---+
| . | . | . | . | . | . | . |
+---+---+---+---+---+---+---+
| A | . | . | . | . | . | . |
+---+---+---+---+---+---+---+
| . | . | . | . | . | . | . |
+---+---+---+---+---+---+---+
| . | . | . | . | . | . | . |
+---+---+---+---+---+---+---+
| . | . | . | . | . | . | . |
+---+---+---+---+---+---+---+
agent's action is:  up
Room 1 | has_key=1
+---+---+---+---+---+---+---+
| . | . | . | . | . | . | . |
+---+---+---+---+---+---+---+
| . | . | . | . | . | . | . |
+---+---+---+---+---+---+---+
| A | . | . | . | . | . | . |
+---+---+---+---+---+---+---+
| . | . | . | . | . | . | . |
+---+---+---+---+---+---+---+
| . | . | . | . | . | . | . |
+---+---+---+---+---+---+---+
| . | . | . | . | . | . | . |
+---+---+---+---+---+---+---+
| . | . | . | . | . | . | . |
+---+---+---+---+---+---+---+
agent's action is:  up
Room 1 | has_key=1
+---+---+---+---+---+---+---+
| . | . | . | . | . | . | . |
+---+---+---+---+---+---+---+
| A | . | . | . | . | . | . |
+---+---+---+---+---+---+---+
| . | . | . | . | . | . | . |
+---+---+---+---+---+---+---+
| . | . | . | . | . | . | . |
+---+---+---+---+---+---+---+
| . | . | . | . | . | . | . |
+---+---+---+---+---+---+---+
| . | . | . | . | . | . | . |
+---+---+---+---+---+---+---+
| . | . | . | . | . | . | . |
+---+---+---+---+---+---+---+
agent's action is:  up
Room 1 | has_key=1
+---+---+---+---+---+---+---+
| A | . | . | . | . | . | . |
+---+---+---+---+---+---+---+
| . | . | . | . | . | . | . |
+---+---+---+---+---+---+---+
| . | . | . | . | . | . | . |
+---+---+---+---+---+---+---+
| . | . | . | . | . | . | . |
+---+---+---+---+---+---+---+
| . | . | . | . | . | . | . |
+---+---+---+---+---+---+---+
| . | . | . | . | . | . | . |
+---+---+---+---+---+---+---+
| . | . | . | . | . | . | . |
+---+---+---+---+---+---+---+
agent's action is:  up
Room 1 | has_key=1
+---+---+---+---+---+---+---+
| A | . | . | . | . | . | . |
+---+---+---+---+---+---+---+
| . | . | . | . | . | . | . |
+---+---+---+---+---+---+---+
| . | . | . | . | . | . | . |
+---+---+---+---+---+---+---+
| . | . | . | . | . | . | . |
+---+---+---+---+---+---+---+
| . | . | . | . | . | . | . |
+---+---+---+---+---+---+---+
| . | . | . | . | . | . | . |
+---+---+---+---+---+---+---+
| . | . | . | . | . | . | . |
+---+---+---+---+---+---+---+
agent's action is:  up
Room 1 | has_key=1
+---+---+---+---+---+---+---+
| A | . | . | . | . | . | . |
+---+---+---+---+---+---+---+
| . | . | . | . | . | . | . |
+---+---+---+---+---+---+---+
| . | . | . | . | . | . | . |
+---+---+---+---+---+---+---+
| . | . | . | . | . | . | . |
+---+---+---+---+---+---+---+
| . | . | . | . | . | . | . |
+---+---+---+---+---+---+---+
| . | . | . | . | . | . | . |
+---+---+---+---+---+---+---+
| . | . | . | . | . | . | . |
+---+---+---+---+---+---+---+
agent's action is:  up
Room 1 | has_key=1
+---+---+---+---+---+---+---+
| A | . | . | . | . | . | . |
+---+---+---+---+---+---+---+
| . | . | . | . | . | . | . |
+---+---+---+---+---+---+---+
| . | . | . | . | . | . | . |
+---+---+---+---+---+---+---+
| . | . | . | . | . | . | . |
+---+---+---+---+---+---+---+
| . | . | . | . | . | . | . |
+---+---+---+---+---+---+---+
| . | . | . | . | . | . | . |
+---+---+---+---+---+---+---+
| . | . | . | . | . | . | . |
+---+---+---+---+---+---+---+
agent's action is:  up
Room 1 | has_key=1
+---+---+---+---+---+---+---+
| A | . | . | . | . | . | . |
+---+---+---+---+---+---+---+
| . | . | . | . | . | . | . |
+---+---+---+---+---+---+---+
| . | . | . | . | . | . | . |
+---+---+---+---+---+---+---+
| . | . | . | . | . | . | . |
+---+---+---+---+---+---+---+
| . | . | . | . | . | . | . |
+---+---+---+---+---+---+---+
| . | . | . | . | . | . | . |
+---+---+---+---+---+---+---+
| . | . | . | . | . | . | . |
+---+---+---+---+---+---+---+
agent's action is:  up
Room 1 | has_key=1
+---+---+---+---+---+---+---+
| A | . | . | . | . | . | . |
+---+---+---+---+---+---+---+
| . | . | . | . | . | . | . |
+---+---+---+---+---+---+---+
| . | . | . | . | . | . | . |
+---+---+---+---+---+---+---+
| . | . | . | . | . | . | . |
+---+---+---+---+---+---+---+
| . | . | . | . | . | . | . |
+---+---+---+---+---+---+---+
| . | . | . | . | . | . | . |
+---+---+---+---+---+---+---+
| . | . | . | . | . | . | . |
+---+---+---+---+---+---+---+
agent's action is:  up
Room 1 | has_key=1
+---+---+---+---+---+---+---+
| A | . | . | . | . | . | . |
+---+---+---+---+---+---+---+
| . | . | . | . | . | . | . |
+---+---+---+---+---+---+---+
| . | . | . | . | . | . | . |
+---+---+---+---+---+---+---+
| . | . | . | . | . | . | . |
+---+---+---+---+---+---+---+
| . | . | . | . | . | . | . |
+---+---+---+---+---+---+---+
| . | . | . | . | . | . | . |
+---+---+---+---+---+---+---+
| . | . | . | . | . | . | . |
+---+---+---+---+---+---+---+
agent's action is:  up
Room 1 | has_key=1
+---+---+---+---+---+---+---+
| A | . | . | . | . | . | . |
+---+---+---+---+---+---+---+
| . | . | . | . | . | . | . |
+---+---+---+---+---+---+---+
| . | . | . | . | . | . | . |
+---+---+---+---+---+---+---+
| . | . | . | . | . | . | . |
+---+---+---+---+---+---+---+
| . | . | . | . | . | . | . |
+---+---+---+---+---+---+---+
| . | . | . | . | . | . | . |
+---+---+---+---+---+---+---+
| . | . | . | . | . | . | . |
+---+---+---+---+---+---+---+
agent's action is:  up
Room 2 | has_key=1
+---+---+---+---+---+---+---+
| . | . | . | D | . | . | . |
+---+---+---+---+---+---+---+
| . | . | . | . | . | . | . |
+---+---+---+---+---+---+---+
| . | . | . | . | . | . | . |
+---+---+---+---+---+---+---+
| . | . | . | . | . | . | . |
+---+---+---+---+---+---+---+
| . | . | . | . | . | . | . |
+---+---+---+---+---+---+---+
| . | . | . | . | . | . | . |
+---+---+---+---+---+---+---+
| A | . | . | . | . | . | . |
+---+---+---+---+---+---+---+
agent's action is:  up
Room 2 | has_key=1
+---+---+---+---+---+---+---+
| . | . | . | D | . | . | . |
+---+---+---+---+---+---+---+
| . | . | . | . | . | . | . |
+---+---+---+---+---+---+---+
| . | . | . | . | . | . | . |
+---+---+---+---+---+---+---+
| . | . | . | . | . | . | . |
+---+---+---+---+---+---+---+
| . | . | . | . | . | . | . |
+---+---+---+---+---+---+---+
| A | . | . | . | . | . | . |
+---+---+---+---+---+---+---+
| . | . | . | . | . | . | . |
+---+---+---+---+---+---+---+
agent's action is:  up
Room 2 | has_key=1
+---+---+---+---+---+---+---+
| . | . | . | D | . | . | . |
+---+---+---+---+---+---+---+
| . | . | . | . | . | . | . |
+---+---+---+---+---+---+---+
| . | . | . | . | . | . | . |
+---+---+---+---+---+---+---+
| . | . | . | . | . | . | . |
+---+---+---+---+---+---+---+
| A | . | . | . | . | . | . |
+---+---+---+---+---+---+---+
| . | . | . | . | . | . | . |
+---+---+---+---+---+---+---+
| . | . | . | . | . | . | . |
+---+---+---+---+---+---+---+
agent's action is:  up
Room 2 | has_key=1
+---+---+---+---+---+---+---+
| . | . | . | D | . | . | . |
+---+---+---+---+---+---+---+
| . | . | . | . | . | . | . |
+---+---+---+---+---+---+---+
| . | . | . | . | . | . | . |
+---+---+---+---+---+---+---+
| A | . | . | . | . | . | . |
+---+---+---+---+---+---+---+
| . | . | . | . | . | . | . |
+---+---+---+---+---+---+---+
| . | . | . | . | . | . | . |
+---+---+---+---+---+---+---+
| . | . | . | . | . | . | . |
+---+---+---+---+---+---+---+
agent's action is:  up
Room 2 | has_key=1
+---+---+---+---+---+---+---+
| . | . | . | D | . | . | . |
+---+---+---+---+---+---+---+
| . | . | . | . | . | . | . |
+---+---+---+---+---+---+---+
| A | . | . | . | . | . | . |
+---+---+---+---+---+---+---+
| . | . | . | . | . | . | . |
+---+---+---+---+---+---+---+
| . | . | . | . | . | . | . |
+---+---+---+---+---+---+---+
| . | . | . | . | . | . | . |
+---+---+---+---+---+---+---+
| . | . | . | . | . | . | . |
+---+---+---+---+---+---+---+
agent's action is:  up
Room 2 | has_key=1
+---+---+---+---+---+---+---+
| . | . | . | D | . | . | . |
+---+---+---+---+---+---+---+
| A | . | . | . | . | . | . |
+---+---+---+---+---+---+---+
| . | . | . | . | . | . | . |
+---+---+---+---+---+---+---+
| . | . | . | . | . | . | . |
+---+---+---+---+---+---+---+
| . | . | . | . | . | . | . |
+---+---+---+---+---+---+---+
| . | . | . | . | . | . | . |
+---+---+---+---+---+---+---+
| . | . | . | . | . | . | . |
+---+---+---+---+---+---+---+
agent's action is:  up
Room 2 | has_key=1
+---+---+---+---+---+---+---+
| A | . | . | D | . | . | . |
+---+---+---+---+---+---+---+
| . | . | . | . | . | . | . |
+---+---+---+---+---+---+---+
| . | . | . | . | . | . | . |
+---+---+---+---+---+---+---+
| . | . | . | . | . | . | . |
+---+---+---+---+---+---+---+
| . | . | . | . | . | . | . |
+---+---+---+---+---+---+---+
| . | . | . | . | . | . | . |
+---+---+---+---+---+---+---+
| . | . | . | . | . | . | . |
+---+---+---+---+---+---+---+
agent's action is:  right
Room 2 | has_key=1
+---+---+---+---+---+---+---+
| . | A | . | D | . | . | . |
+---+---+---+---+---+---+---+
| . | . | . | . | . | . | . |
+---+---+---+---+---+---+---+
| . | . | . | . | . | . | . |
+---+---+---+---+---+---+---+
| . | . | . | . | . | . | . |
+---+---+---+---+---+---+---+
| . | . | . | . | . | . | . |
+---+---+---+---+---+---+---+
| . | . | . | . | . | . | . |
+---+---+---+---+---+---+---+
| . | . | . | . | . | . | . |
+---+---+---+---+---+---+---+
agent's action is:  right
Room 2 | has_key=1
+---+---+---+---+---+---+---+
| . | . | A | D | . | . | . |
+---+---+---+---+---+---+---+
| . | . | . | . | . | . | . |
+---+---+---+---+---+---+---+
| . | . | . | . | . | . | . |
+---+---+---+---+---+---+---+
| . | . | . | . | . | . | . |
+---+---+---+---+---+---+---+
| . | . | . | . | . | . | . |
+---+---+---+---+---+---+---+
| . | . | . | . | . | . | . |
+---+---+---+---+---+---+---+
| . | . | . | . | . | . | . |
+---+---+---+---+---+---+---+
agent's action is:  right
Room 2 | has_key=1
+---+---+---+---+---+---+---+
| . | . | . | A | . | . | . |
+---+---+---+---+---+---+---+
| . | . | . | . | . | . | . |
+---+---+---+---+---+---+---+
| . | . | . | . | . | . | . |
+---+---+---+---+---+---+---+
| . | . | . | . | . | . | . |
+---+---+---+---+---+---+---+
| . | . | . | . | . | . | . |
+---+---+---+---+---+---+---+
| . | . | . | . | . | . | . |
+---+---+---+---+---+---+---+
| . | . | . | . | . | . | . |
+---+---+---+---+---+---+---+

All evaluations completed successfully!
